13616	46.084486	23.582668	Bloc ANL – str. Arieşului, nr. 235, bl. E 1, Alba Iulia
13617	46.071409	23.557064	Spitalul Judeţean de Urgenţă Alba – B-dul. Revoluţiei, nr. 2, Alba Iulia
13618	46.094252	23.60077	S.C. SEWS-R SRL Romania – Str. Alexandru Ioan Cuza, nr. 28b, Alba Iulia
13619	46.10831	23.584033	S.C. SATURN S.A. – str. Cabanei, nr. 57, Alba Iulia
13620	46.075027	23.580172	Sucursala CEC Alba – Bd. Vladimirescu Tudor, nr. 20, Alba Iulia
13621	46.077662	23.565842	Direcţia pentru Agricultură Judeţeană Alba – str. Calea Moţilor nr. 112, Alba Iulia
13622	46.063687	23.563915	Direcția Sanitar Veterinară Alba, - str. Lalelelor, nr. 7A, Alba Iulia
13623	46.171641	23.934022	S.C. Bosch Rexroth Blaj – Blaj, str. A. Vlaicu, nr. 2, Blaj
13624	45.956979	23.575226	Bloc locuinţe – Sebeş, str. Lucian Blaga, nr. 53, Sebeș
13625	45.971416	23.548896	S.C. Kronospan S.A. Sebeş – str. M. Kogălniceanu, nr. 59, Sebeș
13626	46.364106	23.049565	Judecătoria Cîmpeni – str. Horea, nr. 12, Cîmpeni
13627	46.161225	23.647809	S.C. Albalact S.A. Alba – D.N. 1, km. 392+600, Oiejdea
13628	46.398619	23.419434	Sediul Primărie Sălciua – str. Principală, nr. 62, Sălciua
13629	46.133885	23.636197	S.C. Transavia S.A. – Sediu administrativ, str. Blajului, nr. 244D, Sîntimbru
13630	46.124107	24.036588	Sediul Primăriei Valea Lungă – str. Victoriei, nr. 328B, Valea Lungă
13631	44.869806	24.844822	Str. Carol Davila nr.1, Pitești
13632	44.869806	24.844822	Str. Carol Davila nr.1, Pitești
13633	44.851811	24.880022	B-dul Republicii nr. 148, Pitești
13634	44.853281	24.876483	B-dul Republicii nr. 81, Pitești
13635	44.856186	24.869191	Str. Rahovei, Pitești
13636	44.855151	24.873704	B-dul Republicii nr. 90, Pitești
13637	44.846945	24.87407	Cartier Banat, bl. B8, sc. B, Pitești
13638	44.869389	24.855439	Str. Doctor Ștefan Odobleja nr. 1, bl. C7, sc. D, Pitești
13639	44.869225	24.855867	Str. Doctor Ștefan Odobleja nr. 1, bl. C7, sc. B, Pitești
13640	44.869072	24.856089	Str. Doctor Ștefan Odobleja nr. 1, bl. C7, sc. A, Pitești
13641	44.854986	24.876153	Piața Vasile Milea, nr. 4, Pitești
13642	44.848133	24.872286	Str. A.D. Xenopol, bl. A6, sc. G, Pitești
13643	44.848133	24.872286	Str. A.D. Xenopol, bl. A6, sc. H, Pitești
13644	44.846975	24.879933	Calea Craiovei, nr. 128, bl. 38, sc. A, Pitești
13645	44.836489	24.904142	Str. Horia, Cloșca și Crișan, nr. 13, bl. B18, sc. C, Pitești
13646	44.836133	24.904839	Str. Horia, Cloșca și Crișan, nr. 17, bl. B18, sc. B, Pitești
13647	44.836161	24.905256	Str. Horia, Cloșca și Crișan, bl. B16, sc. C, Pitești
13648	44.836161	24.905256	Str. Horia, Cloșca și Crișan, bl. B17, sc. B, Pitești
13649	44.836608	24.903744	Str. Horia, Cloșca și Crișan, nr. 15, bl. B17, sc. C, Pitești
13650	44.836589	24.904122	Str. Horia, Cloșca și Crișan, nr. 13, bl. B18, sc. D, Pitești
13651	44.837247	24.903608	Str. Horia, Cloșca și Crișan, nr. 11, bl. B19, sc. B, Pitești
13652	44.837161	24.903439	Str. Horia, Cloșca și Crișan, nr. 11, bl. B19, sc. C, Pitești
13653	44.837639	24.901686	Str. Horia, Cloșca și Crișan, nr. 6, bl. B24, sc. D, Pitești
13654	44.839364	24.900433	Str. Lânăriei, nr. 2, bl. B27, sc. B, Pitești
13655	44.839181	24.900281	Str. Lânăriei, nr. 2, bl. B27, sc. D, Pitești
13656	44.839161	24.900178	Str. Lânăriei, nr. 2, bl. B27, sc. E, Pitești
13657	44.845425	24.886094	Str. Smârdan nr. 42-44, Pitești
13658	44.847053	24.887744	B-dul Republicii, nr. 149-151, Pitești
13659	44.854728	24.871022	Str. Armand Călinescu, nr. 44, Pitești
13660	44.857942	24.871578	Str. Victoriei, nr. 18, Pitești
13661	44.840344	24.877556	Str. Vasile Pârvan, nr. 1, Pitești
13662	44.840344	24.877556	Str. Vasile Pârvan, nr. 1, Pitești
13663	44.840344	24.877556	Str. Vasile Pârvan, nr. 1, Pitești
13664	44.830911	24.909669	B-dul Petrochimiştilor, nr. 23, Pitești
13665	44.826272	24.913467	B-dul Petrochimiştilor, nr. 22, Pitești
13666	44.836443	24.903346	Str. Horia, Cloșca și Crișan, nr. 8, bl. B20, sc. D, Pitești
13667	44.836442	24.903342	Str. Horia, Cloșca și Crișan, nr. 8, bl. B20, sc. A, Pitești
13668	44.838097	24.899194	B-dul Petrochimiştilor, nr. 9, bl. B28, sc. A, Pitești
13669	44.838078	24.899925	B-dul Petrochimiştilor, nr. 9, bl. B28, sc. B, Pitești
13670	44.836972	24.901571	B-dul Petrochimiştilor, bl. B22, sc. C, Pitești
13671	44.836969	24.901569	B-dul Petrochimiştilor, bl. B22, sc. A, Pitești
13672	44.836967	24.900875	B-dul Petrochimiştilor, bl. B22, sc. B, Pitești
13673	44.836167	24.901897	B-dul Petrochimiştilor, bl. B21, sc. D, Pitești
13674	44.836169	24.90165	B-dul Petrochimiştilor, bl. B21, sc. E, Pitești
13675	44.83645	24.901719	B-dul Petrochimiştilor, bl. B21, sc. F, Pitești
13676	44.847029	24.87081	Str. Banat, nr. 15, bloc B3, sc. A, Pitești
13677	44.846935	24.871437	Str. Banat, nr. 10, bloc B4, sc. C, Pitești
13678	44.846026	24.872334	Str. Banat, bloc B1, sc. A, Pitești
13679	44.846681	24.871489	Str. Banat, bloc B2, sc. A, Pitești
13680	44.847428	24.873159	Str. Banat, bloc B9, sc. B, Pitești
13681	44.849445	24.868141	Str. Banat, bloc B14, sc. B, Pitești
13682	44.848263	24.872612	Str. A.D. Xenopol, bloc A6, sc. G, Pitești
13683	44.848098	24.872389	Str. A.D. Xenopol, bloc A6, sc. H, Pitești
13684	44.847846	24.872186	Str. A.D. Xenopol, bloc A4A, sc. B, Pitești
13685	44.848014	24.872454	Str. A.D. Xenopol, bloc A4A, sc. A, Pitești
13686	44.846805	24.873594	Str. Banat, bloc 7A, sc B, Pitești
13687	44.857496	24.87786	Str. I.C. Brătianu, bloc A10, sc. A, Pitești
13688	44.857624	24.876704	Str. I.C. Brătianu, bloc A2, sc. A, Pitești
13689	44.857934	24.876905	Str. I.C. Brătianu, bloc A4, sc. A, Pitești
13690	44.857561	24.877773	Str. I.C. Brătianu, bloc A9, sc. A, Pitești
13691	44.857444	24.877506	Str. I.C. Brătianu, bloc A8, sc. A, Pitești
13692	44.850041	24.869392	Str. Transilvania, nr. 1, bloc D3, sc. F, Pitești
13693	44.873278	24.839381	Str. Paltinului, nr. 20, bl. D14, sc. A, Pitești
13694	44.873358	24.839381	Str. Paltinului, nr. 20, bl. D14, sc. C, Pitești
13695	44.873925	24.839396	Str. Paltinului, nr. 20, bl. D14, sc. D, Pitești
13696	44.874614	24.839031	Str. Paltinului, bl. A37, sc. B, Pitești
13697	44.874819	24.839336	Str. Paltinului, bl. A37, sc. A, Pitești
13698	44.873767	24.840903	Str. Alunului, nr. 27, bl. C17, sc. C, Pitești
13699	44.873336	24.841669	Str. Alunului, nr. 27, bl. C17, sc. A, Pitești
13700	44.87385	24.840344	Str. Alunului, nr. 27, bl. C17, sc. D, Pitești
13701	44.873708	24.841086	Str. Alunului, nr. 27, bl. C17, sc. B, Pitești
13702	44.874611	24.840778	Str. Alunului, nr. 52, bl. A41, sc. A, Pitești
13703	44.874678	24.840817	Str. Alunului, bl. 41, sc. A, Pitești
13704	44.874847	24.839956	Str. Alunului, nr. 54, bl. A40, sc. A, Pitești
13705	44.874644	24.840872	Str. Alunului, nr. 52, bl. A41, sc. B, Pitești
13706	44.832889	24.907167	B-dul Petrochimiştilor, nr. 18, bl. B2, sc. F, Pitești
13707	44.832889	24.907167	B-dul Petrochimiştilor, nr. 18, bl. B2, sc. G, Pitești
13708	44.832911	24.907036	B-dul Petrochimiştilor, nr. 18, bl. B2, sc. E, Pitești
13709	44.833175	24.907217	B-dul Petrochimiştilor, nr. 18, bl. B2, sc. D, Pitești
13710	44.833358	24.906233	B-dul Petrochimiştilor, nr. 18, bl. B2, sc. A, Pitești
13711	44.875622	24.840575	Str. Carpenului, nr. 17, bl. A41, sc. B, Pitești
13712	44.875181	24.839561	Str. Gârlei, nr. 3, bl. A39, sc. B, Pitești
13713	44.875461	24.839844	Str. Gârlei, nr. 3, bl. A39, sc. C, Pitești
13714	44.873367	24.840006	Str. Paltinului, nr. 20, bl. B1, sc. B, Pitești
13715	44.873181	24.84015	Str. Paltinului, nr. 8, bl. C15, sc. A, Pitești
13716	44.873311	24.840081	Str. Paltinului, nr. 10, bl. C16, sc. A, Pitești
13717	44.873075	24.839464	Str. Paltinului, nr. 10, bl. C16, sc. B, Pitești
13718	44.872847	24.840078	Str. Paltinului, nr. 8, bl. C15, sc. B, Pitești
13719	44.875358	24.840022	Str. Gârlei, nr. 3, bl. A39, sc. A, Pitești
13720	44.875661	24.840992	Str. Carpenului, nr. 17, bl. 41, sc. A, Pitești
13721	44.875661	24.840992	Str. Carpenului, nr. 17, bl. 41, sc. C, Pitești
13722	44.834125	24.905094	B-dul Petrochimiștilor, nr. 13, bl. B3, sc. B, Pitești
13723	44.834106	24.905094	B-dul Petrochimiștilor, nr. 13, bl. B3, sc. C, Pitești
13724	44.834908	24.904342	B-dul Petrochimiștilor, nr. 14, bl. B4, sc. C, Pitești
13725	44.834942	24.904156	B-dul Petrochimiștilor, nr. 14, bl. B4, sc. D, Pitești
13726	44.835108	24.903981	B-dul Petrochimiștilor, nr. 14, bl. B4, sc. E, Pitești
13727	44.837453	24.900731	B-dul Petrochimiștilor, nr. 11, bl. B23, sc. A, Pitești
13728	44.837622	24.900042	B-dul Petrochimiștilor, nr. 11, bl. B23, sc. C, Pitești
13729	44.837478	24.901292	B-dul Petrochimiștilor, nr. 11, bl. B23, sc. B, Pitești
13730	44.860278	24.870833	Str. I.C. Brătianu, nr. 48-52, Pitești
13731	44.860278	24.870833	Str. I.C. Brătianu, nr. 48-52, Pitești
13732	44.855833	24.873611	Str. Victoriei, nr. 12, Pitești
13733	44.865556	24.884622	Calea București, nr. 36, Pitești
13734	44.864167	24.877222	Calea București, nr. 31, Pitești
13735	44.856667	24.872222	Piața Muntenia, nr. 1, Pitești
13736	44.838102	24.882881	Calea Craiovei, nr. 160, Pitești
13737	44.883056	24.831944	Str. Dobrogeanu Gherea, nr. 1, Pitești
13738	44.885278	24.836667	Str. Dobrogeanu Gherea, nr. 2-4, Pitești
13739	44.843806	24.855164	Comuna Moșoaia nr. 2, bloc MS2- sc. D, Moșoaia
13740	44.843806	24.855164	Comuna Moșoaia nr. 2, bloc MS2- sc. D, Moșoaia
13741	44.843806	24.855164	Comuna Moșoaia nr. 2, bloc MS2- sc. D, Moșoaia
13742	44.843806	24.855164	Comuna Moșoaia nr. 2, bloc MS2- sc. D, Moșoaia
13743	44.816516	24.940229	Dn. 65B, km 3+250m, Bradu
13744	44.824567	24.905778	Sat Geamăna, zona Comercială nr. 16, Bradu
13745	44.809975	24.937214	Str. Petrochimiștilor nr. 1, Bradu
13746	44.815506	24.921467	Str. Petrochimiștilor, nr. 3, Bradu
13747	44.755329	24.975148	Str.Primăriei, nr. 459, Oarja
13748	44.710556	24.948056	Str. Principală, nr. 301, Suseni
13749	44.948333	24.879444	Str. Giurca, nr. 72, Micești
13750	44.950278	24.884167	Str. Calea Câmpului nr. 76B, Micești
13751	45.288261	25.048408	Str. Carpați, nr. 93, Câmpulung
13752	45.288061	25.048247	Str. Carpați, nr. 93, Câmpulung
13753	45.288406	25.047981	Str. Carpați, nr. 93, Câmpulung
13754	45.288531	25.047717	Str. Carpați, nr. 93, Câmpulung
13755	45.281167	25.052378	Str.Traian, nr. 223, Câmpulung
13756	45.2715	25.046194	Str. Istrate Rizeanu, nr. 4, Câmpulung
13757	45.28425	25.056503	Str. Matei Drăghiceanu, nr. 4, Câmpulung
13758	44.806667	25.080556	Str. Învățător Boielaru, Topoloveni
13759	44.809449	25.086777	Str. Zăvoiului, nr. 90, Topoloveni
13760	44.809449	25.086777	Str. Zăvoiului, nr. 90, Topoloveni
13761	44.809449	25.086777	Str. Zăvoiului, nr. 90, Topoloveni
13762	44.805651	25.071117	Str. Depozitelor, nr. 2, Topoloveni
13763	44.800833	25.083333	Str. Calea București, nr. 11, Topoloveni
13764	44.667884	24.877774	Aleea Gării, nr. 8, Costești
13765	44.945983	24.918161	Bulevardul Dacia, nr. 1, Mioveni
13766	44.953456	24.97235	Strada Câmpului, nr. 1, Mioveni
13767	44.953456	24.97235	Strada Câmpului, nr. 1, Mioveni
13768	44.945083	24.930853	Strada Uzinei, nr. 1-3, Mioveni
13769	44.945431	24.930589	Strada Uzinei, nr. 1-3, Mioveni
13770	44.950872	24.925311	Bulevardul Dacia, nr. 14A, Mioveni
13771	44.949067	24.921211	Bulevardul Dacia, nr. 148, Mioveni
13772	45.148444	24.677306	Str. Nevers, nr. 1, Curtea de Argeș
13773	45.160028	24.674056	Str. Unirii, Curtea de Argeș
13774	45.159139	24.673389	Str. Unirii, Curtea de Argeș
13775	45.158861	24.673472	Str. Unirii, Curtea de Argeș
13776	45.158611	24.673528	Str. Unirii, Curtea de Argeș
13777	45.158194	24.673444	Str. Unirii, Curtea de Argeș
13778	45.151111	24.673583	Str. 1 Decembrie 1918, Curtea de Argeș
13779	45.150425	24.678603	Str. Elena Cuza, Curtea de Argeș
13780	45.149167	24.678167	Str. Nevers, Curtea de Argeș
13781	45.14925	24.67825	Str. Nevers, Curtea de Argeș
13782	45.148556	24.678111	Str. Nevers, Curtea de Argeș
13783	44.968842	24.961414	B-dul Dacia, nr. 131A, Mioveni
13784	46.201391	21.299273	Str. Poetului, bl. A24, Arad
13785	46.202551	21.299377	Str.Brezoianu, Bl.A34, Sc.A, Arad
13786	46.197202	21.303415	str.Poetului, Bl.A37, Sc.A, Arad
13787	46.197202	21.303415	str.Poetului, Bl.A37, Sc.B, Arad
13788	46.202485	21.300433	str.Brezoianu, nr.6, bl.A 49, Sc.A, Arad
13789	46.201256	21.300752	str.Stupilor, nr.4, Bl.A54, Sc.A, Arad
13790	46.201256	21.300752	str.Stupilor, nr.4, Bl.A54, Sc.B, Arad
13791	46.201256	21.300752	str.Stupilor, nr.4, Bl.A54, Sc.C, Arad
13792	46.201301	21.301084	str.Tribunul Andreica, nr.4, Bl.A60, Sc.A, Arad
13793	46.201301	21.301084	str.Tribunul Andreica, nr.4, Bl.A60, Sc.B, Arad
13794	46.200847	21.29782	str.Luchian, nr.23, Bl.17, Sc.B, Arad
13795	46.199607	21.296406	str.Luchian, nr.32, Bl.C2, Arad
13796	46.201102	21.29708	str.Luchian, nr.30, Bl.C1, Sc.B, Arad
13797	46.194658	21.300205	Aleea Tomis, nr.3, Bl.X1, Arad
13798	46.19416	21.300228	Aleea Tomis, nr.5, Bl.X2, Arad
13799	46.193884	21.2999	Aleea Tomis, nr.7, Bl.X3, Arad
13800	46.193791	21.29645	Aleea Dezna, Bl.X11, Sc.A, Arad
13801	46.193791	21.29645	Aleea Dezna, Bl.X11, Sc.B, Arad
13802	46.193791	21.29645	Aleea Dezna, Bl.X11, Sc.C, Arad
13803	46.192374	21.300468	str.Școalei, nr.5, Bl.X28, Arad
13804	46.189464	21.301451	str.Școalei, nr.6, Bl.X29, Arad
13805	46.192253	21.300724	str.Școalei, nr.1, Bl.X34/1, Sc.A, Arad
13806	46.192253	21.300724	str.Școalei, nr.1, Bl.X34/1, Sc.B, Arad
13807	46.192253	21.300724	str.Școalei, nr.17, Bl.X34/2, Sc.A, Arad
13808	46.192253	21.300724	str.Școalei, nr.17, Bl.X34/2, Sc.B, Arad
13809	46.193483	21.303582	Aleea Neptun, Bl.Y1, Arad
13810	46.193483	21.303582	Aleea Neptun, Bl.Y2, Arad
13811	46.193637	21.302069	Aleea Neptun, Bl.Y3, Arad
13812	46.192926	21.30275	str.Obedenaru, Bl.Y9/A, Sc.A, Arad
13813	46.192926	21.30275	str.Obedenaru, Bl.Y9/A, Sc.B, Arad
13814	46.192926	21.30275	str.Obedenaru, Bl.Y9/B, Sc.A, Arad
13815	46.192926	21.30275	str.Obedenaru, Bl.Y9/B, Sc.B, Arad
13816	46.192954	21.3031	Str. Obedenaru, nr.11, Bl.Y14, Sc.A, Arad
13817	46.192954	21.3031	Str. Obedenaru, nr.11, Bl.Y14, Sc.B, Arad
13818	46.192954	21.3031	Str. Obedenaru, nr.11, Bl.Y14, Sc.C, Arad
13819	46.197728	21.300556	str.Călărașilor, Bl.Z3, Sc.A, Arad
13820	46.197728	21.300556	str.Călărașilor, Bl.Z3, Sc.C, Arad
13821	46.195547	21.303053	str.Fulgerului, Bl.Z8, Sc.A, Arad
13822	46.195547	21.303053	str.Fulgerului, Bl.Z8, Sc.C, Arad
13823	46.177731	21.346685	str.Abrud, nr.104, Bl.116, Arad
13824	46.178521	21.346188	Aleea .Zorelelor, nr.3, Bl.119, Arad
13825	46.178222	21.345741	str.Abrud, nr.110, Bl.121, Arad
13826	46.177994	21.346169	str.Abrud, nr.96, Bl.126, Arad
13827	46.177467	21.347509	str.Abrud, nr.102, Bl.131, Arad
13828	46.178811	21.348816	str.Simion Popa, nr.12, Bl.138, Arad
13829	46.178688	21.348365	str.Mioriței, nr.4, Bl.140, Arad
13830	46.173768	21.35042	str.Mioriței, nr.5, Bl.142, Arad
13831	46.178501	21.350217	str.Simion Popa, Bl.146, Arad
13832	46.178501	21.350217	str.Simion Popa, Bl.146, Arad
13833	46.178038	21.351971	str.Simion Popa, Bl.153, Arad
13834	46.176593	21.350872	str.Abrud, nr.91, Bl.171, Arad
13835	46.175534	21.350981	str.Săvîrşin, Bl.174, Arad
13836	46.175595	21.349856	str.Mioriței, nr.55, Bl.200, Arad
13837	46.173364	21.350679	str.Mioriței, nr.53, Bl.202, Arad
13838	46.176957	21.353037	str.Abrud, nr.221, Bl.84, Arad
13839	46.178909	21.349032	str.Simion Popa, nr.28, Bl.224, Arad
13840	46.171412	21.353597	str.Voinicilor, nr.41, Bl.509, Arad
13841	46.170554	21.351757	str.Zalău, nr.7, Bl.517, Arad
13842	46.170752	21.351334	str.Sighișoarei, nr.3, Bl.530, Sc.A, Arad
13843	46.17059	21.350523	str.Sighișoarei, nr.2, Bl.539, Sc.B, Arad
13844	46.1686	21.349717	str.Batiștei, nr.1, Bl.556, Sc.B, Arad
13845	46.168892	21.350118	str.Nucet, nr.8, Bl.563, Sc.A, Arad
13846	46.168748	21.350876	str.Nucet, nr.10, Bl.564, Sc.B, Arad
13847	46.168748	21.350876	str.Nucet, nr.10, Bl.564, Sc.C, Arad
13848	46.171076	21.346364	str.Ciuhandru, Bl.1 ANL, Arad
13849	46.17084	21.346281	str.Ciuhandru, Bl.2 ANL, Arad
13850	46.170646	21.34547	str.Ciuhandru, Bl.3 ANL, Arad
13851	46.170164	21.345931	str.Ciuhandru, Bl.4 ANL, Arad
13852	46.170351	21.346288	str.Ciuhandru, Bl.5 ANL, Arad
13853	46.170573	21.346346	str.Ciuhandru, Bl.6 ANL, Arad
13854	46.173899	21.347431	str.Titulescu, Bl.1 ANL, Arad
13855	46.173581	21.347336	str.Titulescu, Bl.2 ANL, Arad
13856	46.173327	21.347532	str.Titulescu, Bl.3 ANL, Arad
13857	46.189421	21.324074	Piața Gării, Bl.1, Arad
13858	46.176296	21.316548	str.Horia, nr.10, Bl.H2, Sc.B, Arad
13859	46.176289	21.31673	str.Horia, nr.10, Bl.H3, Sc.D, Arad
13860	46.176289	21.316676	str.Horia, nr.10, Bl.H4, Sc.G, Arad
13861	46.17725	21.320686	str.Blajului, nr.4, Arad
13862	46.166284	21.297258	str.Condurașilor, Bl.84, Sc.B, Arad
13863	46.166262	21.296625	str.Condurașilor, Bl.84, Sc.C, Arad
13864	46.141176	21.336499	str. Frunzei, nr. 2, Arad
13865	46.189685	21.319404	SC ASTRA RAIL INDUSTRIES SRL (PRIVAT) Arad, Calea Aurel<br />Vlaicu, 41-43, Arad
13866	46.183748	21.308519	SPITALUL JUDEȚEAN ARAD str.Spitalului, nr.1-3, Arad
13867	46.172609	21.346231	MAGAZIN COLUMBUS OERAȚIONAL MARKET str.Vasile Lucaciu,<br />nr.4, Arad
13868	46.208065	21.246529	SC JOYSON ROMÂNIA SRL, str. III, Zona industriala Vest nr. 9, Arad
13869	46.200953	21.288133	GALERIA MALL ARAD-SC MERCURY CENTER SRL Calea Aurel<br />Vlaicu, nr.225-235, Arad
13870	46.175807	21.365393	HOTEL MIKY SRL, Calea Radnei, nr.231, Arad
13871	46.199981	21.295311	PENNY – COMPLEX FORTUNA CENTER, str. Luchian, nr.1, Arad
13872	46.211167	21.256229	SC YAZAKY COMPONENT TECHNOLOGY SA, str.III -Zona<br />Industrială Arad Vest nr.4, Arad
13873	46.555851	26.885339	Str. Alexandru Șafran (CAEX), Bacău
13874	46.555851	26.885339	Str. Alexandru Șafran (CAEX) II, Bacău
13875	46.535385	26.91338	Str. Aviatorilor, Nr. 14/A1, Bacău
13876	46.535385	26.91338	Str. Aviatorilor, Nr. 14/A2, Bacău
13877	46.548762	26.919065	Str.Alecu Russo, Bl. 51 Sc. A1, Bacău
13878	46.548762	26.919066	Str.Alecu Russo, Bl. 51, Sc.A2, Bacău
13879	46.548762	26.919067	Str.Alecu Russo, Bl. 51, Sc.B1, Bacău
13880	46.548762	26.919068	Str.Alecu Russo, Bl. 51, Sc.B2, Bacău
13881	46.541367	26.914619	Str. Bucegi nr.138A sc. A, Bacău
13882	46.541367	26.914619	Str. Bucegi nr.138 sc.B, Bacău
13883	46.541836	26.914617	Str. Bucegi nr.136 A sc. A, Bacău
13884	46.541836	26.914618	Str. Bucegi nr.136B, Bacău
13885	46.540821	26.91485	Str. Bucegi nr.140 sc.A, Bacău
13886	46.540821	26.91485	str. Bucegi, nr. 140 A, sc. B, Bacău
13887	46.534869	26.919518	Str. Bicaz, nr. 154/C2, Bacău
13888	46.534869	26.919519	Str. Bicaz, nr. 154/C1, Bacău
13889	46.534869	26.91952	Str. Bicaz, nr. 154/D1, Bacău
13890	46.541043	26.917474	Str. Bicaz, nr. 130/A1, Bacău
13891	46.541043	26.917475	Str. Bicaz, nr. 130/A2, Bacău
13892	46.541043	26.917476	Str. Bicaz, nr. 130/B1, Bacău
13893	46.541043	26.917477	Str. Bicaz, nr. 130/B2, Bacău
13894	46.535733	26.9203	Str. Bicaz, nr. 148/A1, Bacău
13895	46.535733	26.920301	Str. Bicaz, nr. 148/A2, Bacău
13896	46.535733	26.920302	Str. Bicaz, nr. 148/B1, Bacău
13897	46.535733	26.920303	Str. Bicaz, nr. 148/B2, Bacău
13898	46.536396	26.920095	Str. Bicaz, nr. 146/C1, Bacău
13899	46.536396	26.920096	Str. Bicaz, nr. 146/C2, Bacău
13900	46.536396	26.920097	Str. Bicaz, nr. 146/B1, Bacău
13901	46.536396	26.920098	Str. Bicaz, nr. 146/B2, Bacău
13902	46.531669	26.921412	Str.Bicaz, Bl.166, Sc. C, Bacău
13903	46.536396	26.9201	Str.Bradului, Bl. 56 B, Bacău
13904	46.57635	26.91349	str. 22 Decembrie, bl. 3, sc. A, Bacău
13905	46.578232	26.896655	Str. Depoului nr.84 sc.A, Bacău
13906	46.578438	26.896063	Str. Depoului nr.80 sc.A, Bacău
13907	46.578438	26.896064	Str. Depoului nr.80 sc.B, Bacău
13908	46.57886	26.896343	Str. Depoului nr.82 sc.A, Bacău
13909	46.57886	26.896344	str. Depoului, nr. 82, sc. B, Bacău
13910	46.57886	26.896345	Str. Depoului nr.86 sc.A, Bacău
13911	46.57886	26.896346	Str. Depoului nr.86 sc.B, Bacău
13912	46.532887	26.922256	Str.Electricienilor, Bl. 2,Sc.D, Bacău
13913	46.540103	26.912448	Str. Făgăraș Bl.8, sc.A, Bacău
13914	46.540103	26.912448	str. Făgăraş, nr. 8, sc. B, Bacău
13915	46.541924	26.913481	Str. Făgăraș Bl.25, sc.A, Bacău
13916	46.540223	26.913055	Str. Făgăraș Bl.6, sc.A, Bacău
13917	46.540223	26.913056	Str. Făgăraș Bl.6, sc.B, Bacău
13918	46.540386	26.913529	Str. Făgăraș Bl.4, sc.A, Bacău
13919	46.540386	26.91353	Str. Făgăraș Bl.4, sc.B, Bacău
13920	46.566962	26.895204	Str.Gării, Nr. 60, Bl. C4, Bacău
13921	46.570827	26.893066	str. Gării, bl. 70, sc. A, Bacău
13922	46.547748	26.913452	Str.Gării, Nr. 70, Bl. C, Bacău
13923	46.570827	26.893068	Str.Garofiței, Bl.11,Sc.B, Bacău
13924	46.570827	26.893069	Str.Garofiței, Bl.11,Sc.A, Bacău
13925	46.5724	26.901286	Str. Ion Luca, Bl. 7 B, Bacău
13926	46.547249	26.915582	str. Letea, bl. 2, sc. B1, Bacău
13927	46.547249	26.915582	str. Letea, bl. 2 sc. B1, Bacău
13928	46.547249	26.915582	str. Letea, bl. 2, sc. B2, Bacău
13929	46.538289	26.921993	Str. Letea nr.46 sc.A, Bacău
13930	46.538289	26.921993	Str. Letea nr.46 sc.B, Bacău
13931	46.538407	26.921897	str. Letea, nr. 50 bis, sc. A, Bacău
13932	46.538407	26.921898	Str. Letea nr.50 sc.B, Bacău
13933	46.547249	26.915581	Str.Letea, Bl.2, Sc.C1, Bacău
13934	46.547249	26.915582	Str.Letea, Bl. 2, Sc.C2, Bacău
13935	46.57744	26.911425	str. Logofăt Tăutu, bl. 8, sc. A, Bacău
13936	46.421881	26.450962	str. Logofăt Tăutu, bl. 8, sc. D, Bacău
13937	46.56345	26.91201	Str. Mărășești nr.4, Bacău
13938	46.552764	26.913048	Str. Mărășești nr.159, Bacău
13939	46.555539	26.91138	str. Mărăşeşti, nr. 80, bl. E1-1, Bacău
13940	46.554771	26.91178	str. Mărăşeşti, nr. 90, bl. E1-2, Bacău
13941	46.553906	26.911902	str. Mărăşeşti, nr. 94, bl. E1-3, Bacău
13942	46.569613	26.893328	Str. Mioriței nr.90A, Bacău
13943	46.575937	26.904983	Str. Mioriței nr.38, Bacău
13944	46.57347	26.901153	str. Mioriţei, bl. 21, sc. A, Bacău
13945	46.56936	26.89347	str. Mioriţei, bl. 84, sc. A, Bacău
13946	46.569613	26.893328	str. Mioriţei, nr. 88 A, sc. A, Bacău
13947	46.569613	26.893328	str. Mioriţei, nr. 88, sc. B, Bacău
13948	46.575721	26.904343	Str. Mioriței nr.40, Bacău
13949	46.55035	26.91981	Str.Milcov, Bl. 136, Sc.D1, Bacău
13950	46.55035	26.91981	Str.Milcov, Bl. 136, Sc.D2, Bacău
13951	46.55035	26.91982	Str.Milcov, Bl. 136, Sc.E1, Bacău
13952	46.55035	26.91983	Str.Milcov, Bl. 136, Sc.E2, Bacău
13953	46.548085	26.920592	str. Milcov, bl. 63, sc. A, Bacău
13954	46.548085	26.920592	str. Milcov, bl. 63, sc. B, Bacău
13955	46.57275	26.9006	Str.Mioriței, Bl. 23 sc. B, Bacău
13956	46.569541	26.915099	str. 9 Mai, bl. 25, sc. A, Bacău
13957	46.569541	26.915099	str. 9 Mai, bl. 25, sc. F, Bacău
13958	46.53887	26.91498	Str. Narciselor, Nr. 9, Bacău
13959	46.53884	26.91388	Str. Narciselor, Nr. 13/A, Bacău
13960	46.53945	26.91395	Str. Narciselor, Nr. 6/A1, Bacău
13961	46.53945	26.91396	Str. Narciselor, Nr. 6/A2, Bacău
13962	46.573499	26.910703	str. Neagoe Vodă, bl. 12, sc. A, Bacău
13963	46.53678	26.91174	Str. Neptun, Nr. 12/A1, Bacău
13964	46.53678	26.91175	Str. Neptun, Nr. 12/A2, Bacău
13965	46.561564	26.917428	str. P. Aman, bl. 8, sc. C, Bacău
13966	46.561564	26.917428	str. P. Aman, bl. 8, sc. D, Bacău
13967	46.577295	26.909325	str. Prieteniei, bl. 3, sc. A, Bacău
13968	46.577295	26.909325	str. Prieteniei, bl. 3, sc. D, Bacău
13969	46.53218	26.92044	Str. Proiectantului, nr. 6/B1, Bacău
13970	46.53218	26.92045	Str. Proiectantului, nr. 6/B2, Bacău
13971	46.53277	26.92022	Str. Proiectantului, nr. 4/B1, Bacău
13972	46.53277	26.92023	Str. Proiectantului, nr. 4/B2, Bacău
13973	46.53218	26.92045	Str. Proiectantului, nr. 6/A1, Bacău
13974	46.53218	26.92046	Str. Proiectantului, nr. 6/A2, Bacău
13975	46.53277	26.92022	Str. Proiectantului, nr. 4/C1, Bacău
13976	46.53277	26.92023	Str. Proiectantului, nr. 4/C2, Bacău
13977	46.5313	26.92072	Str.Proiectantului, Sc. C, Bacău
13978	46.5313	26.92073	Str.Proiectantului, Nr.8 Sc. B1, Bacău
13979	46.5313	26.92074	Str.Proiectantului, Nr.8 Sc. B1, Bacău
13980	46.5385	26.91722	Str.Republicii, Nr.46 Sc.A, Bacău
13981	46.53545	26.91768	Str.Republicii, Nr.58 Sc.A2, Bacău
13982	46.53955	26.91812	Str. Republicii, Nr. 7/A1, Bacău
13983	46.53955	26.91813	Str. Republicii, Nr. 7/A2, Bacău
13984	46.53955	26.91814	Str. Republicii, Nr. 7/B1, Bacău
13985	46.53955	26.91815	Str. Republicii, Nr. 7/B2, Bacău
13986	46.53545	26.91768	Str.Republicii, nr 58, Sc. A1, Bacău
13987	46.573456	26.913586	str. Slănicului, bl. 2, sc. A, Bacău
13988	46.573158	26.898946	Str. Tipografilor nr.18, Bacău
13989	46.542655	26.91389	Str. Teiului 9B sc.A, Bacău
13990	46.542655	26.91389	Str. Teiului 9A sc.A, Bacău
13991	46.71855	26.69412	Str. T. Vladimirescu nr.206, Buhuși
13992	46.542655	26.91389	str. Teiului, nr. 9 C , sc. A, Bacău
13993	46.57258	26.89855	Str. Tipografilor Bl.12, sc.A, Bacău
13994	46.256105	26.776358	B-dul Republicii nr.66 B1, Onești
13995	46.53708	26.91932	B-dul Republicii nr.17, Onești
13996	46.240431	26.764892	str. Aleea Viitorului, nr. 1, Onești
13997	46.239931	26.764241	str. Aleea Viitorului, nr. 2, Onești
13998	46.240228	26.765155	str. Aleea Viitorului, nr. 3, Onești
13999	46.239715	26.764585	str. Aleea Viitorului, nr. 4, Onești
14000	46.239938	26.765424	str. Aleea Viitorului, nr. 5, Onești
14001	46.239507	26.764843	str. Aleea Viitorului, nr. 6, Onești
14002	46.239797	26.765714	str. Aleea Viitorului, nr. 7, Onești
14003	46.239477	26.76537	str. Aleea Viitorului, nr. 8, Onești
14004	46.249305	26.761072	str. Bulevardul Oituz, nr.17, Onești
14005	46.255256	26.776733	str. Bulevardul Republicii, nr.45, Onești
14006	46.474254	26.485638	str. Mihail Sadoveanu, tronson A, Moinești
14007	46.474309	26.48602	str. Mihail Sadoveanu, tronson B, Moinești
14008	46.474217	26.486198	str. Mihail Sadoveanu, M14, Moinești
14009	46.474084	26.486807	str. Zorilor, Z14, Moinești
14010	46.477606	26.491249	str. Zorilor, Z6, Moinești
14011	46.473283	26.487345	str. V. Alecsandri, nr. 20, Moinești
14012	46.464539	26.483393	str. Plopilor, nr. 16, Moinești
14013	46.465875	26.484863	str. Plopilor, nr. 17, Moinești
14014	46.486551	26.491864	str. Luminii, nr. 2, Moinești
14015	46.47419	26.48938	str. T. Vladimirescu, nr. 1, Moinești
14016	46.71855	26.69411	Str. T. Vladimirescu nr.206, Moinești
14017	46.57744	26.911426	Str. Librăriei, f.n Bl. ANL1, Comănești
14018	46.421977	26.450661	Str. Librăriei, f.n Bl. ANL2, Comănești
14019	46.421977	26.450661	str. Librăriei, nr. 2, ANL, Comănești
14020	46.58607	26.91224	Str. Moldovei, nr.18, Comănești
14021	46.369883	26.490166	str. Energiei, nr. 25, ANL, Dărmănești
14022	46.369822	26.489833	str. Muncii, ANL, Dărmănești
14023	46.281026	26.606723	str. Victoriei, Bl. F15, Tg. Ocna
14024	46.28111	26.607073	str. Victoriei, Bl. F16, Tg. Ocna
14025	46.281094	26.607171	str. Victoriei, Bl. F14, Tg. Ocna
14026	46.280388	26.610419	str. 9 Mai, Bl. A12, Tg. Ocna
14027	46.281308	26.608731	str. Cpt. Bușilă, Bl. F17, Tg. Ocna
14028	46.53271	26.606658	Șc. Gimnazială, sat Ardeoani, Ardeoani, sat Ardeoani
14029	46.40827	26.646137	Sediul primăriei, Berzunți, sat Berzunți
14030	46.575343	27.300714	Sediul primăriei, Colonești, sat Colonești
14031	46.326278	26.534627	Cămin Cultural, Dofteana, sat Dofteana
14032	46.351656	26.743133	Sediul primăriei, Helegiu, sat Helegiu
14033	46.673361	26.147354	Sediul primăriei, Odobești, sat Odobești
14034	46.471442	27.256253	Sediul primăriei, Oncești, sat Oncești
14035	46.309363	26.982366	Sediul primăriei, Parava, sat Parava
14036	46.652917	26.979751	Sediul primăriei, Prăjești, sat Prăjești
14037	46.523187	27.113316	Sediul primăriei, Ungureni, sat Ungureni
14038	47.030556	21.955853	Al. Peneş Curcanul nr. 26, bl Q33 sc. B, Oradea
14039	47.032556	21.956823	Al. Peneş Curcanul nr. 26, bl Q34 sc. C, Oradea
14040	47.033556	21.946111	Al. Peneş Curcanul nr. 26 bl Q 35 sc. D, Oradea
14041	47.030833	21.956111	Al. Peneş Curcanul nr.26 bl Q 36 sc. E, Oradea
14042	47.033056	21.953056	Al. Peneş Curcanul nr.2 bl Q1,sc. B, Oradea
14043	47.033333	21.952778	Al. Peneş Curcanul nr.2 bl Q1,sc. A, Oradea
14044	47.031476	21.956776	Al. Onisifor Ghibu nr.24,blQA3,sc. A, Oradea
14045	47.031667	21.956667	Al. Onisifor Ghibu nr.24,blQA3,sc. B, Oradea
14046	47.031389	21.956667	Al. Onisifor Ghibu nr.24,blQA3,sc. C, Oradea
14047	47.029444	21.956667	str. Morii nr.4, bl. B60,sc. A, Oradea
14048	47.029722	21.957222	str. Morii nr.4,blB60, sc. B, Oradea
14049	47.031667	21.9525	str. Nufărului,bl AN 58, Oradea
14050	47.031944	21.952778	str. Nufărului,bl AN60, Oradea
14051	47.031667	21.955	str. Nufărului,bl AN64, Oradea
14052	47.032222	21.957222	str. Forajului nr.1 bl.1QA1B,sc. A, Oradea
14053	47.076077	21.920878	str. Forajului nr.1 bl.1QA1B,sc. B, Oradea
14054	47.031944	21.956389	str. Forajului nr.1 bl.1QA1B,sc. C, Oradea
14055	47.031944	21.956111	str. Forajului nr.1 bl.1QA1B,sc. D, Oradea
14056	47.031667	21.958056	str. Forajului nr.3 bl.1QA1A,sc. A, Oradea
14057	47.031667	21.957778	str. Forajului nr.3 bl.1QA1A,sc. B, Oradea
14058	47.032222	21.958056	str. Forajului nr.3 bl.1QA1A,sc. C, Oradea
14059	47.0525	21.928611	str. Cuza Voda nr.19, Oradea
14060	47.032222	21.952222	str. Peneş Curcanul nr.14,bl.R18, Oradea
14061	47.06327	21.911722	str. Lăpuşului nr.1, bl AN36, Oradea
14062	47.063572	21.912205	str. Oneştilor nr. 80, bl.AN7, Oradea
14063	47.064168	21.912023	str. Oneştilor nr. 82, bl.R61, Oradea
14064	47.042769	21.89995	str. Calea Aradului, nr.87(Oradea Shopping City), Oradea
14065	47.038478	21.944644	str. Kiev, nr.3, Oradea
14066	47.056898	21.94508	str. I. H. Rădulescu, nr.19, Oradea
14067	47.048386	21.89579	str. Sântandreiului, nr.3, Oradea
14068	47.054544	21.948666	str. Aleea Ştrandului, nr.2, Oradea
14069	47.055554	21.915277	Hotel RAMADA, Oradea
14070	47.043055	21.918611	str. Universităţii, nr.1 Biblioteca Universitară, Oradea
14071	47.0779	21.919017	str. Moldovei nr.88, bl AN23, Oradea
14072	47.077902	21.919008	str. Moldovei nr.94,bl AN19, Oradea
14073	47.0752	21.922362	str. Galileo Galilei nr.20,bl Q8, sc A, Oradea
14074	47.075043	21.922852	str. Galileo Galilei nr.20,bl Q8, sc. C, Oradea
14075	47.075065	21.923135	str. Galileo Galilei nr.18,bl Q9, sc A, Oradea
14076	47.07534	21.922483	str. Galileo Galilei nr.18,bl Q9, sc C, Oradea
14077	47.074125	21.9239	str. Galileo Galilei nr.10,bl X15, sc A, Oradea
14078	47.074125	21.9239	str. Galileo Galilei nr.10,bl X15, sc B, Oradea
14079	47.069628	21.920268	str. Brâncuşi nr.6 bl B28, sc. A, Oradea
14080	47.06906	21.91947	str. Brâncuşi nr.6 bl B28, sc. B, Oradea
14081	47.071742	21.917423	str. N.Balcescu (D.Botez.)nr.2, bl B29, sc. A, Oradea
14082	47.069242	21.920157	str. N.Balcescu (D.Botez.)nr.2, bl B29, sc. B, Oradea
14083	47.070635	21.920902	str. N.Balcescu (D.Botez.)nr.2, bl B29, sc. C, Oradea
14084	47.075283	21.921338	str. C. Coposu nr.25,bl.AN21, sc. E, Oradea
14085	47.075037	21.922067	str. C. Coposu nr.25,bl.AN25, sc. D, Oradea
14086	47.075055	21.921437	str. C. Coposu nr.25,bl.AN25, sc. C, Oradea
14087	47.074783	21.922228	str. C. Coposu nr.15,bl.AN27, sc. B, Oradea
14088	47.074803	21.922497	str. C. Coposu nr.15,bl.AN27, sc. A, Oradea
14089	47.075635	21.919558	str. C. Coposu nr.23, bl. Q13, Oradea
14090	47.075557	21.920003	str. C. Coposu nr.23, bl. Q14, Oradea
14091	47.073297	21.91959	str. Spartacus nr.44,bl SQ3,sc. A, Oradea
14092	47.073512	21.91976	str. Spartacus nr.44,bl SQ3,sc. B, Oradea
14093	47.055602	21.917897	str. Tuşnadului nr. 4, bl.Q4 sc A, Oradea
14094	47.07227	21.907725	str. Tuşnadului nr. 4, bl.Q4 sc B, Oradea
14095	47.064677	21.911087	str. Cazaban nr13 bl R47, Oradea
14096	47.06464	21.908825	str. E Grigore nr.3 bl AN34, Oradea
14097	47.0648	21.90917	str. E Grigore nr.3 bl AN35, Oradea
14098	47.06487	21.909228	str. E Grigore nr.3 bl AN36, Oradea
14099	47.06327	21.911722	str. Lăpuşului nr.1, bl AN36, Oradea
14100	47.063572	21.912205	str. Oneştilor nr. 80, bl.AN7, Oradea
14101	47.064168	21.912023	str. Oneştilor nr. 82, bl.R61, Oradea
14102	47.077222	21.918333	str. C. Coposu nr.29/A, Oradea
14103	46.482574	21.387962	Piaţa Democraţiei ANL, bl. Z4, Salonta
14104	47.059628	22.395391	Piaţa Unirii nr.3, Aleşd
14105	46.3229	22.272653	Strada Independenţe, nr. 19A, Ştei
14106	46.325003	22.273108	Strada Avram Iancu, nr. 3, Ştei
14107	46.324981	22.272731	Strada Avram Iancu, nr. 2, Ştei
14108	46.324753	22.272083	Strada Avram Iancu, nr. 1, Ştei
14109	46.324581	22.271786	Strada Independenţei, nr. 40, Ştei
14110	46.324969	22.271853	Strada Independenţei, nr. 42, Ştei
14111	46.324375	22.270297	Strada Andrei, Mureşanu bloc nr. Z 4, Ştei
14112	46.324744	22.270639	Strada Andrei, Mureşanu bloc nr. Z 3, Ştei
14113	46.3243	22.270631	Strada Andrei, Mureşanu bloc nr. Z 2, Ştei
14114	46.323733	22.270611	Strada Andrei, Mureşanu bloc nr. Z 1, Ştei
14115	46.326647	22.273372	Strada Petrileni, nr. 10., Ştei
14116	46.326542	22.273542	Strada Petrileni, nr. 11, Ştei
14117	46.326569	22.273528	Strada Petrileni, nr. 12., Ştei
14118	46.326464	22.273506	Strada Petrileni, nr. 13., Ştei
14119	46.326417	22.273539	Strada Petrileni, nr. 14., Ştei
14120	46.326244	22.273703	Strada Petrileni, nr. 15., Ştei
14121	46.326189	22.273553	Strada Petrileni, nr. 16., Ştei
14122	46.326133	22.273431	Strada Petrileni, nr. 17., Ştei
14123	46.326469	22.273422	Strada Petrileni, nr. 18., Ştei
14124	46.326442	22.273406	Strada Petrileni, nr. 19., Ştei
14125	46.322497	22.271656	Aleea Miron Pompiliu, nr. 3, Ştei
14126	46.322433	22.277286	Aleea Miron Pompiliu, nr. 3 A, Ştei
14127	46.332847	22.341783	Sat. Chişcău. nr. 81/C, Com. Pietroasa, sat<br />Chişcău
14128	47.21412	22.057124	Str. Dunării, nr. 59, Săcueni
14129	47.212754	22.209358	Str. Pandurilor Bl. Z2, Marghita
14130	47.206086	22.20144	str. Băile Herculane, bl. RAF, sc.5B, Marghita
14131	47.14275	24.505611	Intrarea Pinului, bl. 1, sc. B, Bistrița
14132	47.142444	24.506083	Intrarea Pinului, bl. 3, sc. D, Bistrița
14133	47.1425	24.507389	Str. Calea Moldovei, bl. 7, sc. A, Bistrița
14134	47.136806	24.504528	Str. G-ral. Gr. Bălan, bl. 23, sc. A, Bistrița
14135	47.148528	24.485806	Str. Subcetate, bl. 4 sc. A, Bistrița
14136	47.148667	24.485583	Str. Subcetate, bl. 4 sc. B, Bistrița
14137	47.148306	24.485528	Str. Subcetate, bl. 5 sc. A, Bistrița
14138	47.148444	24.485306	Str. Subcetate, bl. 5 sc. B, Bistrița
14139	47.148444	24.484917	Str. Subcetate, bl. 6 sc. A, Bistrița
14140	47.148194	24.484917	Str. Subcetate, bl. 6 sc. B, Bistrița
14141	47.148083	24.48525	Str. Subcetate, bl. 6 sc. C, Bistrița
14142	47.148222	24.486139	Str. Subcetate, bl. 7 sc. A, Bistrița
14143	47.148028	24.485917	Str. Subcetate, bl. 7 sc. B, Bistrița
14144	47.148056	24.486417	Str. Subcetate, bl. 8 sc. A, Bistrița
14145	47.147861	24.486222	Str. Subcetate, bl. 8 sc. B, Bistrița
14146	47.147889	24.485528	Str. Subcetate, bl. 9 sc. A, Bistrița
14147	47.147778	24.485667	Str. Subcetate, bl. 9 sc. B, Bistrița
14148	47.147667	24.485833	Str. Subcetate, bl. 9 sc. C, Bistrița
14149	47.128111	24.4945	Str. Al. Odobescu, nr.17, Bistrița
14150	47.127361	24.498778	Str. Codrişor, nr. 23, Bistrița
14151	47.140722	24.494778	Str. Ioan Slavici, Bistrița
14152	47.140417	24.495417	Ioan Slavici, nr. 2 – 4, Bistrița
14153	47.141389	24.494056	Str. Ioan Slavici, Bistrița
14154	47.131556	24.480444	Str. Industriei, nr.4, Bistrița
14155	47.131556	24.480444	Str. Industriei, nr.4, Bistrița
14156	47.127167	24.4695	Str. Sigmirului nr. 17, Bistrița
14157	47.069944	24.421222	Crainimăt, nr. 296, Bistrița
14158	47.152111	24.519917	Str. Calea Moldovei, nr. 80, Bistrița
14159	47.134222	24.473556	Str. Cetăţii, nr. 6, Bistrița
14160	47.126306	24.468222	Bistriţa, George Enescu, nr. 1D, Bistrița
14161	47.151361	24.514389	Str. Lucian Blaga, nr. 9, Bistrița
14162	47.129472	24.484694	Str. Împăratul Traian, nr. 33, Bistrița
14163	47.111889	24.460528	Viişoara, nr. 250, Bistrița
14164	47.137444	24.513278	Str. Ghinzii, nr. 26 A, Bistrița
14165	47.147139	24.512861	Calea Moldovei, nr. 18, Bistrița
14166	47.135056	24.466417	Str. Poligonului, Bistrița
14167	47.144667	24.487167	Str. Cetăţii, nr. 2G, Bistrița
14168	47.132417	24.483944	Str. Rodnei, Nr. 2A, Bistrița
14169	47.148222	24.514306	Str. Calea Moldovei, nr. 17S, Bistrița
14170	47.136917	24.509306	Str. Ştefan Cel Mare, nr. 9, Bistrița
14171	47.138444	24.501833	B-dul 1 Decembrie, nr. 2, Bistrița
14172	47.138167	24.500722	B-dul 1 Decembrie, nr. 5, Bistrița
14173	47.129583	24.487139	Str. Nicolae Bălcescu, nr. 11A, Bistrița
14174	47.131417	24.490639	Str. Mihai Eminescu, nr. 13, Bistrița
14175	47.127	24.4945	Str. Alba Iulia, nr. 1, Bistrița
14176	47.134778	24.499917	Str. Liviu Rebreanu, nr. 21, Bistrița
14177	47.118944	24.459139	Calea Clujului, nr. 94, Bistrița
14178	47.112611	24.461444	Viișoara, nr. 255, Bistrița
14179	47.156417	24.509222	Str. Dumitrei Noi, nr. 1A, Bistrița
14180	47.145139	24.478556	Str. Tărpiului, nr. 22, Bistrița
14181	47.13075	24.489167	Str. Nicolae Bălcescu, nr.1-3, Bistrița
14182	47.122528	24.475194	Str. Libertăţii, nr. 38, Bistrița
14183	47.133111	24.493472	Str. Republicii, nr. 53, Bistrița
14184	47.132917	24.493611	Str. Lupeni, nr. 20 – 22, Bistrița
14185	47.139361	24.509333	Grănicerilor, nr. 5, Bistrița
14186	47.134278	24.508611	Str. C.R. Vivu, nr. 60-64, Bistrița
14187	47.134139	24.508667	Str. C.R. Vivu, nr. 60-64, Bistrița
14188	47.153222	24.520028	Str. Calea Moldovei, nr. 81, Bistrița
14189	47.182833	24.179639	Str. Petru Maior, nr. 6, Beclean
14190	47.177028	24.171694	Str. Mihai Kogălniceanu, nr. 46, Beclean
14191	47.286528	24.401972	Piața Unirii, nr. 15, Năsăud
14192	47.284222	24.412139	Str. Vasile Naşcu, Năsăud
14193	47.283917	24.410028	Str.Grănicerilor, nr. 19, Năsăud
14194	47.368583	24.670333	Str. Izvozrelor, nr. 2, Sîngeorz Băi
14195	47.365389	24.671	Str. Stejarului,, Sîngeorz Băi
14196	47.374694	24.663528	Izvoarelor nr. 92, Sîngeorz Băi
14197	47.743132	26.658259	Str. Aleea Maxim Gorki nr.10, Mun. Botoşani
14198	47.749735	26.649587	Str. Calea Națională nr.42, Mun. Botoşani
14199	47.747447	26.64459	Str. Col. Tomoroveanu nr.17, bl.7, Mun. Botoşani
14200	47.74742	26.66593	Str. Calea Naţională nr. 8,UVERTURA MALL, Mun. Botoşani
14201	47.747159	26.644318	Str. Col. Tomoroveanu nr.21, bl.14, Mun. Botoşani
14202	47.745451	26.648756	Str. Vârnav, nr.32, Mun. Botoşani
14203	47.747725	26.643689	Str. Sucevei, nr.7, sc.A, Mun. Botoşani
14204	47.747494	26.643456	Str. Sucevei, nr.7, sc.D, dr., Mun. Botoşani
14205	47.747494	26.643456	Str. Sucevei, nr.7, sc.D,stg., Mun. Botoşani
14206	47.749175	26.645051	Str. Sucevei, nr.1, sc.D, Mun. Botoşani
14207	47.746537	26.643873	Str. Primăverii, nr.3, sc.A, Mun. Botoşani
14208	47.740996	26.660489	Str. Marchian nr.93, Mun. Botoşani
14209	47.745876	26.643331	Str. Elie Radu, nr.4, stg., Mun. Botoşani
14210	47.745876	26.643331	Str. Elie Radu, nr.4, dr., Mun. Botoşani
14211	47.745039	26.643488	Str. Elie Radu, nr.14, stg., Mun. Botoşani
14212	47.745039	26.643488	Str. Elie Radu, nr.14, dr., Mun. Botoşani
14213	47.745349	26.644126	Str. Elie Radu, nr.8, stg., Mun. Botoşani
14214	47.745349	26.644126	Str. Elie Radu, nr.8, dr., Mun. Botoşani
14215	47.744982	26.643765	Str. Elie Radu, nr.12, stg., Mun. Botoşani
14216	47.744982	26.643765	Str. Elie Radu, nr.12, dr., Mun. Botoşani
14217	47.744544	26.643967	Str. Elie Radu, nr.26, stg., Mun. Botoşani
14218	47.744544	26.643967	Str. Elie Radu, nr.26, dr., Mun. Botoşani
14219	47.744112	26.644513	Str. Elie Radu, nr.34, stg., Mun. Botoşani
14220	47.744112	26.644513	Str. Elie Radu, nr.34, dr., Mun. Botoşani
14221	47.744417	26.645152	Str. Elie Radu, nr. 32, stg.( fost 19), Mun. Botoşani
14222	47.744417	26.645152	Str. Elie Radu, nr. 32, dr., (fost 19), Mun. Botoşani
14223	47.744677	26.655198	Bd. M. Eminescu, nr. 63, Mun. Botoşani
14224	47.752126	26.642857	Str. Calea Naţională, nr. 47, sc.C, stg., Mun. Botoşani
14225	47.752126	26.642857	Str. Calea Naţională, nr. 47, sc.C, dr., Mun. Botoşani
14226	47.752064	26.644857	Str. Aprodu Purice, nr. 7, stg., Mun. Botoşani
14227	47.752064	26.644857	Str. Aprodu Purice, nr. 7, dr., Mun. Botoşani
14228	47.747764	26.669509	Str. Călugăreni, nr.5,Bl.S2, Mun. Botoşani
14229	47.747848	26.669229	Str. Călugăreni, nr.5, bl.S3, Mun. Botoşani
14230	47.743778	26.667472	Piaţa centrală, pav. B, Mun. Botoşani
14231	47.743484	26.667516	Piaţa centrală, pav. B – crucea roşie., Mun. Botoşani
14232	47.732556	26.658641	Str. Bucovina, bl.B1, Mun. Botoşani
14233	47.732361	26.658663	Str. Bucovina, bl.B2, Mun. Botoşani
14234	47.732128	26.658643	Str. Bucovina, bl.B3, Mun. Botoşani
14235	47.731917	26.658677	Str. Bucovina, bl.B4, Mun. Botoşani
14236	47.731694	26.658639	Str. Bucovina, bl.B5, Mun. Botoşani
14237	47.731528	26.658694	Str. Bucovina, bl.B6, Mun. Botoşani
14238	47.731722	26.658167	Str. Bucovina, bl.B16, Mun. Botoşani
14239	47.731897	26.658129	Str. Bucovina, bl.B17, Mun. Botoşani
14240	47.757944	26.654278	Str. Dimitrie Pompeiu (Cişmea), nr.5, bl. C4, Mun. Botoşani
14241	47.757371	26.655331	Str. Dimitrie Pompeiu (Cişmea), nr.9,A, bl. C7, Mun. Botoşani
14242	47.757417	26.655444	Str. Dimitrie Pompeiu (Cişmea), nr.9,B, bl. C8, Mun. Botoşani
14243	47.757165	26.655704	Str. Dimitrie Pompeiu (Cişmea), nr.11,A bl. C9, Mun. Botoşani
14244	47.757237	26.655901	Str. Dimitrie Pompeiu (Cişmea), nr.11,B, bl. C10, Mun. Botoşani
14245	47.756961	26.656066	Str. Dimitrie Pompeiu (Cişmea), nr.13,A, bl. C11, Mun. Botoşani
14246	47.757004	26.656259	Str. Dimitrie Pompeiu (Cişmea), nr.13,B, bl.C12, Mun. Botoşani
14247	47.756733	26.656376	Str. Dimitrie Pompeiu (Cişmea), nr.15,A, bl. C13, Mun. Botoşani
14248	47.756799	26.656605	Str. Dimitrie Pompeiu (Cişmea), nr.15,B, bl. C14, Mun. Botoşani
14249	47.756501	26.656695	Str. Dimitrie Pompeiu (Cişmea), nr.17,A, bl. C15, Mun. Botoşani
14250	47.756546	26.656923	Str. Dimitrie Pompeiu (Cişmea), nr.17,B, bl. C16, Mun. Botoşani
14251	47.952507	26.397433	Str. Grigore Ghica, nr. 7, Mun. Dorohoi
14252	47.952501	26.400565	Str. D. Furtună, nr.2, Mun. Dorohoi
14253	47.952943	26.397617	Admin. Finanţelor publiceStr. Grigore Ghica, nr. 14, Mun. Dorohoi
14254	47.791416	27.201846	Primăria ŞtefăneştiStr. Octav Onicescu nr. 1, Oraşul Ştefăneşti
14255	47.714124	26.511835	Primăria Vlădeni, Com. Vlădeni
14256	45.25075	27.952167	Aleea Lebedei, bl. F2, sc. 2, cartier Viziru III, municipiul Brăila, Brăila
14257	45.250194	27.951694	Aleea Lebedei, bl. F3, sc. 2, cartier Viziru III, municipiul Brăila, Brăila
14258	45.251639	27.949528	Aleea Lebedei, bl. F4, sc. 1, cartier Viziru III, municipiul Brăila, Brăila
14259	45.250741	27.948123	Aleea Cocorilor, bl. F5, sc. 2, cartier Viziru III, municipiul Brăila, Brăila
14260	45.2445	27.948861	Calea Călăraşilor, bl. B1, sc. 1, cartier Viziru III, municipiul Brăila, Brăila
14261	45.244591	27.949029	Calea Călăraşilor, bl. B1, sc. 2, cartier Viziru III, municipiul Brăila, Brăila
14262	45.244757	27.949191	Calea Călăraşilor, bl. B1, sc. 3, cartier Viziru III, municipiul Brăila, Brăila
14263	45.244889	27.94925	Calea Călăraşilor, bl. B1, sc. 4, cartier Viziru III, municipiul Brăila, Brăila
14264	45.2455	27.949861	Calea Călăraşilor, bl. B2, sc. 1, cartier Viziru III, municipiul Brăila, Brăila
14265	45.245611	27.949944	Calea Călăraşilor, bl. B2, sc. 2, cartier Viziru III, municipiul Brăila, Brăila
14266	45.245709	27.950111	Calea Călăraşilor, bl. B2, sc. 3, cartier Viziru III, municipiul Brăila, Brăila
14267	45.246167	27.9505	Calea Călăraşilor, bl. B2, sc. 4, cartier Viziru III, municipiul Brăila, Brăila
14268	45.246278	27.950528	Calea Călăraşilor, bl. B2, sc. 5, cartier Viziru III, municipiul Brăila, Brăila
14269	45.246412	27.95066	Calea Călăraşilor, bl. B2, sc. 6, cartier Viziru III, municipiul Brăila, Brăila
14270	45.247028	27.951306	Calea Călăraşilor, bl. B3, sc. 1, cartier Viziru III, municipiul Brăila, Brăila
14271	45.247167	27.951361	Calea Călăraşilor, bl. B3, sc. 2, cartier Viziru III, municipiul Brăila, Brăila
14272	45.247278	27.951417	Calea Călăraşilor, bl. B3, sc. 3, cartier Viziru III, municipiul Brăila, Brăila
14273	45.247444	27.951639	Calea Călăraşilor, bl. B3, sc. 4, cartier Viziru III, municipiul Brăila, Brăila
14274	45.242806	27.948694	Calea Călăraşilor, bl. D1, sc. 1, cartier Viziru III, municipiul Brăila, Brăila
14275	45.242956	27.948219	Calea Călăraşilor, bl. D1, sc. 2, cartier Viziru III, municipiul Brăila, Brăila
14276	45.243	27.948083	Calea Călăraşilor, bl. D1, sc. 3, cartier Viziru III, municipiul Brăila, Brăila
14277	45.243208	27.947589	Calea Călăraşilor, bl. D1, sc. 4, cartier Viziru III, municipiul Brăila, Brăila
14278	45.2431	27.949004	Calea Călăraşilor, bl. D2, sc. 1, cartier Viziru III, municipiul Brăila, Brăila
14279	45.243111	27.948806	Calea Călăraşilor, bl. D2, sc. 2, cartier Viziru III, municipiul Brăila, Brăila
14280	45.243417	27.948083	Calea Călăraşilor, bl. D2, sc. 3, cartier Viziru III, municipiul Brăila, Brăila
14281	45.243585	27.947936	Calea Călăraşilor, bl. D2, sc. 4, cartier Viziru III, municipiul Brăila, Brăila
14282	45.243462	27.949347	Calea Călăraşilor, bl. D3, sc. 1, cartier Viziru III, municipiul Brăila, Brăila
14283	45.24375	27.948833	Calea Călăraşilor, bl. D3, sc. 2, cartier Viziru III, municipiul Brăila, Brăila
14284	45.243861	27.948639	Calea Călăraşilor, bl. D3, sc. 3, cartier Viziru III, municipiul Brăila, Brăila
14285	45.243933	27.948237	Calea Călăraşilor, bl. D3, sc. 4, cartier Viziru III, municipiul Brăila, Brăila
14286	45.242667	27.94875	Aleea Mecanizatorilor, bl. U, sc. 1, cartier Viziru III, municipiul Brăila, Brăila
14287	45.243117	27.949117	Aleea Mecanizatorilor, bl. U, sc. 4, cartier Viziru III, municipiul Brăila, Brăila
14288	45.250663	27.953335	Calea Călăraşilor, bl. A6, sc. 1, cartier Viziru III, municipiul Brăila, Brăila
14289	45.250872	27.953752	Calea Călăraşilor, bl. A7, sc. 1, cartier Viziru III, municipiul Brăila, Brăila
14290	45.251333	27.953944	Calea Călăraşilor, bl. A8, sc. 1, cartier Viziru III, municipiul Brăila, Brăila
14291	45.264361	27.952667	str. Şcolilor, bl. AB1, sc. 2, cartier Obor, municipiul Brăila, Brăila
14292	45.264444	27.952889	str. Şcolilor, bl. AB1, sc. 3, cartier Obor, municipiul Brăila, Brăila
14293	45.264903	27.952152	str. Pietăţii, bl. AB2, sc. 2, cartier Obor, municipiul Brăila, Brăila
14294	45.265125	27.952915	str. Oborului, bl. AB4, sc. 1, cartier Obor, municipiul Brăila, Brăila
14295	45.265556	27.956806	str. Şcolilor, bl. AF1, sc. 2, cartier Obor, municipiul Brăila, Brăila
14296	45.268153	27.952264	str. Oborului, bl. 25 bis, sc. 1, cartier Obor, municipiul Brăila, Brăila
14297	45.302787	27.964037	str. Industriei, bl. 7, sc. 1, cartier Vidin, municipiul Brăila, Brăila
14298	45.302904	27.964013	str. Industriei, bl. 7, sc. 2, cartier Vidin, municipiul Brăila, Brăila
14299	45.30301	27.963986	str. Industriei, bl. 7, sc. 3, cartier Vidin, municipiul Brăila, Brăila
14300	45.305894	27.96164	Str. Cometei, bl. 14, sc. 2, cartier Vidin, municipiul Brăila, Brăila
14301	45.305996	27.961479	Str. Cometei, bl. 14, sc. 3, cartier Vidin, municipiul Brăila, Brăila
14302	45.300444	27.964889	str. Târgovişte, bl. 33 bis, sc. 1, cartier Vidin, municipiul Brăila, Brăila
14303	45.303983	27.962989	str. Grindului, bl. 11, sc. 1, cartier Vidin, municipiul Brăila, Brăila
14304	45.262917	27.953167	str. Pietăţii, bl. 140, sc. 1, cartier Hipodrom, municipiul Brăila, Brăila
14305	45.26203	27.953535	str. Pietăţii, bl. 140, sc. 7, cartier Hipodrom, municipiul Brăila, Brăila
14306	45.259833	27.951212	Aleea Policlinicii, bl. G12, sc. 1, cartier Hipodrom, municipiul Brăila, Brăila
14307	45.259833	27.951111	Aleea Policlinicii, bl. G12, sc. 3, cartier Hipodrom, municipiul Brăila, Brăila
14308	45.264567	27.97006	Calea Călăraşilor, bl. 104, sc. 1, municipiul Brăila, Brăila
14309	45.264648	27.970173	Calea Călăraşilor, bl. 104, sc. 2, municipiul Brăila, Brăila
14310	45.264793	27.970259	Calea Călăraşilor, bl. 104, sc. 3, municipiul Brăila, Brăila
14311	45.264897	27.970377	Calea Călăraşilor, bl. 104, sc. 4, municipiul Brăila, Brăila
14312	45.270694	27.975861	str. Rubinelor, nr. 16 - 18, municipiul Brăila, Universitatea Constantin<br />Brâncoveanu, Brăila
14313	45.252227	27.94117	Şoseaua Buzăului, Spitalui Judeţean de Urgenţă Brăila, municipiul Brăila<br />(1), Brăila
14314	45.252227	27.94117	Şoseaua Buzăului, Spitalui Judeţean de Urgenţă Brăila, municipiul Brăila<br />(2), Brăila
14315	45.252227	27.94117	Şoseaua Buzăului, Spitalui Judeţean de Urgenţă Brăila, municipiul Brăila<br />(3), Brăila
14316	45.252227	27.94117	Şoseaua Buzăului, Spitalui Judeţean de Urgenţă Brăila, municipiul Brăila<br />(4), Brăila
14317	45.249973	27.952505	Calea Călăraşilor, bl. C1, sc. 1, cartier Viziru III, municipiul Brăila, Brăila
14318	45.249887	27.952425	Calea Călăraşilor, bl. C1, sc. 2, cartier Viziru III, municipiul Brăila, Brăila
14319	45.249662	27.952226	Calea Călăraşilor, bl. C1, sc. 3, cartier Viziru III, municipiul Brăila, Brăila
14320	45.24949	27.952065	Calea Călăraşilor, bl. C1, sc. 4, cartier Viziru III, municipiul Brăila, Brăila
14321	45.249223	27.951809	Calea Călăraşilor, bl. C1, sc. 5, cartier Viziru III, municipiul Brăila, Brăila
14322	45.252046	27.948763	Aleea Lebedei, bl. D4, sc. 1, cartier Viziru III, municipiul Brăila, Brăila
14323	45.251926	27.948471	Aleea Lebedei, bl. D4, sc. 2, cartier Viziru III, municipiul Brăila, Brăila
14324	45.251792	27.948345	Aleea Lebedei, bl. D4, sc. 3, cartier Viziru III, municipiul Brăila, Brăila
14325	45.251582	27.948101	Aleea Lebedei, bl. D4, sc. 4, cartier Viziru III, municipiul Brăila, Brăila
14326	45.251214	27.947801	Aleea Lebedei, bl. D4, sc. 5, cartier Viziru III, municipiul Brăila, Brăila
14327	45.250875	27.947679	Aleea Cocorilor, bl. D4, sc. 6, cartier Viziru III, municipiul Brăila, Brăila
14328	45.251387	27.947555	str. Grigore Alexandrescu, bl. A5, sc. 1, municipiul Brăila, Brăila
14329	45.247363	27.950484	Calea Călăraşilor, bl. A1, sc. 1, cartier Viziru III, municipiul Brăila, Brăila
14330	45.249631	27.950484	Aleea Cocorilor, bl. E1, sc. 1, cartier Viziru III, municipiul Brăila, Brăila
14331	45.250131	27.950736	Aleea Cocorilor, bl. E1, sc. 2, cartier Viziru III, municipiul Brăila, Brăila
14332	45.250417	27.951028	Aleea Cocorilor, bl. E1, sc. 3, cartier Viziru III, municipiul Brăila, Brăila
14333	45.250845	27.951628	Aleea Cocorilor, bl. E1, sc. 4, cartier Viziru III, municipiul Brăila, Brăila
14334	45.250399	27.951466	Aleea Cocorilor, bl. E1, sc. 5, cartier Viziru III, municipiul Brăila, Brăila
14335	45.249961	27.951026	Aleea Cocorilor, bl. E1, sc. 6, cartier Viziru III, municipiul Brăila, Brăila
14336	45.251024	27.95119	Aleea Cocorilor, bl. E2, sc. 1, cartier Viziru III, municipiul Brăila, Brăila
14337	45.250528	27.950778	Aleea Cocorilor, bl. E2, sc. 2, cartier Viziru III, municipiul Brăila, Brăila
14338	45.250722	27.950733	Aleea Cocorilor, bl. E2, sc. 3, cartier Viziru III, municipiul Brăila, Brăila
14339	45.250259	27.950518	Aleea Cocorilor, bl. E2, sc. 4, cartier Viziru III, municipiul Brăila, Brăila
14340	45.249857	27.95011	Aleea Cocorilor, bl. E2, sc. 5, cartier Viziru III, municipiul Brăila, Brăila
14341	45.250279	27.950292	Aleea Cocorilor, bl. E2, sc. 6, cartier Viziru III, municipiul Brăila, Brăila
14342	45.25011	27.949439	Aleea Cocorilor, bl. E3, sc. 1, cartier Viziru III, municipiul Brăila, Brăila
14343	45.250605	27.949793	Aleea Cocorilor, bl. E3, sc. 2, cartier Viziru III, municipiul Brăila, Brăila
14344	45.250937	27.95005	Aleea Cocorilor, bl. E3, sc. 3, cartier Viziru III, municipiul Brăila, Brăila
14345	45.251317	27.95053	Aleea Cocorilor, bl. E3, sc. 4, cartier Viziru III, municipiul Brăila, Brăila
14346	45.250871	27.950337	Aleea Cocorilor, bl. E3, sc. 5, cartier Viziru III, municipiul Brăila, Brăila
14347	45.250469	27.949916	Aleea Cocorilor, bl. E3, sc. 6, cartier Viziru III, municipiul Brăila, Brăila
14348	45.251536	27.950078	Aleea Cocorilor, bl. E4, sc. 1, cartier Viziru III, municipiul Brăila, Brăila
14349	45.251212	27.949588	Aleea Cocorilor, bl. E4, sc. 2, cartier Viziru III, municipiul Brăila, Brăila
14350	45.250762	27.949168	Aleea Cocorilor, bl. E4, sc. 3, cartier Viziru III, municipiul Brăila, Brăila
14351	45.250352	27.948999	Aleea Cocorilor, bl. E4, sc. 4, cartier Viziru III, municipiul Brăila, Brăila
14352	45.250758	27.949439	Aleea Cocorilor, bl. E4, sc. 5, cartier Viziru III, municipiul Brăila, Brăila
14353	45.251081	27.949714	Aleea Cocorilor, bl. E4, sc. 6, cartier Viziru III, municipiul Brăila, Brăila
14354	45.24855	27.951523	Calea Călăraşilor, bl. A9, sc. 1, cartier Viziru III, municipiul Brăila, Brăila
14355	45.248834	27.951776	Calea Călăraşilor, bl. A10, sc. 1, cartier Viziru III, municipiul Brăila, Brăila
14356	45.265514	27.953363	str. Oborului, bl. AC2, sc. 1, cartier Obor, municipiul Brăila, Brăila
14357	45.265056	27.953694	str. Oborului, bl. AC2, sc. 4, cartier Obor, municipiul Brăila, Brăila
14358	45.265639	27.953083	str. Oborului, bl. AB3, sc. 1, cartier Obor, municipiul Brăila, Brăila
14359	45.265809	27.952782	str. Anton Pann, bl. AB3, sc. 4, cartier Obor, municipiul Brăila, Brăila
14360	45.265006	27.953141	str. Oborului, bl. AB5, sc. 2, cartier Obor, municipiul Brăila, Brăila
14361	45.264922	27.95273	str. Oborului, bl. AB5, sc. 3, cartier Obor, municipiul Brăila, Brăila
14362	45.26659	27.955947	str. Anton Pann, bl. AF3, sc. 2, cartier Obor, municipiul Brăila, Brăila
14363	45.266011	27.953622	str. Anton Pann, bl. AC3, sc. 2, cartier Obor, municipiul Brăila, Brăila
14364	45.266111	27.954111	str. Anton Pann, bl. AC3, sc. 3, cartier Obor, municipiul Brăila, Brăila
14365	45.269128	27.950998	str. Rândunicii, bl. 29 bis, sc. 1, cartier Obor, municipiul Brăila, Brăila
14366	45.267918	27.950562	str. Rândunicii, bl. 27 bis, sc. 1, cartier Obor, municipiul Brăila, Brăila
14367	45.267551	27.950794	str. Daciei, bl. 27, sc. 2, cartier Obor, municipiul Brăila, Brăila
14368	45.267806	27.951306	str. Daciei, bl. 27, sc. 4, cartier Obor, municipiul Brăila, Brăila
14369	45.268417	27.952444	str. Oborului, bl. 25, sc. 2, cartier Obor, municipiul Brăila, Brăila
14370	45.266612	27.953993	str. Erou Comisar Popovici, bl. AG5, sc. 4, cartier Obor, municipiul<br />Brăila, Brăila
14371	45.306865	27.959411	str. Cometei, bl. 16, sc. 2, cartier Vidin, municipiul Brăila, Brăila
14372	45.306799	27.95976	str. Cometei, bl. 16, sc. 3, cartier Vidin, municipiul Brăila, Brăila
14373	45.307382	27.959238	Calea Galaţi, bl. 37, sc. 2, cartier Vidin, municipiul Brăila, Brăila
14374	45.263475	27.955912	Aleea Învăţătorilor, bl. O3, sc. 2, cartier Hipodrom, municipiul Brăila, Brăila
14375	45.263593	27.955846	Aleea Învăţătorilor, bl. O3, sc. 3, cartier Hipodrom, municipiul Brăila, Brăila
14376	45.26373	27.955801	Aleea Învăţătorilor, bl. O3, sc. 4, cartier Hipodrom, municipiul Brăila, Brăila
14377	45.263977	27.952721	str. Pietăţii, bl. O4, sc. 1, cartier Hipodrom, municipiul Brăila, Brăila
14378	45.264065	27.952982	str. Pietăţii, bl. O4, sc. 2, cartier Hipodrom, municipiul Brăila, Brăila
14379	45.264101	27.953253	str. Pietăţii, bl. O4, sc. 3, cartier Hipodrom, municipiul Brăila, Brăila
14380	45.264136	27.953424	str. Pietăţii, bl. O4, sc. 4, cartier Hipodrom, municipiul Brăila, Brăila
14381	45.263373	27.955271	Aleea Învăţătorilor, bl. O5, sc. 1, cartier Hipodrom, municipiul Brăila, Brăila
14382	45.263283	27.955044	Aleea Învăţătorilor, bl. O5, sc. 2, cartier Hipodrom, municipiul Brăila, Brăila
14383	45.263244	27.954889	Aleea Învăţătorilor, bl. O5, sc. 3, cartier Hipodrom, municipiul Brăila, Brăila
14384	45.263181	27.95461	Aleea Învăţătorilor, bl. O5, sc. 4, cartier Hipodrom, municipiul Brăila, Brăila
14385	45.259833	27.950944	Aleea Policlinicii, bl. G12, sc. 2, cartier Hipodrom, municipiul Brăila, Brăila
14386	45.288717	27.967411	str. Ardealului, bl. A2, sc. 1, municipiul Brăila, Brăila
14387	45.2889	27.967402	str. Ardealului, bl. A2, sc. 2, municipiul Brăila, Brăila
14388	45.288684	27.967059	str. Ardealului, bl. A3, sc. 1, municipiul Brăila, Brăila
14389	45.288858	27.967027	str. Ardealului, bl. A3, sc. 2, municipiul Brăila, Brăila
14390	45.288677	27.966689	str. Ardealului, bl. A4, sc. 1, municipiul Brăila, Brăila
14391	45.288858	27.966684	str. Ardealului, bl. A4, sc. 2, municipiul Brăila, Brăila
14392	45.135375	27.479196	Calea Brăilei, nr. 114, oraş Ianca, judeţul Brăila, Ianca
14393	45.298261	27.955894	SC. PROMEX SA, str. Industriei, municipiul Brăila (1), Brăila
14394	45.297658	27.95605	SC. PROMEX SA str. Industriei, municipiul Brăila (2), Brăila
14395	45.295486	27.961288	SC. PROMEX SA str. Industriei, municipiul Brăila (3), Brăila
14396	45.249734	27.960892	SC Vard SA, str. Celulozei, municipiul Brăila (1), Brăila
14397	45.249734	27.960892	SC Vard SA, str. Celulozei, municipiul Brăila (2), Brăila
14398	45.264142	27.966944	SC. ELECTRICA, str. Plevnei, municipiul Brăila (1), Brăila
14399	45.264142	27.966944	SC. ELECTRICA, str. Plevnei, municipiul Brăila (2), Brăila
14400	45.264142	27.966944	SC. ELECTRICA, str. Plevnei, municipiul Brăila (3), Brăila
14401	45.264142	27.966944	SC. ELECTRICA, str. Plevnei, municipiul Brăila (4), Brăila
14402	45.281633	27.955924	STATIA CFR BRAILA, str. G-ral Eremia Grigorescu, municipiul Brăila, Brăila
14403	45.252783	27.944928	Clădire O.M.V. BR., şoseaua Buzăului, municipiul Brăila, Brăila
14404	45.272736	27.978214	Biserica Baptista Sf.Treime, str. Belvedere, municipiul Brăila, Brăila
14405	45.275106	27.974908	Mitropolia Ortodoxa de rit vechi, str. Nicolae Grigorescu, municipiul<br />Brăila, Brăila
14406	45.274525	27.974178	Şcoala privată Sf. Maria, str. Goleşti, municipiul Brăila, Brăila
14407	45.252135	27.940596	Centru de hemodializă, şoseaua Buzăului nr. 2, municipiul Brăila, Brăila
14408	45.272977	27.964621	Asociaţia de proprietari nr. 887, bl. Perla, str. Plevnei, municipiul Brăila<br />(1), Brăila
14409	45.272977	27.964621	Asociaţia de proprietari nr. 887, bl. Perla, str. Plevnei, municipiul Brăila<br />(2), Brăila
14410	45.269622	27.979928	Centrul medical IHS, str. Anghel Saligny, municipiul Brăila, Brăila
14411	45.135098	27.478266	SC Corandri Com, Calea Brăilei, oraş Ianca, judeţul Brăila, Ianca
14412	45.407517	27.646524	SC EMGGI PROD SRL, DN 23, comuna Măxineni, Judeţul Brăila, Măxineni
14413	45.658723	25.596842	bd. Griviţei, nr. 39 bl. 28, Brașov
14414	45.657458	25.598515	bd. Griviţei nr. 49 sc. A+B, Brașov
14415	45.657233	25.598917	bd. Griviţei, nr. 53, sc. A, Brașov
14416	45.657092	25.599096	bd. Griviţei, nr. 53, sc. B, Brașov
14417	45.656093	25.600963	str. Griviţei nr. 61 A, Brașov
14418	45.654944	25.60233	str. Griviţei nr. 67 sc. A, Brașov
14419	45.654992	25.602247	str. Griviţei nr. 67 sc. B, Brașov
14420	45.658055	25.600334	str. M.cel Bătrân nr.43 sc.A, Brașov
14421	45.658055	25.600334	str. M.cel Bătrân nr.43 sc.B, Brașov
14422	45.657126	25.600223	str. M.cel Bătrân nr. 45 sc.C, Brașov
14423	45.657354	25.600069	str. M.cel Bătrân nr. 45 sc.D, Brașov
14424	45.657861	25.599567	str. M.cel Bătrân nr.47 sc.A, Brașov
14425	45.357979	25.59967	str. M.cel Bătrân nr.47 sc.B, Brașov
14426	45.658227	25.598613	str. M.cel Bătrân nr.49 sc.C, Brașov
14427	45.658109	25.598959	str. M.cel Bătrân nr.49 sc.D, Brașov
14428	45.654351	25.590026	str. Bisericii Române, nr. 51, Brașov
14429	45.65198	25.583582	str.Memorandului nr.9, Brașov
14430	45.652205	25.583386	str.Memorandului nr. 13, Brașov
14431	45.655802	25.605559	str. 13 Decembrie nr. 29, Brașov
14432	45.666238	25.599534	str. Independenţei nr. 9, Brașov
14433	45.666536	25.600313	str. Independenţei nr. 80, Brașov
14434	45.666619	25.599494	str. Independenţei nr. 82, Brașov
14435	45.668125	25.603637	str. Gl.Dumitrache nr 4 sc ABC, Brașov
14436	45.665237	25.597391	str. Gloriei, nr. 18, Brașov
14437	45.664111	25.604217	str Pacii nr. 2 bl 29 (A+B), Brașov
14438	45.664019	25.603753	str Pacii nr. 2 bl 30 (D+E), Brașov
14439	45.664129	25.603665	str Pacii nr. 2 bl 31 (G+H), Brașov
14440	45.66464	25.603768	str Pacii nr. 4 (A+B), Brașov
14441	45.664614	25.587631	str Pacii nr. 6 (A+B), Brașov
14442	45.63887	25.628356	Calea Bucureşti nr. 90 sc. A, Brașov
14443	45.63872	25.628515	Calea Bucureşti nr. 90 sc. B, Brașov
14444	45.638001	25.629271	Calea Bucureşti nr. 94 sc. A, Brașov
14445	45.637853	25.62946	calea Bucureşti nr. 94 sc. B, Brașov
14446	45.634989	25.632529	calea Bucureşti nr. 104 sc. A, Brașov
14447	45.634845	25.632693	calea Bucureşti nr. 104 sc. B, Brașov
14448	45.634649	25.632895	calea Bucureşti nr. 104 sc. C, Brașov
14449	45.634508	25.633066	calea Bucureşti nr. 104 sc. D, Brașov
14450	45.637288	25.628082	str. L.C.Babeş nr. 6 sc. A, Brașov
14451	45.637484	25.628035	str. L.C.Babeş nr. 6 sc. B, Brașov
14452	45.63702	25.627549	str. L.C.Babeş nr. 8 sc. A, Brașov
14453	45.637231	25.627576	str. L.C.Babeş nr. 8 sc. B, Brașov
14454	45.636742	25.627001	str. L.C.Babeş nr. 10 sc. A, Brașov
14455	45.636932	25.626981	str. L.C.Babeş nr. 10 sc. B, Brașov
14456	45.642301	25.621301	str. Al. cel Bun nr. 11 sc. A, Brașov
14457	45.64218	25.621421	str. Al. cel Bun nr. 11 sc. B, Brașov
14458	45.643494	25.620836	str. Al. cel Bun nr. 17 sc. A, Brașov
14459	45.64358	25.620729	str. Al. cel Bun nr. 17 sc. B, Brașov
14460	45.636006	25.623816	Sarmizegetusa nr. 5 bl. 43 sc. A, Brașov
14461	45.636013	25.624066	Sarmizegetusa nr. 5 bl. 43 sc. B, Brașov
14462	45.640404	25.622624	str. Sitarului nr. 15 sc. A, Brașov
14463	45.640004	25.622804	str. Sitarului nr. 15 sc. B, Brașov
14464	45.640051	25.622904	str. Sitarului nr. 15 sc. C, Brașov
14465	45.639935	25.621971	str. Sitarului nr. 19 bl. D 7, Brașov
14466	45.639672	25.621257	str. Sitarului nr. 23 sc. A, Brașov
14467	45.639474	25.621457	str. Sitarului nr. 23 sc. B, Brașov
14468	45.641869	25.619059	str. Pârâului nr. 4 sc. A, Brașov
14469	45.641741	25.619206	str. Pârâului nr. 4 sc. B, Brașov
14470	45.641254	25.620664	str. Pârâului nr. 14 sc. A, Brașov
14471	45.641618	25.620426	str. Pârâului nr. 14 sc. B, Brașov
14472	45.641735	25.619959	str. Pârâului nr. 18 sc. A, Brașov
14473	45.641622	25.619701	str. Pârâului nr. 18 sc. B, Brașov
14474	45.636648	25.609549	bd. Valea Cetăţii nr. 12 sc. A, Brașov
14475	45.636754	25.609109	bd. Valea Cetăţii nr. 12 sc. C, Brașov
14476	45.636562	25.608931	bd. Valea Cetăţii nr. 14 sc. A, Brașov
14477	45.636298	25.608762	bd. Valea Cetăţii nr. 14 sc. C, Brașov
14478	45.655008	25.629648	str. Busuiocului nr. 1, Brașov
14479	45.650943	25.626269	str. Panait Cerna nr. 1, Brașov
14480	45.651785	25.625953	str. Parcul Mic nr. 9, Brașov
14481	45.654649	25.62446	str. Brânduşelor, nr. 37, Brașov
14482	45.656025	25.622363	str. A.Vlahuţă nr. 59 sc. A, Brașov
14483	45.655581	25.622591	str. A.Vlahuţă nr. 59 sc. D, Brașov
14484	45.674748	25.644125	str. Hărmanului nr. 59 sc. BC, Brașov
14485	45.658581	25.622797	str. Hărmanului nr. 70 bl. 137, Brașov
14486	45.659955	25.620711	b-dul Gării nr. 17, Brașov
14487	45.65991	25.6219	b-dul Gării nr. 21, Brașov
14488	45.644775	25.637019	str. Cosmos nr. 3, Brașov
14489	45.64557	25.636662	str. Galaxiei nr. 8, Brașov
14490	45.64128	25.630516	bd. Ştefan cel Mare nr. 3, Brașov
14491	45.641876	25.632093	bd. Ştefan cel Mare nr. 11, Brașov
14492	45.641836	25.632881	bd. Ştefan cel Mare nr. 13, Brașov
14493	45.641879	25.633703	bd. Ştefan cel Mare nr. 17, Brașov
14494	45.639247	25.63358	bd. Ştefan cel Mare nr.18sc.A, Brașov
14495	45.639477	25.633593	bd. Ştefan cel Mare nr.18sc.B, Brașov
14496	45.639699	25.633598	bd. Ştefan cel Mare nr.18sc.C, Brașov
14497	45.640533	25.633652	bd. Ştefan cel Mare nr.19sc.A, Brașov
14498	45.640771	25.633644	bd. Ştefan cel Mare nr.19sc.B, Brașov
14499	45.640996	25.633634	bd. Ştefan cel Mare nr.19sc.C, Brașov
14500	45.639216	25.634295	bd. Ştefan cel Mare nr.20sc.A, Brașov
14501	45.639466	25.634258	bd. Ştefan cel Mare nr.20sc.B, Brașov
14502	45.639689	25.634288	bd. Ştefan cel Mare nr.20sc.C, Brașov
14503	45.639685	25.634622	bd. Ştefan cel Mare nr.22sc.A, Brașov
14504	45.639484	25.634589	bd. Ştefan cel Mare nr.22sc.B, Brașov
14505	45.639257	25.634611	bd. Ştefan cel Mare nr.22sc.C, Brașov
14506	45.640547	25.634323	bd. Ştefan cel Mare nr.23sc.A, Brașov
14507	45.640751	25.634346	bd. Ştefan cel Mare nr.23sc.B, Brașov
14508	45.640996	25.634332	bd. Ştefan cel Mare nr.23sc.C, Brașov
14509	45.639633	25.63531	bd. Ştefan cel Mare nr.24sc.A, Brașov
14510	45.639439	25.635293	bd. Ştefan cel Mare nr.24sc.B, Brașov
14511	45.639258	25.635301	bd. Ştefan cel Mare nr.24sc.C, Brașov
14512	45.640926	25.634694	bd. Ştefan cel Mare nr.25sc.A, Brașov
14513	45.640764	25.634694	bd. Ştefan cel Mare nr.25sc.B, Brașov
14514	45.640549	25.63469	bd. Ştefan cel Mare nr.25sc.C, Brașov
14515	45.640993	25.63538	bd. Ştefan cel Mare nr.27sc.A, Brașov
14516	45.640752	25.635378	bd. Ştefan cel Mare nr.27sc.B, Brașov
14517	45.640532	25.635343	bd. Ştefan cel Mare nr.27sc.C, Brașov
14518	45.649229	25.621511	str. Traian nr. 4 - 1 (Privilegio), Brașov
14519	45.649229	25.621511	str. Traian nr. 4 - 2 (Privilegio), Brașov
14520	45.660934	25.615184	CNCF "CFR" SA - secţia CT 1 - str. Gării nr. 5, Brașov
14521	45.660894	25.615429	CNCF "CFR" SA - suc. Regionala de Căi Ferate - str. Gării nr. 5, Brașov
14522	45.657051	25.593388	SC GDF Suez Energy România SA - str. Bisericii Române nr. 107A, Brașov
14523	45.644657	25.592187	SC Romtelecom SA - Centrul Telecomunicaţii -str.M. Sadoveanu nr 7, Brașov
14524	45.654329	25.614725	CEC Bank - sucursala Braşov, str. Hărmanului nr. 13, Brașov
14525	45.656381	25.603331	SC FDEE SA - str. Pictor Luchian nr. 25, Brașov
14526	45.653301	25.612598	Direcţia Generală a Finanţelor Publice - str. M. Kogălniceanu nr.7, Brașov
14527	45.665633	25.587085	Dir Reg pentru Accize şi Operaţiuni Vamale - str Stadionului nr.15, Brașov
14528	45.665649	25.587195	Dir Reg pentru Accize şi Operaţiuni Vamale - str Stadionului nr 15, Brașov
14529	45.648644	25.620219	Spitalul Clinic Judeţean de Urgenţă - Calea Bucureşti nr. 25-27, Brașov
14530	45.656044	25.575367	Spitalul Oncologic - str. Carierei nr. 65 A, Brașov
14531	45.624692	25.626019	SC Roman SA - str. Poienelor nr. 5, Brașov
14532	45.631091	25.628904	SC Roman SA - str. Poienelor nr. 5, Brașov
14533	45.627316	25.628422	SC Roman SA - str. Poienelor nr. 5, Brașov
14534	45.634658	25.622446	SC Metrom SA - str.Carpaţilor nr.60, Brașov
14535	45.633983	25.622626	SC Metrom SA - str.Carpaţilor nr.60, Brașov
14536	45.633541	25.620356	SC Metrom Trading SA - str. Carpaţilor nr. 60, Brașov
14537	45.67451	25.612811	SC Hidromecanica SA - str. 13 Decembrie nr.94A, Brașov
14538	45.674681	25.613228	SC Hidromecanica SA - str. 13 Decembrie nr.94A, Brașov
14539	45.647364	25.605171	SC Carpatex SA - str. N. Titulescu nr. 2, Brașov
14540	45.655459	25.591453	SC Iason SA - str. Avram Iancu nr. 40-42, Brașov
14541	45.627453	25.620121	SC Europharm SA -str. Poenelor nr. 5, Brașov
14542	45.660448	25.614023	SC Iporo Com SRL-str. Gării nr. 7, Brașov
14543	45.65786	25.562325	SC Auchan City-Vest SRL - str. Cristianului nr.5, Brașov
14544	45.630954	25.639218	Carrefour România SRL - Calea Bucureşti nr. 107, Brașov
14545	45.660737	25.611268	SC Unirea Shopping Center SA - b-dul Gării nr. 3A, Brașov
14546	45.64434	25.571899	SC General Nordik SRL - str. Stejeriş nr. 27, Brașov
14547	45.653986	25.623788	SC Vivre Bien SRL - str. Brânduşelor nr. 74, Brașov
14548	45.65394	25.623351	SC Miriam&amp; Riccardo SRL - str. Brânduşelor nr. 68-70, Brașov
14549	45.64795	25.618893	SC ASIT Services SRL - Calea Bucureşti nr. 10 B, Brașov
14550	45.630075	25.64012	SC Bricostore SRL - Calea Bucureşti nr. 109, Brașov
14551	45.63321	25.638807	SC Mobexpert SRL - Calea Bucureşti nr. 105A, Brașov
14552	45.632415	25.582278	SC Petrol Grup LT SRL - str. Ţibleş nr. 7-8, Brașov
14553	45.65979	25.593527	SC Panfil SRL - str. Plevnei nr. 13, Brașov
14554	45.673458	25.587123	SC Dip&amp;Gip SRL -str. Bazaltului nr. 2, Brașov
14555	45.631084	25.636304	SC Euro Motor SRL - Calea Bucureşti nr. 132, Brașov
14556	45.651276	25.617227	Biserica Romano-Catolică - str. Zizinului nr. 7, Brașov
14557	45.649382	25.647942	S Carfil SA - str. Zizinului nr. 119, Brașov
14558	45.649343	25.648945	S Carfil SA - str. Zizinului nr. 119, Brașov
14559	45.699073	25.445789	str. Lungă nr. 111, Codlea
14560	45.690673	25.455856	SC Mecanica Codlea SA str. Rampei, nr. 1, Codlea
14561	45.832848	24.971883	str. Filimon Sârbu bl. 2A, Făgăraș
14562	45.832639	24.971749	str. Filimon Sârbu bl. 2B, Făgăraș
14563	45.832666	24.97216	str. Filimon Sârbu bl. 3, Făgăraș
14564	45.832605	24.972572	str. Filimon Sârbu bl. 4, Făgăraș
14565	45.832708	24.972991	str. Filimon Sârbu bl. 5, Făgăraș
14566	45.832708	24.972991	str. Filimon Sârbu bl. 7, Făgăraș
14567	45.83271	24.974477	str. Filimon Sârbu bl. 9, Făgăraș
14568	45.832688	24.974982	str. Filimon Sârbu bl. 10, Făgăraș
14569	45.830934	24.975894	Str. Gării nr.2, sc.A, Făgăraș
14570	45.831023	24.975701	Str. Gării nr.2, sc.B, Făgăraș
14571	45.805068	24.958264	SC Fabrica de Pulberi SRL - str.Combinatului, nr.14, Făgăraș
14572	45.805265	25.963717	SC Fabrica de Pulberi SRL - str.Combinatului, nr.14, Făgăraș
14573	45.820979	24.967316	SC Nitroporos SRL - str. Combinatului nr. 1, Făgăraș
14574	45.821153	24.967361	SC Nitroporos SRL - str. Combinatului nr. 1, Făgăraș
14575	45.824804	24.963804	Casa Maria - Complex Servicii Făgăraş, str. Combinatului nr. 8, Făgăraș
14576	45.617992	25.693812	str. Piaţa Libertăţii nr. 24, Săcele
14577	45.615995	25.724302	Liceul Tehnologic "Victor Jinga" - Aleea Episcop Popeea nr. 20, Săcele
14578	45.614696	25.724505	SC Electroprecizia SA - str. Parcului nr. 12, Săcele
14579	45.615173	25.72538	SC Electroprecizia SA - str. Parcului nr. 12, Săcele
14580	45.693206	25.532385	SC IAR SA – str.Aeroportului nr. 1, Ghimbav
14581	45.693946	25.530348	SC IAR SA – str. Aeroportului nr. 1, Ghimbav
14582	45.51113	25.567829	SC Andy Hotels SA - str. Trei Brazi 20, Predeal
14583	45.590545	25.465033	str. Piaţa Unirii nr. 12, Râșnov
14584	45.591954	25.466755	str. Izvor nr. 10, sc.2, Râșnov
14585	45.726371	24.703218	str. Libertăţii nr. 1, Victoria
14586	45.726111	24.703539	str. Libertăţii nr. 2, Victoria
14587	45.726445	24.703169	str. Libertăţii nr. 3, Victoria
14588	45.726444	24.703321	str. Libertăţii nr. 4, Victoria
14589	45.727179	25.702992	str. Libertăţii nr. 5, Victoria
14590	45.726913	25.703198	str. Libertăţii nr. 6, Victoria
14591	45.727447	24.703082	str. Libertăţii nr. 8, Victoria
14592	45.72794	24.703013	str. Libertăţii nr. 10, Victoria
14593	45.728532	24.702858	str. Libertăţii nr. 11, Victoria
14594	45.728378	24.702996	str. Libertăţii nr. 12, Victoria
14595	45.728896	24.702788	str. Libertăţii nr. 13, Victoria
14596	45.725291	24.702845	str. Policlinicii nr. 2, Victoria
14597	45.725313	24.703039	str. Policlinicii nr. 4, Victoria
14598	45.725365	24.703494	str. Policlinicii nr. 6, Victoria
14599	45.725686	24.703481	str. Policlinicii nr. 8, Victoria
14600	45.725832	24.703785	str. Policlinicii nr. 10, Victoria
14601	45.72746	24.700484	str. Stadionului nr. 14, Victoria
14602	45.727332	24.702398	str. Trandafirilor nr. 1, Victoria
14603	45.727515	24.702379	str. Trandafirilor nr. 2, Victoria
14604	45.711684	24.701428	SC Viromet SA Victoria - aleea Uzinei nr. 8 - Sediu, Victoria
14605	45.711684	24.701428	SC Viromet SA Victoria - aleea Uzinei nr. 8, Victoria
14606	45.560944	25.316509	str. M.I. Meţianu nr. 1, Zărnești
14607	45.560846	25.317483	str. M.I. Meţianu nr. 9, Zărnești
14608	45.571533	25.340822	str. Pompiliu Dan nr. 11/B, Zărnești
14609	45.571297	25.340156	str. Pompiliu Dan nr. 11/E, Zărnești
14610	45.573501	25.344251	str. Pompiliu Dan nr. 7/E, Zărnești
14611	45.571904	25.342846	str. Bucegi nr. 2/B, Zărnești
14612	45.570885	25.340465	str. Negoiu nr. 2/A, Zărnești
14613	45.564606	25.351612	SC Tohan SA - aleea Uzinei nr. 1, Zărnești
14614	45.565521	25.352351	SC Tohan SA - Aleea Uzinei nr. 1, Zărnești
14615	45.53641	25.378204	SC Marina SRL - str. Branului, Zărnești
14616	45.535401	25.375625	SC Secomi Const SRL - Tohanu Nou fn., Zărnești
14617	45.528469	25.401409	SC Finex Global Solutions SRL Bran-Sohodol, 66 C, Bran
14618	45.506198	25.381235	SC La Vâltoare SRL Bran -Poarta, nr. 68, Bran-Poartă
14619	45.485345	25.355529	SC Adrian Turism SRL Bran - Şimon, nr. 296, Bran – Şimon
14620	45.525805	25.373842	SC Pensiunea Genţiana SRL Bran - Sohodol, Principală 146 A, Bran-Sohodol
14621	45.509884	25.393295	SC Sab&amp;Co Enterprises SRL Bran - Sohodol, Principală 67, Bran-Sohodol
14622	45.527869	25.363674	SC Muntele Rece SRL Bran - Predeluţ, str. Bisericii nr. 5, Bran-Predeluţ
14623	45.472614	25.29669	SC Impact Distribution SRL Fundata, str. Principală nr. 45, Fundata
14624	45.841544	25.502252	CNU Bucureşti - sucursala Feldioara, str. Dumbrăvii nr 1, Feldioara, Feldioara
14625	45.160604	26.81736	Bloc G l, Aleea Pietroasele, cartier Micro III, Buzău
14626	45.159426	26.82007	Bloc G2, Aleea Pietroasele, cartier Micro III, Buzău
14627	45.159143	26.821957	Bloc B 14, Scara A, cartier Micro III, Strada Pietroasele B14, Buzău
14628	45.159143	26.821957	Bloc B 14, Scara B, cartier Micro III, Strada Pietroasele B14, Buzău
14629	45.159533	26.820854	Str, Chiristigii Bloc B 12, Scara A, cartier Micro III, Buzău
14630	45.159533	26.820854	Bloc B 12, Scara B, cartier Micro III, Strada Fragului, Buzău
14631	45.159426	26.82007	Bloc B 10, Scara A, cartier Micro III, Strada Pietroasele, Buzău
14632	45.159426	26.82007	Bloc B 10, Scara B, cartier Micro III, Strada Pietroasele, Buzău
14633	45.159712	26.820512	Bloc B 11, Scara A, cartier Micro III, Strada Pietroasele B11, Buzău
14634	45.159712	26.820512	Bloc B 11, Scara B, cartier Micro III, Strada Pietroasele B11, Buzău
14635	45.15374	26.79519	Bloc 11 B, Scara A, cartier Micro XIV, Aleea Școlilor 11, Buzău
14636	45.15329	26.79516	Bloc 11 B, Scara B, cartier Micro XIV, Aleea Școlilor 11, Buzău
14637	45.150791	26.813158	Bloc “Crinul Alb”, b-dul col, Ion Buzoianu, Buzău
14638	45.146814	26.837817	Bloc 22, Scara A, cartier Micro V, Strada Alexandru Marghiloman, Buzău
14639	45.146814	26.837817	Bloc 22, Scara B, cartier Micro V, Strada Alexandru Marghiloman, Buzău
14640	45.14512	26.83498	Bloc 30, Scara A, cartier Micro V, Strada Vulturului, Buzău
14641	45.14518	26.83531	Bloc 30, Scara B, cartier Micro V, Strada Vulturului, Buzău
14642	45.147234	26.835301	Bloc 10, Scara A, cartier Micro V, Strada Decebal, Buzău
14643	45.147234	26.835301	Bloc 10, Scara B, cartier Micro V, Strada Decebal, Buzău
14644	45.147234	26.835301	Bloc 10, Scara C, cartier Micro V, Strada Decebal, Buzău
14645	45.147778	26.835703	Bloc 4, Scara A, cartier Micro V, Strada Victoriei, Buzău
14646	45.147778	26.835703	Bloc 4, Scara B, cartier Micro V, Strada Victoriei, Buzău
14647	45.147778	26.835703	Bloc 4, Scara C, cartier Micro V, Strada Victoriei, Buzău
14648	45.147374	26.836346	Bloc 6, Scara A, cartier Micro V, Aleea Jupiter, Buzău
14649	45.147374	26.836346	Bloc 6, Scara B, cartier Micro V, Aleea Jupiter, Buzău
14650	45.147374	26.836346	Bloc 6, Scara C, cartier Micro V, Aleea Jupiter, Buzău
14651	45.150811	26.834962	Bloc J 1, cartier Broşteni, Aleea Crăițelor, Buzău
14652	45.154698	26.832609	Bloc D15, cartier Broşteni, Strada Broşteni, Buzău
14653	45.379234	27.048703	Bl,1A – Zona Gară, Str, Nicolae Bălcescu 1, Râmnicu Sărat
14654	45.376881	27.041565	Bloc Omega, Fundătura Mihai Eminescu nr, 1, Râmnicu Sărat
14655	45.163398	26.807384	S,C, Romcarbon S,A, Buzău, str, Transilvaniei nr, 132, Buzău
14656	45.1366	26.852554	S,C, Beta S,A, Buzău, str, Şantierului nr, 39, Buzău
14657	45.156973	26.815836	S,C, Contactoare S,A, Buzău, str, Mesteacănului nr, 10, Buzău
14658	45.134696	26.837889	S,C, Bunge România S,R,L,, Alea Industriilor nr, 5-7, Buzău
14659	45.133963	26.817593	S,C, Ductil Steel S,A Buzău, Alea Industriilor nr, 1, Buzău
14660	45.162235	26.787593	SC Ursus Breweries SA – Sucursala Buzău - Mun, Buzău, str,<br />Transilvaniei nr, 311, Buzău
14661	45.152121	26.82538	Spitalul Judeţean de Urgenţă Buzău – Secţia Maternitate, str, Victoriei nr,<br />18, Buzău
14662	45.16286	26.81757	S,C, „NEPI Rockcastle” Aurora Mall Buzău S,R,L,, B-dul Unirii, nr, 232, Buzău
14663	45.134081	26.824825	S,C, Gerom S,A, Buzău, Alea Industriilor nr, 1-3, Buzău
14664	45.139	26.85577	S,C, METAL PRES ROM S,R,L, şos, Brăilei nr, 15, Buzău
14665	45.143206	26.825853	C,N, C,F,R, S,A, - S,R,C,F, Galați - Staţia CF Bz, str, 1 Decembrie 1918<br />nr, 1, Buzău
14666	45.15065	26.80129	Spitalul Judeţean de Urgenţă Buzău, str, Stadionului nr, 7, Buzău
14667	45.15075	26.7995	Centrul de Transfuzie Sanguină Buzău, str, Gen, Baștan nr, 2, Buzău
14668	45.1543	26.819336	S,C, OMV Petrom S,A, Field Cluster TBB Buzău, str, Unirii, Buzău
14669	45.153253	26.81653	Agenţia pentru Protecţia Mediului Buzău, str, Democrației nr, 11, Buzău
14670	45.381731	27.059518	S,C, Elars S,A, Rm, Sărat, str, Industriilor nr, 4, Râmnicu Sărat
14671	45.385008	27.059518	S,C, Tabacco Galaxy S,A,, str, Industriilor, Râmnicu Sărat
14672	45.351263	26.34469	S,C, GOPI SERVICII S,R,L, – Pensiunea Valea Lupului, com,<br />Pătârlagele, sat Valea Lupului, DN 10 22, Pătârlagele
14673	44.205031	27.311455	GDF GAZ SUEZ ENERGY S.A. - str. Luceafarului nr. 20, Calarasi
14674	44.193147	27.327601	Direcţia Generală a Finanţelor Publice. Sucursala Calarasi ANAF - str.<br />Eroilor nr. 6-8, Calarasi
14675	44.203429	27.312743	Direcţia Generală de Asistenţă Socială şi Protecţia Copilului - Centrul de Servicii Sociale pentru Copil şi Familie S.E.R.A. - str. Belsugului nr. 7, Calarasi
14676	44.193873	27.328869	Tribunalul Calarasi - str. Bucuresti nr.106, Calarasi
14677	44.196097	27.322976	Agentia judeteana pentru plati si inspectie sociala / Casa de Pensii - str.<br />Flacara nr. 57-59, Calarasi
14678	44.193731	27.351928	Spitalul de Pneumoftiziologie Călăraşi - Varianta Nord nr. 2, Calarasi
14679	44.191519	27.333178	B.C.R. - Sucursala Călăraşi -str. Sloboziei, nr. 4, Calarasi
14680	44.219292	27.327597	S.C. SAINT GOBAIN GLASS ROMANIA S.R.L. str. Varianta Nord nr.<br />61, Calarasi
14681	44.193712	27.327511	INSPECTORATUL TERITORIAL DE MUNCA CĂLĂRAŞI, str. Flacara<br />nr. 109, Calarasi
14682	44.214898	27.298134	A.D.R. SUD MUNTENIA - str. General C-tin Pantazi nr. 7A, Calarasi
14683	44.088069	26.638329	B.C.R. - Sucursala Oltenita - Oltenita, str. Republicii, nr. 56, Calarasi
14684	44.097383	26.647239	S.C. TONERFILL ROMÂNIA (TURBONROM) S.R.L.- Oltenita, B-dul 1<br />Decembrie nr.2, Calarasi
14685	44.400933	27.373069	S.C. FLOWTECH CROPS S.R.L. sat Drajna Noua, com. Dragalina, Dragalina
14686	44.204337	27.306135	Primăria Călăraşi SPCTLAFL-TERMO, Bl. G15, str. Pescăruş nr. 47, Calarasi
14687	44.204443	27.305808	Primăria Călăraşi S.P. CTLAFL-TERMO, Bl. G16 str. Pescarus nr. 45, Calarasi
14688	44.204752	27.319984	Primăria Călăraşi S.P. CTLAFL-TERMO, Bl. G17, str. Pescăruş nr. 43, Calarasi
14689	44.204284	27.319849	Primăria Călăraşi SPCTLAFL Bl. L22, sc. 1, str. Borcea, Calarasi
14690	44.204541	27.319984	Primăria Călăraşi SPCTLAFL Bl. L23, sc. 1, str. Borcea, Calarasi
14691	44.204731	27.320194	Primăria Călăraşi SPCTLAFL Bl. L24, sc. 1, str. Borcea, Calarasi
14692	44.206039	27.319224	Primăria Călăraşi SPCTLAFL Bl. L29, sc. 1, str. Baraganului, Calarasi
14693	44.205841	27.319016	Primăria Călăraşi SPCTLAFL Bl. L29, sc. 3, str. Baraganului, Calarasi
14694	44.205868	27.319537	Primăria Călăraşi SPCTLAFL Bl. L30, sc. 1, str. Baraganului, Calarasi
14695	44.20552	27.319229	Primăria Călăraşi SPCTLAFL Bl. L30, sc. 3, str. Baraganului, Calarasi
14696	44.205698	27.319856	Primăria Călăraşi SPCTLAFL Bl. L31, sc. 1, str. Baraganului, Calarasi
14697	44.205356	27.319542	Primăria Călăraşi SPCTLAFL Bl. L31, sc. 3, str. Baraganului, Calarasi
14698	45.288361	21.895194	UCMRStr Golului nr. 1, Reșița
14699	45.288361	21.895194	UCMR Str Golului nr. 1, Reșița
14700	45.292139	21.903117	TMK ReşiţaStr. Traian Lalescu, 36, Reșița
14701	45.288083	21.885603	Banca Comerciala Romana, str. IL. Caragiale, nr. 10, Reșița
14702	45.323833	21.877806	Muzeul Judeţean Caraş -Severin Bulevardul Republicii, nr.10, Reșița
14703	45.318204	21.878761	Bulevardul Republicii, nr. 1-3EVA CENTER, Reșița
14704	45.294556	21.880194	Bulevardul A.I.Cuza nr. 20, Reșița
14705	45.298972	21.87775	Str. Gratz, Bl.7,Sc. 1 si 2, Reșița
14706	45.299194	21.878306	Str. Gratz, nr.5, sc.1, Reșița
14707	45.299361	21.878861	Str. Gratz, nr.3, sc.3, Reșița
14708	45.298694	21.879917	Str. George Enescu nr. 2, F1, Sc.1, Reșița
14709	45.298694	21.879917	Str. George Enescu nr. 2, F1, Sc.2, Reșița
14710	45.298417	21.879183	Str. George Enescu nr. 4, Sc.1, Reșița
14711	45.297861	21.877861	Str. George Enescu nr. 8 sc.3, Reșița
14712	45.328872	21.872165	Str. Cibinului nr. 1, sc.B stânga, Reșița
14713	45.328872	21.872165	Str. Cibinului nr. 1, sc.Bdreapta, Reșița
14714	45.329194	21.872639	Str. Rodnei, nr.15, sc.Astânga, Reșița
14715	45.329194	21.872639	Str. Rodnei, nr.15, sc.Adreapta, Reșița
14716	45.329306	21.872508	Str. Rodnei, nr.15, sc.Bstânga, Reșița
14717	45.329306	21.872508	Str. Rodnei, nr.15, sc.Bdreapta, Reșița
14718	45.329467	21.871953	Str. Măcinului, bl.2, sc.A stânga, Reșița
14719	45.329467	21.871953	Str. Măcinului, bl.2, sc.Adreapta, Reșița
14720	45.329306	21.871778	Str. Măcinului, bl.2, sc.B stânga, Reșița
14721	45.329306	21.871778	Str. Măcinului, bl.2, sc.B dreapta, Reșița
14722	45.322771	21.881234	Aleea Buziaş, nr. 1A, sc.2stînga, Reșița
14723	45.322771	21.881234	Aleea Buziaş, nr. 1A, sc.2dreapta, Reșița
14724	45.323234	21.881514	Str.Făgăraşului nr. 9, sc.Astânga, Reșița
14725	45.323234	21.881514	Str.Făgăraşului nr. 9, sc.ADreapta, Reșița
14726	45.323594	21.881209	Str.Făgăraşului nr. 11, sc.AStânga, Reșița
14727	45.323594	21.881209	Str.Făgăraşului nr. 11, sc.ADreapta, Reșița
14728	45.324398	21.879953	Aleea Herculane, nr. 3, Reșița
14729	45.298647	21.874468	Bloc ANLStr. Sportului, Reșița
14730	45.324683	21.871997	Bloc ANL Aleea Daliilor, nr.7, sc.1, Reșița
14731	45.41436	22.204579	Str. Nicolae Bălcescu nr. 116, Caransebeș
14732	45.41436	22.204579	Str. Nicolae Bălcescu nr. 122, Caransebeș
14733	45.437778	22.226111	DN 68,km 3,2 Caromet S.A., Caransebeș
14734	45.408355	22.236445	Str. Subdeal, nr. 4C, Caransebeș
14735	44.879732	22.412348	Str. Castanilor, nr. 17A, Băile Herculane
14736	44.87909	22.412663	Str. Castanilor, nr. 13C, Băile Herculane
14737	45.523327	22.36541	str. Republici nr.79 Școala cu clasele I-VIII nr. 1, Oțelu Roșu
14738	45.516722	22.355711	Str. Stefan cel Mare bl.3, Oțelu Roșu
14739	45.516363	22.355507	Str. Stefan cel Mare bl.4, Oțelu Roșu
14740	45.523557	22.353387	Str. Oţelarilor, nr. 26, Oțelu Roșu
14741	45.376832	21.719793	CM Bocşaactual Energo BucureştiStr. Republicii, nr 8, Bocșa
14742	44.781266	21.713369	Moldoviţa, str. Principală, Moldova Nouă
14743	45.528844	22.444542	Sat Voislova, nr. 202 Omya Calcita București Punct Lucru Voislova, Zăvoi
14744	46.755634	23.546379	Str. Gr. Alexandrescu nr.28, Cluj-Napoca
14745	46.752427	23.554223	Str. Bucegi nr. 8, Cluj-Napoca
14746	46.753956	23.555389	Str. Bucegi nr. 9, Cluj-Napoca
14747	46.754733	23.558034	Str. Bucegi nr. 13, Cluj-Napoca
14748	46.753395	23.555356	AleeaTazlău nr.1, Cluj-Napoca
14749	46.751802	23.554715	Aleea Tazlău nr.7 sc. 2, Cluj-Napoca
14750	46.750039	23.550492	Aleea Ciucaş nr.7 scara 1, Cluj-Napoca
14751	46.749965	23.550719	Aleea Ciucaş nr.7 scara 2, Cluj-Napoca
14752	46.74987	23.550943	Aleea Ciucaş nr.7 scara 3, Cluj-Napoca
14753	46.74978	23.551215	Aleea Ciucaş nr.7 scara 4, Cluj-Napoca
14754	46.749696	23.551421	Aleea Ciucaş nr.7 scara 5, Cluj-Napoca
14755	46.749586	23.551646	Aleea Ciucaş nr.7 scara 6, Cluj-Napoca
14756	46.749676	23.55034	Aleea Ciucaş nr.9 scara 1, Cluj-Napoca
14757	46.749563	23.550631	Aleea Ciucaş nr.9 scara 2, Cluj-Napoca
14758	46.749448	23.550936	Aleea Ciucaş nr.9 scara 3, Cluj-Napoca
14759	46.749352	23.551207	Aleea Ciucaş nr.9 scara 4, Cluj-Napoca
14760	46.750942	23.545235	Aleea Clăbucet nr.2A, Cluj-Napoca
14761	46.750774	23.544647	Aleea Clăbucet nr.4A, Cluj-Napoca
14762	46.75466	23.561017	Str. Mehedinţi nr. 1-3 scara 2, Cluj-Napoca
14763	46.753867	23.557449	Str. Mehedinţi nr. 30-32 sc. 1, Cluj-Napoca
14764	46.753816	23.5575	Str. Mehedinţi nr. 30-32 sc. 2, Cluj-Napoca
14765	46.753786	23.556897	Str. Mehedinţi nr. 34-36 sc. 1, Cluj-Napoca
14766	46.753704	23.557041	Str. Mehedinţi nr. 34-36 sc. 2, Cluj-Napoca
14767	46.75289	23.55621	Str. Mehedinţi nr. 42-44 sc. 1, Cluj-Napoca
14768	46.752803	23.556343	Str. Mehedinţi nr. 42-44 sc. 2, Cluj-Napoca
14769	46.752522	23.556318	Str. Mehedinţi nr. 46-48 sc. 1, Cluj-Napoca
14770	46.752574	23.555985	Str. Mehedinţi nr. 46-48 sc. 2, Cluj-Napoca
14771	46.750892	23.556131	Str. Mehedinţi nr. 62-64 sc. 1, Cluj-Napoca
14772	46.750943	23.555816	Str. Mehedinţi nr. 62-64 sc. 2, Cluj-Napoca
14773	46.750502	23.556457	Str. Mehedinţi nr. 66-68 sc. 1, Cluj-Napoca
14774	46.750548	23.556097	Str. Mehedinţi nr. 66-68 sc. 2, Cluj-Napoca
14775	46.750135	23.557019	Str. Mehedinţi nr. 70-72 sc. 1, Cluj-Napoca
14776	46.750229	23.556689	Str. Mehedinţi nr. 70-72 sc. 2, Cluj-Napoca
14777	46.753822	23.563317	Aleea Vidraru nr. 5-7 sc. 1, Cluj-Napoca
14778	46.753566	23.563337	Aleea Vidraru nr. 5-7 sc. 2, Cluj-Napoca
14779	46.754486	23.56291	Aleea Vidraru nr. 9-11 sc. 1, Cluj-Napoca
14780	46.754163	23.562976	Aleea Vidraru nr. 9-11 sc. 2, Cluj-Napoca
14781	46.754802	23.561714	Aleea Vidraru nr. 17-19, Cluj-Napoca
14782	46.753381	23.562785	Aleea Moldoveanu nr.5, Cluj-Napoca
14783	46.762801	23.564882	Aleea Tarniţa nr. 7, Cluj-Napoca
14784	46.76213	23.563691	Aleea Firiza nr.4, Cluj-Napoca
14785	46.757278	23.563004	Str. Câmpului nr.40 sc. 1, Cluj-Napoca
14786	46.757103	23.562978	Str. Câmpului nr.40 sc. 2, Cluj-Napoca
14787	46.755549	23.558442	Str. Izlazului nr. 14 sc. 1, Cluj-Napoca
14788	46.755545	23.558925	Str. Izlazului nr. 14 sc. 2, Cluj-Napoca
14789	46.75574	23.563493	Str. Izlazului nr. 2, Cluj-Napoca
14790	46.757018	23.558869	Str. Ion Meşter nr. 6 sc. 2, Cluj-Napoca
14791	46.757429	23.558888	Str. Ion Meşter nr. 6 sc. 3, Cluj-Napoca
14792	46.758439	23.551631	Aleea Padin nr.20 bl. V1, Cluj-Napoca
14793	46.754154	23.550625	Aleea Peana nr. 18, Cluj-Napoca
14794	46.762029	23.549333	Str. Arinilor nr.11, Cluj-Napoca
14795	46.761673	23.549582	Str. Arinilor nr.13, Cluj-Napoca
14796	46.758555	23.548848	Calea Floreşti nr. 58, Cluj-Napoca
14797	46.75845	23.548396	Calea Floreşti nr. 58B, Cluj-Napoca
14798	46.759505	23.548629	Str. Tăşnad 23, Cluj-Napoca
14799	46.767101	23.546434	Str.Donath nr.180 scara 1, Cluj-Napoca
14800	46.765743	23.544735	Str.Donath nr.182, Cluj-Napoca
14801	46.766981	23.548687	Str. Mirăslău nr. 4 scara 1, Cluj-Napoca
14802	46.766727	23.54914	Str. Fântânele nr. 32 scara 1, Cluj-Napoca
14803	46.770035	23.610222	Str. Aurel Suciu nr.32 Sc. 3, Cluj-Napoca
14804	46.770646	23.610209	Str. Aurel Suciu nr.32 Sc. 4, Cluj-Napoca
14805	46.768074	23.601439	B-dul N. Titulescu nr.11-15, Cluj-Napoca
14806	46.769304	23.616122	B-dul N. Titulescu nr.163 sc.1, Cluj-Napoca
14807	46.769272	23.616333	B-dul N. Titulescu nr.163 sc.2, Cluj-Napoca
14808	46.779048	23.616339	Str. Aurel Vlaicu nr.3 scara 5, Cluj-Napoca
14809	46.77907	23.616519	Str. Aurel Vlaicu nr.3 scara 6, Cluj-Napoca
14810	46.779112	23.616695	Str. Aurel Vlaicu nr.3 scara 7, Cluj-Napoca
14811	46.779155	23.616876	Str. Aurel Vlaicu nr.3 scara 8, Cluj-Napoca
14812	46.782948	23.626462	Str. Teleorman nr. 65, Cluj-Napoca
14813	46.779092	23.614034	Str. Fabricii nr.1 scara 1, Cluj-Napoca
14814	46.779327	23.613961	Str. Fabricii nr.1 scara 2, Cluj-Napoca
14815	46.77956	23.613892	Str. Fabricii nr.1 scara 3, Cluj-Napoca
14816	46.779721	23.613811	Str. Fabricii nr.1 scara 4, Cluj-Napoca
14817	46.779874	23.613759	Str. Fabricii nr.1 scara 5, Cluj-Napoca
14818	46.780085	23.614344	Str. Fabricii nr.4 scara 1, Cluj-Napoca
14819	46.780275	23.614273	Str. Fabricii nr.4 scara 2, Cluj-Napoca
14820	46.780996	23.616522	Str. Fabricii de Zahăr nr.8, Cluj-Napoca
14821	46.78919	23.641488	Str. Timişului nr. 73 sc.1, Cluj-Napoca
14822	46.78928	23.641466	Str. Timişului nr. 73 sc.2, Cluj-Napoca
14823	46.789389	23.641312	Str. Timişului nr. 73 sc.3, Cluj-Napoca
14824	46.789174	23.641874	Str. Timişului nr. 75 sc.1, Cluj-Napoca
14825	46.789323	23.641874	Str. Timişului nr. 75 sc.2, Cluj-Napoca
14826	46.789465	23.641861	Str. Timişului nr. 75 sc.3, Cluj-Napoca
14827	46.78955	23.642148	Str. Timişului nr. 77, Cluj-Napoca
14828	46.789158	23.643189	Str. Timişului nr. 79 sc.1, Cluj-Napoca
14829	46.789262	23.643172	Str. Timişului nr. 79 sc.2, Cluj-Napoca
14830	46.789389	23.643166	Str. Timişului nr. 79 sc.3, Cluj-Napoca
14831	46.789525	23.643	Str. Timişului nr. 79 sc.4, Cluj-Napoca
14832	46.789151	23.643623	Str. Timişului nr. 80 sc.1, Cluj-Napoca
14833	46.789274	23.643605	Str. Timişului nr. 80 sc.2, Cluj-Napoca
14834	46.789405	23.643603	Str. Timişului nr. 80 sc.3, Cluj-Napoca
14835	46.789525	23.643427	Str. Timişului nr. 80 sc.4, Cluj-Napoca
14836	46.789162	23.642397	Str. Blajului nr. 61 sc.1, Cluj-Napoca
14837	46.789287	23.642376	Str. Blajului nr. 61 sc.2, Cluj-Napoca
14838	46.789433	23.642378	Str. Blajului nr. 61 sc.3, Cluj-Napoca
14839	46.789843	23.643226	Str. Blajului nr. 63 sc. 2, Cluj-Napoca
14840	46.789872	23.643429	Str. Blajului nr. 63 sc. 3, Cluj-Napoca
14841	46.789803	23.642992	Str. Blajului nr. 63 sc. 1, Cluj-Napoca
14842	46.78991	23.643633	Str. Blajului nr. 63 sc.4, Cluj-Napoca
14843	46.789165	23.642756	Str. Blajului nr. 64 sc. 1, Cluj-Napoca
14844	46.789302	23.642758	Str. Blajului nr. 64 sc. 2, Cluj-Napoca
14845	46.789439	23.642741	Str. Blajului nr. 64 sc. 3, Cluj-Napoca
14846	46.769027	23.591268	B-dul. Eroilor nr.1, Cluj-Napoca
14847	46.769094	23.594482	Str. I.C. Brătianu nr. 33, Cluj-Napoca
14848	46.771562	23.58359	Str. Cardinal Iuliu Hossu nr. 6-8, Cluj-Napoca
14849	46.77979	23.586067	Str.Câmpeni nr.3 scara 1, Cluj-Napoca
14850	46.780009	23.586071	Str.Câmpeni nr.3 scara 2, Cluj-Napoca
14851	46.775743	23.597197	Str.N.Bălcescu nr.14, Cluj-Napoca
14852	46.775857	23.600692	Str.13 Septembrie.nr.9, Cluj-Napoca
14853	46.775455	23.599649	Str.13 Septembrie.nr.3, Cluj-Napoca
14854	46.769609	23.585352	str.E.Isac nr.4, Cluj-Napoca
14855	46.771152	23.589543	P-ţa Unirii nr.27, Cluj-Napoca
14856	46.764636	23.604008	Str. Muscel nr.20, Cluj-Napoca
14857	46.772082	23.604374	Calea Dorobanților nr. 40, Cluj-Napoca
14858	46.754697	23.545689	Str. Grigore Alexandrescu nr. 47, Cluj-Napoca
14859	46.762064	23.570553	Calea Mănăștur nr. 3-5, Cluj-Napoca
14860	46.782526	23.689641	Str. Traian Vuia 149-151 terminal – plecări, Cluj-Napoca
14861	46.782332	23.688199	Str. Traian Vuia 149-151 terminal– sosiri, Cluj-Napoca
14862	46.75221	23.575536	Str. Gheorghe Dima nr. 5A, Cluj-Napoca
14863	46.7549	23.588614	Str. Observatorului nr.17, Cluj-Napoca
14864	46.7547	23.587915	Str. Observatorului nr.19, Cluj-Napoca
14865	46.754627	23.587094	Str. Observatorului nr.21, Cluj-Napoca
14866	46.767054	23.596703	Str. Avram Iancu 70-72, Cluj-Napoca
14867	46.767215	23.590512	str.Universităţii nr.7-9 intrarea 1, Cluj-Napoca
14868	46.767229	23.591039	str.Universităţii nr.7-9 intrarea 2, Cluj-Napoca
14869	46.763586	23.559383	Str. Pandurilor nr.7, Cluj-Napoca
14870	46.772769	23.62051	Str. Teodor Mihali 58-60 – B5, Cluj-Napoca
14871	46.772919	23.620413	Str. Teodor Mihali 58-60 – B3, Cluj-Napoca
14872	46.773069	23.62033	Str. Teodor Mihali 58-60 – A, Cluj-Napoca
14873	46.772258	23.619004	Str. Teodor Mihali 59 – 1, Cluj-Napoca
14874	46.772694	23.619165	Str. Teodor Mihali 59 – 2, Cluj-Napoca
14875	46.773289	23.620291	Str. Teodor Mihali 58, Cluj-Napoca
14876	46.787989	23.602125	Piața 1 Mai nr. 1-2, Cluj-Napoca
14877	46.773132	23.621077	Str.Teodor Mihali 60, Cluj-Napoca
14878	46.77654	23.615341	Calea Dorobanţilor nr. 104, Cluj-Napoca
14879	46.775222	23.602364	B-dul 21 Decembrie 69-71, Cluj-Napoca
14880	46.794333	23.635711	B-dul Muncii nr. 18, Cluj-Napoca
14881	46.787188	23.590241	Str. Gării nr. 19, Cluj-Napoca
14882	46.787816	23.604453	P-ţa 1 Mai nr.3, Cluj-Napoca
14883	46.772544	23.624567	Str. Alexandru Vaida Voevod nr.53, Cluj-Napoca
14884	46.795034	23.626526	B-dul Muncii nr.14, Cluj-Napoca
14885	46.796933	23.661905	B-dul. Muncii nr. 96, Cluj-Napoca
14886	46.772827	23.589742	Str.Regele Ferdinand 22-26, Cluj-Napoca
14887	46.771704	23.602193	Calea Dorobantilor 20, Cluj-Napoca
14888	46.774316	23.600898	B-dul 21 Decembrie nr. 94-96, Cluj-Napoca
14889	46.780266	23.560216	Tăietuta Turcului 47 H, Cluj-Napoca
14890	46.778344	23.560259	Tăietuta Turcului 47, Cluj-Napoca
14891	46.786129	23.626251	Fabricii de Zahăr nr.113, Cluj-Napoca
14892	46.783319	23.597377	Parcul Feroviarilor nr. 17, Cluj-Napoca
14893	46.775212	23.601854	21 Decembrie 1989 nr. 67, Cluj-Napoca
14894	46.775212	23.601854	P-ta Avram Iancu nr.3, Cluj-Napoca
14895	46.772593	23.597064	P-ta Avram Iancu nr.15, Cluj-Napoca
14896	46.752565	23.632978	Str. Borhanci nr. 76 G bl.2, Cluj-Napoca
14897	46.776839	23.596629	Str. Ploiești nr. 36 – 36B-38, Cluj-Napoca
14898	46.776132	23.604024	B-dul 21 Decembrie nr. 77, Cluj-Napoca
14899	46.751849	23.606426	Str. Trifoiului nr. 22-28 corp A, Cluj-Napoca
14900	46.750516	23.593069	Str. Constantin Noica 2-4, Cluj-Napoca
14901	46.77669	23.601645	Str. Onisifor Ghibu nr. 20A imobil locuințe, Cluj-Napoca
14902	46.776692	23.601648	Str. Onisifor Ghibu nr. 20A clădire cu funcțiune sportivă, Cluj-Napoca
14903	46.776731	23.601563	Str. Onisifor Ghibu nr. 20B, Cluj-Napoca
14904	46.751161	23.600544	Str. Bună Ziua nr. 41 A BL. M6C, Cluj-Napoca
14905	46.778701	23.599071	Str. Gheorghe lazar 1A-3, Cluj-Napoca
14906	47.144503	23.875431	P-ţa 16 Februarie nr. 2, Dej
14907	47.142274	23.875293	Str. 1 Mai nr. 2, Dej
14908	47.141855	23.881635	Str. 1 Mai nr. 14 - 16, Dej
14909	47.141139	23.87706	Str. Avram Iancu nr. 2-4, Dej
14910	47.161195	23.900501	Str. Bistriţei nr. 63, Dej
14911	46.568586	23.786159	Str. 1 Decembrie nr. 1918 nr.28, Turda
14912	46.587705	23.787258	Str Salinei FN, Turda
14913	46.55706	23.792276	Str Fabricii nr. 51, Turda
14914	46.562472	23.786716	Str. Ştefan cel Mare nr. 20, Turda
14915	46.580543	23.770318	P-ța. Basarabiei nr. 48, Turda
14916	46.575174	23.778235	Str. Dr. Ion Raţiu nr. 111, Turda
14917	46.578995	23.776643	Str. Andrei Mureşanu nr. 12-16, Turda
14918	46.563377	23.78148	Str. Ştefan cel Mare nr. 2, Turda
14919	46.560025	23.813757	Str. Plopilor nr. 7, Turda
14920	46.563291	23.782523	Str. Ştefan cel Mare nr.4, Turda
14921	46.572348	23.785963	Str. Piața Republicii nr.15 - 1, Turda
14922	46.572263	23.785967	Str. Republicii nr.15 - 2, Turda
14923	46.563854	23.784112	Str. Ştefan cel Mare nr.19-21, Turda
14924	47.029495	23.907833	Str. Bobâlna nr.2, Gherla
14925	47.032772	23.909707	Str. Bobâlna nr.36, Gherla
14926	47.029723	23.903672	Str. Parcului nr.16, Gherla
14927	47.028529	23.906488	Str. Libertăţii nr. 19, Gherla
14928	47.026518	23.904815	Str. 1 Decembrie 1918 nr 20, Gherla
14929	46.546812	23.886522	Str. Laminoriştilor nr. 2-4, Câmpia-Turzii
14930	46.538317	23.88587	Str. Gheorghe Bariţiu nr.36, Câmpia-Turzii
14931	46.534188	23.884803	Str. Gheorghe Bariţiu nr.44A, Câmpia-Turzii
14932	46.555808	23.873382	Str. Laminoriştilor nr. 145, Câmpia-Turzii
14933	46.544739	23.888812	Str. Parcului nr. 10, Câmpia-Turzii
14934	46.858108	23.024444	Str. Avram Iancu nr. 41, Huedin
14935	46.864334	23.025099	Str. Horea nr.1, Huedin
14936	46.864653	23.02484	Str. Horea nr.5, Huedin
14937	46.863257	23.028344	Str. Republicii nr. 39-42, Huedin
14938	46.743424	23.485641	Str. Avram Iancu nr. 170, Florești
14939	46.744798	23.485279	Str. Andrei Mureşanu nr. 1, Florești
14940	46.749457	23.535163	Str. Avram Iancu nr. 492 - 500, Florești
14941	46.540099	23.746144	Str. Principală nr. 1014, Mihai Viteazu
14942	44.195277	28.633949	Bd. Tomis, bl. TS 14 B, sc. B, CONSTANȚA
14943	44.200623	28.625745	Bd. Tomis, bl. T 10, sc. B, CONSTANȚA
14944	44.200623	28.625745	Bd. Tomis, bl. T 10, sc. C, CONSTANȚA
14945	44.201697	28.624124	Bd. Tomis, bl. T 14, sc. A, CONSTANȚA
14946	44.201697	28.624124	Bd. Tomis, bl. T 14, sc. B, CONSTANȚA
14947	44.205805	28.617922	Bd. Tomis, bl. 10B, sc. A, CONSTANȚA
14948	44.20464	28.619455	Bd. Tomis, bl. 6B, sc. A, CONSTANȚA
14949	44.20464	28.619455	Bd. Tomis, bl. 6B, sc. B, CONSTANȚA
14950	44.205805	28.617922	Bd. Tomis, bl. 10B, sc. B, CONSTANȚA
14951	44.180568	28.636231	Str. I.G. Duca, bl. L 41, sc. A, CONSTANȚA
14952	44.180568	28.636231	Str. I.G. Duca, bl. L 41, sc. B, CONSTANȚA
14953	44.182165	28.636071	Str. I.G. Duca, bl. L 45, sc. A, CONSTANȚA
14954	44.182165	28.636071	Str. I.G. Duca, bl. L 45, sc. B, CONSTANȚA
14955	44.177236	28.635639	Str. Bucuresti, bl. L 18, sc. A, CONSTANȚA
14956	44.176313	28.637171	Ale. Garofitei, bl. L 76, sc. B, CONSTANȚA
14957	44.176313	28.637171	Ale. Garofitei, bl. L 76, sc. C, CONSTANȚA
14958	44.177057	28.637704	Ale. Garofitei, bl. L 88, sc. A, CONSTANȚA
14959	44.177057	28.637704	Ale. Garofitei, bl. L 88, sc. D, CONSTANȚA
14960	44.181223	28.633175	Str. Baba Novac, bl. L 119A, sc. B, CONSTANȚA
14961	44.181223	28.633175	Str. Baba Novac, bl. L 119A, sc. C, CONSTANȚA
14962	44.177301	28.645937	Str. Stefan cel Mare, bl. M 16, CONSTANȚA
14963	44.211708	28.622597	Ale. Hortensiei, bl. C5, sc. B, CONSTANȚA
14964	44.204432	28.62288	Str. Orhideelor, bl. ST 1, sc. A, CONSTANȚA
14965	44.204432	28.62288	Str. Orhideelor, bl. ST 1, sc. B, CONSTANȚA
14966	44.202355	28.622423	Str. Tulcei, bl. S, sc. A, CONSTANȚA
14967	44.202355	28.622423	Str. Tulcei, bl. S, sc. B, CONSTANȚA
14968	44.207004	28.619578	Str. Dobrila Eugeniu, bl. V1, sc. A, CONSTANȚA
14969	44.20312	28.65062	Str.Dragoslavelor, bl. B2, sc.A, CONSTANȚA
14970	44.211116	28.645625	Str. Unirii, bl. C2, sc. A, CONSTANȚA
14971	44.148436	28.628501	Str. Petru Cercel, bl. F5, sc. A, CONSTANȚA
14972	44.148436	28.628501	Str. Petru Cercel, bl. F5, sc. B, CONSTANȚA
14973	44.194096	28.622585	Str. Dionisie cel Mic, bl. 68, sc. A, CONSTANȚA
14974	44.177561	28.611081	Str. Eliberarii, bl. K2, sc. A, CONSTANȚA
14975	44.177561	28.611081	Str. Eliberarii, bl. K2, sc. B, CONSTANȚA
14976	44.176434	28.617589	Str. Eliberarii, bl. F3, sc. A, CONSTANȚA
14977	44.176434	28.617589	Str. Eliberarii, bl. F3, sc. B, CONSTANȚA
14978	44.176267	28.623725	Ale. Arcului, bl. C4, sc.A, CONSTANȚA
14979	44.147613	28.623596	Ale. Arcului, bl. A8, sc.A, CONSTANȚA
14980	44.147613	28.623596	Ale. Arcului, bl. A8, sc.B, CONSTANȚA
14981	44.148623	28.624444	Ale. Arcului, bl. A9, sc.A, CONSTANȚA
14982	44.148623	28.624444	Ale. Arcului, bl. A9, sc.B, CONSTANȚA
14983	44.202174	28.617576	Str. Badea Cartan, bl. BC9, sc. B, CONSTANȚA
14984	44.202174	28.617576	Str. Badea Cartan, bl. BC9, sc. A, CONSTANȚA
14985	44.160242	28.609721	Ale Egretei, bl. AV 22, sc. A, CONSTANȚA
14986	44.160242	28.609721	Ale Egretei, bl. AV 22, sc. B, CONSTANȚA
14987	44.160216	28.611977	Ale Egretei, bl. AV 33, sc. A, CONSTANȚA
14988	44.160216	28.611977	Ale Egretei, bl. AV 33, sc. B, CONSTANȚA
14989	44.143514	28.631015	Str. Lirei nr.3A, bl. OB 8, CONSTANȚA
14990	44.143743	28.630885	Str. Lirei nr.3A, bl. OB 9, CONSTANȚA
14991	44.210227	28.626317	Ale. Agarici Horia ,bl.CS1 B, CONSTANȚA
14992	44.199634	28.634612	Str.Magnoliei, bl.T1A, CONSTANȚA
14993	44.213104	28.646241	Str.Pescarilor, bl.FZ 28, sc.A, CONSTANȚA
14994	44.210632	28.649134	Str.Pescarilor, bl.FZ 12, sc.A, CONSTANȚA
14995	44.170235	28.638532	Str.Traian, bl.K1 A, CONSTANȚA
14996	44.16957	28.638694	Str.Traian, bl.K2 A, CONSTANȚA
14997	44.14328	28.632155	Str. Brizei, bl.OB 1, CONSTANȚA
14998	44.143539	28.632058	Str. Brizei, bl.OB 2, CONSTANȚA
14999	44.143858	28.632026	Str. Brizei, bl.OB 3, CONSTANȚA
15000	44.144151	28.632091	Str. Brizei, bl.OB 4, CONSTANȚA
15001	44.144367	28.63201	Str. Brizei, bl.OB 5, CONSTANȚA
15002	44.144743	28.631913	Str. Brizei, bl.OB 6, CONSTANȚA
15003	44.145002	28.631816	Str. Brizei, bl.OB 7, CONSTANȚA
15004	44.145002	28.631816	Str. Brizei, bl.OB 8, CONSTANȚA
15005	44.143743	28.630885	Str. Lirei, bl.OB 9, CONSTANȚA
15006	44.14082	28.629087	Str. Zefirului, bl.OB 1, CONSTANȚA
15007	44.140727	28.629429	Str. Zefirului, bl.OB 2, CONSTANȚA
15008	44.140683	28.630016	Str. Zefirului, bl.OB 3, CONSTANȚA
15009	44.140687	28.630497	Str. Zefirului, bl.OB 4, CONSTANȚA
15010	44.140331	28.629315	Str. Zefirului, bl.OB 5, CONSTANȚA
15011	44.140328	28.629755	Str. Zefirului, bl.OB 6, CONSTANȚA
15012	44.140294	28.630162	Str. Zefirului, bl.OB 7, CONSTANȚA
15013	44.14029	28.630602	Str. Zefirului, bl.OB 8, CONSTANȚA
15014	44.140257	28.63101	Str. Zefirului, bl.OB 9, CONSTANȚA
15015	43.816178	28.582841	Sos. Constantei bl. B2G, MANGALIA
15016	43.807979	28.573836	Bd. 1 Decembrie 1918, bl. A140, MANGALIA
15017	43.812358	28.570604	Str. Oituz, Bl. OD 1, MANGALIA
15018	43.811782	28.570715	Str. Oituz, Bl. OD 2, MANGALIA
15019	43.811782	28.570715	Str. Oituz, Bl. OD 3, MANGALIA
15020	43.79762	28.568498	Incintă Şantier Naval DMHI, MANGALIA
15021	43.818179	28.581283	Str.M.I. Dobrogeanu Bl.A01, MANGALIA
15022	43.818179	28.581283	Str.M.I. Dobrogeanu Bl.A03, MANGALIA
15023	43.818179	28.581283	Str.M.I .Dobrogeanu Bl.A04, MANGALIA
15024	43.818179	28.581283	Str.M.I. Dobrogeanu Bl.A05, MANGALIA
15025	44.061118	28.629399	Str. 23 August (blocuri ANL), EF. NORD
15026	44.232243	28.583131	DN 2A, km 202, OVIDIU
15027	44.053423	28.599697	Ale. Puschin, bl. B1, TECHIRGHIOL
15028	44.05368	28.59965	Ale. Puschin, bl. B, TECHIRGHIOL
15029	44.053614	28.599477	Ale. Puschin, bl. C, TECHIRGHIOL
15030	44.053423	28.601205	Str. Mihai Eminescu, bl. D, TECHIRGHIOL
15031	44.053047	28.599516	Bd. Victoriei, bl. A, TECHIRGHIOL
15032	44.053047	28.599516	Bd. Victoriei, bl. A1, TECHIRGHIOL
15033	44.053047	28.599516	Bd. Victoriei, bl. A2, TECHIRGHIOL
15034	44.04967	28.603037	Str. Pescarusului nr.2, TECHIRGHIOL
15035	44.054574	28.598678	Str. Alexandru Puschin nr.2- Vila Marea Neagra, TECHIRGHIOL
15036	44.05518	28.60351	Str. Eroilor nr.2-Vila Minerva, TECHIRGHIOL
15037	44.05186	28.60015	Str. Ovidiu nr.2-Sanatoriu copii, TECHIRGHIOL
15038	44.052778	28.60075	Str. Victoriei nr.3-Vila Anina, TECHIRGHIOL
15039	44.057133	28.603657	Str. George Cosbuc nr.8-Vila Sinaia, TECHIRGHIOL
15040	44.056687	28.601959	Str. Ion Tataran nr.6-Vila Craiova, TECHIRGHIOL
15041	44.342807	28.039264	Str. Viorelelor (sediul UPC), C-VODA
15042	44.341819	28.0307	Str. Ovidiu, nr.11 (sediul primăriei), C-VODA
15043	44.34032	28.030158	Str. Canalului, C-VODA
15044	44.345475	28.029936	Str. Lt. Ioan Muşat (sediul jandarmeriei), C-VODA
15045	44.34481	28.042244	Str. Prelungirea Seimeni (sediul S.C. UPGC), C-VODA
15046	44.344342	28.033047	Str. Unirii (cămin locuinţe CNE Cernavodă), C-VODA
15047	44.336372	28.036933	Str. Cazărmii (cămin internat şcolar), C-VODA
15048	44.336372	28.036933	Str. Cazărmii (liceu tehnologic), C-VODA
15049	44.336372	28.036933	Str. Cazărmii (liceu tehnologic), C-VODA
15050	44.336372	28.036933	Str. Cazărmii (liceu tehnologic), C-VODA
15051	44.341403	28.044637	Str. Gheorghe Doja 1A (Spital Or. Cernavodă), C-VODA
15052	44.166567	28.459688	Calea Dobrogei, nr.53, VALU LUI TRAIAN
15053	44.16391	28.45585	Str. Mihai Eminescu, nr.120, VALU LUI TRAIAN
15054	44.164576	28.473986	Calea Dobrogei, nr.83, VALU LUI TRAIAN
15055	44.16391	28.45585	Str. Mihai Eminescu, nr.157, VALU LUI TRAIAN
15056	45.85914	25.77609	str. Vasile Goldis, nr.11, bl.23, Sfântu Gheorghe
15057	45.858988	25.776551	str. Vasile Goldis, nr.11, bl.24, Sfântu Gheorghe
15058	45.860402	25.774803	str. Stadionului, nr.14, Sfântu Gheorghe
15059	45.860023	25.774644	str. Stadionului, nr.16, Sfântu Gheorghe
15060	45.859928	25.774845	str. Stadionului, nr.18, Sfântu Gheorghe
15061	45.859982	25.775142	str. Stadionului, nr.20, Sfântu Gheorghe
15062	45.859897	25.800767	str. Nuferilor, nr.14,, Sfântu Gheorghe
15063	45.859875	25.801003	str. Nuferilor, nr.16,, Sfântu Gheorghe
15064	45.859786	25.800586	str. Nicolae Colan, nr.1, Sfântu Gheorghe
15065	45.863327	25.81025	str. Garii, nr.1, Statia CFR, Sfântu Gheorghe
15066	45.861558	25.816956	SC Dunapack Rambox SRL, Str. Constructorilor, nr.11, Sfântu Gheorghe
15067	45.8646	25.791686	BRD Societe Generale, Str. 1 Decembrie 1918, nr.43, Sfântu Gheorghe
15068	45.863608	25.791039	BCR, str. Jozsef Bem, nr.7, Sfântu Gheorghe
15069	45.864789	25.790925	Raifaissen Bank, str. 1 Decembrie 1918,nr.35, Sfântu Gheorghe
15070	45.864911	25.790611	Banc Post, str. 1 Decembrie 1918,nr. 33, Sfântu Gheorghe
15071	45.858886	25.784439	SC Textila Oltul SA, Kos Karoly, nr.19, Sfântu Gheorghe
15072	45.8657	25.790506	SC Asigurari Alliantz Tiriac SA, str. Oltului, nr.4, Sfântu Gheorghe
15073	45.832394	25.804742	SC Lila Orchidea SRL, Chilieni, DN 12, Sfântu Gheorghe
15074	46.002305	26.13738	Casa de cultura Vigado, P-ţa Gabor Aron, nr.21, Târgu Secuiesc
15075	45.997466	26.140227	Spitalul municipal, Str. Fabricii, nr2/A, Târgu Secuiesc
15076	45.994742	26.121181	Str. Cernatului, nr.31, Târgu Secuiesc
15077	45.99435	26.120772	Str. Cernatului, nr.33, Târgu Secuiesc
15078	45.992396	26.127002	SC EL-CO SA, Str. 1 Decembrie 1918, nr.9, Târgu Secuiesc
15079	45.674267	26.034464	str. Mihai Viteazul,nr. 141A, bl.6, sc.H, Întorsura Buzăului
15080	45.673764	26.039747	Spitalul orăşenesc, DN 10, Întorsura Buzăului
15081	46.072139	25.592031	str. Kossuth Lajos, nr.249, Baraolt
15082	45.916894	25.778342	Str. Principală, nr. 166, Valea Crișului
15083	44.926333	25.463774	Magazin Muntenia Str.Independentei, nr.1, Târgovişte
15084	44.926617	25.459545	Hotel DamboviţaBd.Libertatii, Târgovişte
15085	44.927299	25.463307	Cinema Independenţa, Târgovişte
15086	44.925848	25.465204	Colegiul Medicilor(Gradinita nr.8)str.N.Iorga, nr.3, Târgovişte
15087	44.927981	25.463403	Bl. A3A,bd. Libertăţii, Târgovişte
15088	44.927825	25.463566	Bl. A3C,bd. Libertăţii, Târgovişte
15089	44.927726	25.463659	Bl. A3E,bd. Libertăţii, Târgovişte
15090	44.925269	25.465004	Bl. T2,str. George Coşbuc, Târgovişte
15091	44.924909	25.460389	Bl. H1,bd. Libertăţii, Târgovişte
15092	44.926345	25.458915	Bl. B1,bd. Libertăţii, Târgovişte
15093	44.926286	25.458728	Bl. B2,bd. Libertăţii, Târgovişte
15094	44.926831	25.463213	Bl. A1,Sucursala CEC Bank,Bd.Mircea cel Batran, Târgovişte
15095	44.929354	25.442328	Bl.O1,str. C-tin BrîncoveanuAdapost nr.1, Târgovişte
15096	44.929354	25.442328	Bl.O1,str. C-tin Brîncoveanu,Adapost nr.2, Târgovişte
15097	44.931329	25.448224	Bl. 18A,str. Radu Cel Mare, Târgovişte
15098	44.931068	25.446346	Bl.24A,sc.A,Str Udrişte Năsturel, Târgovişte
15099	44.931068	25.448136	Bl.20,Str Udrişte Năsturel, Târgovişte
15100	44.930895	25.447641	Bl.21,Str Udrişte Năsturel, Târgovişte
15101	44.930777	25.447147	Bl.22,str. Udrişte Năsturel, Târgovişte
15102	44.931265	25.447016	Bl.25, sc A,str Udrişte Năsturel, Târgovişte
15103	44.931714	25.447631	Bl.26, sc.B,str. Udriste Nasturel, Târgovişte
15104	44.931963	25.445847	Bl.28, sc.A,str.Radu Popescu, Târgovişte
15105	44.932202	25.449213	Bl.12, sc.A,str.Diaconu Coresi, Târgovişte
15106	44.932291	25.451767	Bl.2, sc.A,str. Macarie, Târgovişte
15107	44.931766	25.451224	Bl.4, sc.A,str. Macarie, Târgovişte
15108	44.933736	25.445949	Bl.35A, sc. B,str. Dinu Lipatti, Târgovişte
15109	44.933829	25.446223	Bl.35B, sc. A,str. Dinu Lipatti, Târgovişte
15110	44.934162	25.446358	Bl.36, sc. B,str. Dinu Lipatti, Târgovişte
15111	44.932444	25.449481	Bl.11B,str. Diaconu Coresi, Târgovişte
15112	44.931802	25.449077	Bl.13A,str. Diaconu Coresi, Târgovişte
15113	44.932366	25.448663	Bl.13E,str. Diaconu Coresi, Târgovişte
15114	44.932853	25.449598	Bl.10E,str. Diaconu Coresi, Târgovişte
15115	44.929761	25.450759	Bl.12A,sc.Astr. Duiliu Zamfirescu, Târgovişte
15116	44.931641	25.450032	Bl.8A,str. C-tin Brîncoveanu, Târgovişte
15117	44.931556	25.449715	Bl.8,sc.Bstr.Ctin Brancoveanu, Târgovişte
15118	44.930902	25.45123	Bl.8C,str. Ana Ipatescu, Târgovişte
15119	44.930777	25.44993	Bl.7A,str. Ion Ghica, Târgovişte
15120	44.931675	25.450349	Bl.7, sc.B, nr.33A,str. C-tin Brîncoveanu, Târgovişte
15121	44.93055	25.449175	Bl.6A,nr.159str. Ion Ghica, Târgovişte
15122	44.93051	25.449041	Bl.6B,str. Ion Ghica, Târgovişte
15123	44.93021	25.448312	Bl.5A,str. Ion Ghica, Târgovişte
15124	44.93021	25.448653	Bl.5B,str. Ion Ghica, Târgovişte
15125	44.929823	25.446571	Bl.1A, nr.2,str. Urmuz, Târgovişte
15126	44.930712	25.453719	Bl.24,sc.Bstr. Mr.Brezişanu, Târgovişte
15127	44.93032	25.453874	Bl.24, sc.D,str. Mr.Brezişanu, Târgovişte
15128	44.920491	25.449431	Bl.72B, nr.32,B-dul Unirii, Târgovişte
15129	44.920795	25.448819	Bl.73B, nr.32,B-dul Unirii, Târgovişte
15130	44.92372	25.443211	Bl.51E,B-dul Unirii, Târgovişte
15131	44.92288	25.445079	Bl.60D,B-dul Unirii, Târgovişte
15132	44.91764	25.475126	Bl.24, sc.E,str. Vasile Blendea, Târgovişte
15133	44.915899	25.473851	Bl.28B, sc. A,str. I.C. Brătianu, Târgovişte
15134	44.917039	25.47894	Bl.42C, sc. B,str. cpt.Stănică Ilie, Târgovişte
15135	44.915499	25.477046	Bl.61B, sc. A,str. col. Ion Nicolin, Târgovişte
15136	44.919391	25.475128	Bl.9, sc.A,str.Radu de la Afumati, Târgovişte
15137	44.91734	25.478037	Bl.37B,str. Ionel Fernic, Târgovişte
15138	44.915337	25.47491	Bl.29B, sc.B,str. I.C. Brătianu, Târgovişte
15139	44.914325	25.47912	Bl.52C,str. Petru Cercel, Târgovişte
15140	44.914282	25.477492	Bl.57C,str. I.C. Brătianu, Târgovişte
15141	44.914779	25.480163	Bl.47B, sc.B,str. Petru Cercel, Târgovişte
15142	44.914498	25.476411	Bl.58C, sc. B,str. I.C. Brătianu, Târgovişte
15143	44.915381	25.478394	Bl.51B, sc.B,str. Lăzărică Petrescu, Târgovişte
15144	44.915824	25.479931	Bl.49B,str. cpt.Stănică Ilie, Târgovişte
15145	44.919382	25.475071	Bl.9 sc.E,str. cpt.Stănică Ilie, Târgovişte
15146	44.914722	25.476774	Bl.59,str. Soldat Nae Ion, Târgovişte
15147	44.944449	25.455805	Campus Universitatea Valahia Targoviste,corpul B, Adapost nr.1str.Aleea<br />Sinaia,nr.13, Târgovişte
15148	44.944449	25.455805	Campus Universitatea Valahia Targoviste,corpul B, Adapost nr.2str.Aleea<br />Sinaia,nr.13, Târgovişte
15149	44.944449	25.455805	Campus Universitatea Valahia Targoviste,corpul B, Adapost nr.3str.Aleea<br />Sinaia,nr.13, Târgovişte
15150	44.944004	25.455535	Campus Universitatea Valahia Targoviste,corpul A, Adapost<br />nr.1,str.Aleea Sinaia,nr.13, Târgovişte
15151	44.944004	25.455535	Campus Universitatea Valahia Targoviste,corpul A, Adapost<br />nr.2,str.Aleea Sinaia,nr.13, Târgovişte
15152	44.943145	25.453272	Campus Universitatea Valahia Targoviste,Corpul I.C.S.T.M.str.Aleea<br />Sinaia,nr.13, Târgovişte
15153	44.905137	25.448481	SC COS SA-Anexă LDS,Şos. Găesti nr. 9-11, Târgovişte
15154	44.910344	25.444155	SC Erdemir Romania SRL- Laborator mat.primă,Şos. Găeşti, nr. 18-24, Târgovişte
15155	44.924043	25.460406	CANTUP Hotel Nova,str. Arsenalului nr. 14, Târgovişte
15156	44.934173	25.439242	ENGIE Romania S.A. DistrigazSud-Retele S.R.L Targoviste,bd.Eroilor,<br />nr.32 A, Târgovişte
15157	44.921754	25.438447	Sc RONDOCARTON srl, Târgoviște, str. Laminorului, nr.40, Târgovişte
15158	44.911752	25.463607	MALL Dambovita, str. B-dul regele Ferdinand, nr.6, ALA 1, Târgovişte
15159	44.911752	25.463607	MALL Dambovita, str. B-dul regele Ferdinand, nr.6, ALA 2, Târgovişte
15160	45.08064	25.43535	Str. Randunelelor, Bl. 1 - ANL, Pucioasa
15161	45.075217	25.439352	Str. Stadionului, Bl. A - ANL, Pucioasa
15162	45.075152	25.439771	Str. Stadionului, Bl. B – ANL, Pucioasa
15163	45.075532	25.439291	Str. Stadionului, Bl. C – ANL, Pucioasa
15164	45.075495	25.439684	Str. Stadionului, Bl. D - ANL, Pucioasa
15165	45.076084	25.43391	Centrul pregatire Distrigaz Sud Pucioasa, str.Garii., Pucioasa
15166	45.04511	25.438039	Sinmatex (Trainica ) str. Zorilor, nr. 2, Pucioasa
15167	45.127148	25.419939	Str.Ing.Aurel Rainu,nr.67, Fieni
15168	45.133269	25.419884	Str.Dr.Stefanescu, Bl. ANL A1, FN, Fieni
15169	45.13323	25.419616	Str.Dr.Stefanescu, Bl. AN L 2,FN, Fieni
15170	45.126193	25.419586	SC Steaua Electrică SA Str.Gării nr.1, Fieni
15171	45.122643	25.415449	SC Carpat Cement SA Str.Garii,Nr.1, Fieni
15172	44.723124	25.333624	Fdt. 1Decembrie, bl A1, Găești
15173	44.723426	25.333586	Fdt. 1Decembrie, bl A2, Găești
15174	44.723178	25.334438	Fdt. 1Decembrie, bl A3, Găești
15175	44.723487	25.334386	Fdt. 1Decembrie, bl A4, Găești
15176	44.723276	25.334914	Fdt. 1Decembrie, bl A5, Găești
15177	44.723526	25.334835	Fdt. 1Decembrie, bl A6, Găești
15178	44.72318	25.335568	Fdt. 1Decembrie, bl A7, Găești
15179	44.723731	25.335401	Fdt. 1Decembrie, bl A8, Găești
15180	44.722731	25.311444	DistrigazSudN. Titulescu, nr.36, Găești
15181	44.71917	25.319068	SC ArcticSA13Decembrie,nr.210(parc central), Găești
15182	44.986599	25.642526	Str. Culturii, Nr. 1,Bl. D1 C, Moreni
15183	44.985935	25.642993	Str. Cpt.Pantea Ion, Bl. C 3, Moreni
15184	44.282295	25.645265	Str. Cpt.Pantea Ion,Bl. A, Moreni
15185	44.989724	25.642991	Str. Victoriei, Nr. 54, Moreni
15186	44.98561	25.639206	Str. Flacara, Nr. 26, Moreni
15187	44.966457	25.653723	OMV Petrom.Str. 22 Dec., Moreni
15188	44.970302	25.657685	s.c.U.A.Morenis.a., Str. Teiş nr. 16, Moreni
15189	44.969664	25.651474	s.c. IMUT S.A.,Str. 22 Decembrie 1989, nr. 60, Moreni
15190	44.305278	23.837778	Str. Tehnicii,nr.1, S.C. POPECI UTILAJ GREU S.A., pavilion D2, CRAIOVA
15191	44.305278	23.838056	Str. Tehnicii,nr.1, S.C. POPECI UTILAJ GREU S.A., pavilion D1, CRAIOVA
15192	44.310278	23.838056	Str. Tehnicii,nr.1, S.C. POPECI UTILAJ GREU S.A., pavilion A1, CRAIOVA
15193	44.310278	23.838333	Str. Tehnicii,nr.1, S.C. POPECI UTILAJ GREU S.A., pavilion A2, CRAIOVA
15194	44.307222	23.838333	Str. Tehnicii,nr.1, S.C. POPECI UTILAJ GREU S.A., pavilion D3-<br />laboraroare, CRAIOVA
15195	44.31	23.838889	Str. Tehnicii,nr.1, S.C. POPECI UTILAJ GREU S.A., CRAIOVA
15196	44.31	23.838611	Str. Tehnicii,nr.1, S.C. POPECI UTILAJ GREU S.A., CRAIOVA
15197	44.294444	23.848056	Str. Henry Ford, nr.29, S.C.FORD ROMÂNIA S.A., pavilion Feraj 1 Vest, CRAIOVA
15198	44.293889	23.849722	Str. Henry Ford, nr.29, S.C.FORD ROMÂNIA S.A., pavilion Feraj 1 Est, CRAIOVA
15199	44.2975	23.843333	Str. Henry Ford, nr.29, S.C.FORD ROMÂNIA S.A., pavilion Mecanica E, CRAIOVA
15200	44.298056	23.8425	Str. Henry Ford, nr.29, S.C.FORD ROMÂNIA S.A., pavilion Mecanica V, CRAIOVA
15201	44.317583	23.822778	Calea București, nr. 107 D, Facultatea de Drept, CRAIOVA
15202	44.317583	23.822778	Calea București, nr. 107 D, Facultatea de Drept, CRAIOVA
15203	44.317583	23.822778	Calea București, nr. 107 D, Facultatea de Drept, CRAIOVA
15204	44.317583	23.822778	Calea București, nr. 107 D, Facultatea de Drept, CRAIOVA
15205	44.317583	23.822778	Calea București, nr. 107 D, Facultatea de Drept, CRAIOVA
15206	44.316944	23.8225	Calea București, nr. 107 D, cămin studenți nr.14, CRAIOVA
15207	44.309722	23.835139	Bd. Decebal, nr.107, centrul cercetare INCESA, CRAIOVA
15208	44.313889	23.825	Calea București, nr. 126, Spitalul Victor Babeș, CRAIOVA
15209	44.335361	23.771514	Bd. Oltenia, bl. 168B, sc1, CRAIOVA
15210	44.336944	23.773056	Str. Ghețisoarei, bl. 160H, CRAIOVA
15211	44.3375	23.773333	Str. Hortensiei, bl. 155G, CRAIOVA
15212	44.336944	23.774722	Str. Tineretului, nr.11, bl.157A, CRAIOVA
15213	44.338333	23.776944	Str. Arhitect Constantin Iotzu, nr.3, bl.153C, CRAIOVA
15214	44.334722	23.779722	Str. George Enescu, bl 37 A, Sc 2, CRAIOVA
15215	44.335073	23.780136	Str. George Enescu, bl.33A, sc.1, CRAIOVA
15216	44.332018	23.804012	Bd. Dacia, bl. M5, CRAIOVA
15217	44.322463	23.820034	Str. Milcov, bl. B27, CRAIOVA
15218	44.32332	23.818063	Bd. Nicolae Iorga, bl. A21, CRAIOVA
15219	44.316173	23.79548	Str. Unirii, bl.23 A, CRAIOVA
15220	44.317243	23.794795	Str. Unirii, Filarmonica Oltenia, CRAIOVA
15221	44.341096	23.780978	Str. Piersiculu, bl. 83A1, sc.1, CRAIOVA
15222	44.339608	23.780611	Str. Piersicului, bl. 67A1, CRAIOVA
15223	44.334084	23.784036	Str. Constantin Brâncoveanu, bl. 48A, CRAIOVA
15224	44.334686	23.784552	Str. Constantin Brâncoveanu, bl. 53A1, sc1, CRAIOVA
15225	44.335407	23.786434	Str. Constantin Brâncoveanu, bl. 60A, sc1, CRAIOVA
15226	44.339167	23.783056	Str. Nicolae Coculescu, bl. 102B1, sc1, CRAIOVA
15227	44.339177	23.783545	Str. Nicolae Coculescu, nr.18, bl 102B, sc1, CRAIOVA
15228	44.319387	23.794246	Str. Unirii, bl. 2, sc 1, CRAIOVA
15229	44.3206	23.794717	Str. Unirii, bl. M1, CRAIOVA
15230	44.319838	23.794977	Str. Unirii, bl. 3, sc.1, CRAIOVA
15231	44.32041	23.795824	Str. Calea București, nr.4, bl. M3, CRAIOVA
15232	44.320546	23.795266	Str. Calea București, nr.2, bl. M2, CRAIOVA
15233	44.319082	23.816956	Str. George Fotino, nr.8, bl.B12, sc.3, CRAIOVA
15234	44.31671	23.8164	Calea București, nr.44, bl P5, CRAIOVA
15235	44.315833	23.815833	Str. Nanterre, bl. I10, sc.2, CRAIOVA
15236	44.315576	23.817995	Str. Nanterre, bl. D9, sc.2, CRAIOVA
15237	44.314603	23.821723	Str. Putna, bl. D5, sc.1, CRAIOVA
15238	44.334476	23.778071	Str. Grigore Gabrielescu, bl. 200E11, CRAIOVA
15239	44.328242	23.80923	Str. Gen. Dr. Ion Cernatescu, bl. 79, CRAIOVA
15240	44.329073	23.808882	Str. Gen. Dr. Ion Cernatescu, bl. 49, CRAIOVA
15241	44.330318	23.809007	Bd. Dacia, bl. 44, sc.1, CRAIOVA
15242	44.330242	23.799568	Str. Gen. Nicolae Magereanu, bl. P3, CRAIOVA
15243	44.329519	23.801497	Str. Gen. Nicolae Magereanu, bl. P5, CRAIOVA
15244	44.333065	23.801018	Bd. Dacia, bl. M3, CRAIOVA
15245	44.327914	23.806207	Str. Lamaitei, bl.24, CRAIOVA
15246	44.328602	23.805697	Str. Lamaitei, bl.28, CRAIOVA
15247	44.328333	23.806111	Str. Lamaitei, bl.26, CRAIOVA
15248	44.328168	23.806184	Str. Lamaitei, bl.25, CRAIOVA
15249	44.317254	23.818659	Str. Stefan Velovan, bl.B. sc.2, CRAIOVA
15250	44.317418	23.818754	Str. Stefan Velovan, bl.B. sc.1, CRAIOVA
15251	44.329322	23.806313	Str. Lamaitei, bl.32, CRAIOVA
15252	44.329562	23.806158	Str. Lamaitei, bl.31, CRAIOVA
15253	44.312222	23.785833	Bd. Stirbei Vodă, bl. A4, sc.1, CRAIOVA
15254	44.334167	23.798056	Bd. Dacia, bl. M1, CRAIOVA
15255	44.312351	23.786728	Bd. Stirbei Vodă, bl. A2, sc.1, CRAIOVA
15256	44.316407	23.809087	Str. Mihail Moxa, bl. H6, CRAIOVA
15257	44.312296	23.786353	Bd. Stirbei Vodă, bl. A3, sc.1, CRAIOVA
15258	44.316226	23.809751	Str. Mihail Moxa, bl. H2, CRAIOVA
15259	44.315556	23.817222	Str. Nanterre, bl. D10, sc.2, CRAIOVA
15260	44.334731	23.785282	Str. Constantin Brancoveanu, bl. 54A, sc.1, CRAIOVA
15261	44.334647	23.781008	Bd. Oltenia, bl. 34A, CRAIOVA
15262	44.332066	23.779275	Str. Craiovesti, bl. 201M, CRAIOVA
15263	44.334747	23.777713	Str. Grigore Gabrielescu, Bl.200F, CRAIOVA
15264	44.311731	23.838232	Str. Tehnicii, Bl. A20, sc.1, CRAIOVA
15265	44.320735	23.82187	Str. Nicolae Iorga, bl. A33, sc. 1, CRAIOVA
15266	44.314729	23.839061	Str. Eustatiu Stoenescu, bl. F13, sc.1, CRAIOVA
15267	44.322059	23.824487	Str. Gogu Constantinescu, bl. F18, CRAIOVA
15268	44.32204	23.824787	Str. Gogu Constantinescu, bl. F19, CRAIOVA
15269	44.322427	23.824851	Str. Gogu Constantinescu, bl. F20, CRAIOVA
15270	44.322326	23.825195	Str. Gogu Constantinescu, bl. F21, CRAIOVA
15271	44.314564	23.838257	Str. Eustatiu Stoenescu, Bl. F10, sc.1, CRAIOVA
15272	44.314491	23.838521	Str. Eustatiu Stoenescu, Bl. F11, sc.1, CRAIOVA
15273	44.321344	23.821241	Aleea Nicolae Iorga, Bl. A47, sc.1, CRAIOVA
15274	44.314558	23.838525	Str. Eustatiu Stoenescu, Bl. F11, sc.2, CRAIOVA
15275	44.314796	23.83943	Str. Eustatiu Stoenescu, Bl. F15, sc.1, CRAIOVA
15276	44.311911	23.837933	Str. Ion Tuculescu, bl. A21, CRAIOVA
15277	44.313611	23.838056	Str. Calea Bucuresti, bl. T10, CRAIOVA
15278	44.312262	23.837931	Str. Ion Tuculescu, bl. A19, sc. 2, CRAIOVA
15279	44.311881	23.839844	Str. Ion Tuculescu, bl. A18, sc. 1, CRAIOVA
15280	44.322868	23.81745	Str. Milcov, bl. B17, CRAIOVA
15281	44.321114	23.827071	Str. Dezrobirii, bl. H29, CRAIOVA
15282	44.322888	23.824008	Str. Mihail Birca, Bl. E17, CRAIOVA
15283	44.323056	23.824167	Str. Mihail Birca, Bl. E16, CRAIOVA
15284	44.323564	23.8246	Str. Mihail Birca, Bl. F13, CRAIOVA
15285	44.323803	23.824242	Str. Mihail Birca, Bl. D29, CRAIOVA
15286	44.324143	23.824762	Str. Mihail Birca, bl. F1, sc.1, CRAIOVA
15287	44.323881	23.824664	Str. Mihail Birca, bl. F12, CRAIOVA
15288	44.32335	23.824565	Str. Mihail Birca, bl. F14, CRAIOVA
15289	44.322552	23.824391	Str. Mihail Birca, bl. F15, CRAIOVA
15290	44.320756	23.820041	Str. Desnatui, Bl. A14, sc. 1, CRAIOVA
15291	44.320507	23.820057	Str. Desnatui, Bl. A14, sc. 2, CRAIOVA
15292	44.320568	23.819703	Str. Desnatui, Bl. A13, sc. 1, CRAIOVA
15293	44.320774	23.818442	Str. Desnatui, Bl. A10, sc. 1, CRAIOVA
15294	44.321167	23.819997	Str. Nicolae Iorga, Bl. A15, sc.2, CRAIOVA
15295	44.321166	23.819542	Str. Nicolae Iorga, Bl. A15, sc.1, CRAIOVA
15296	44.322739	23.819454	Str. Milcov, bl. B24, CRAIOVA
15297	44.321372	23.826636	Str. George Breazul, bl. H36, CRAIOVA
15298	44.321581	23.826675	Str. George Breazul, bl. H35, CRAIOVA
15299	44.322102	23.826928	Str. George Breazul, bl. H15, CRAIOVA
15300	44.320865	23.818785	Str. Desnatui, Bl. A11, sc. 1, CRAIOVA
15301	44.320797	23.819129	Str. Nicolae Julea, Bl. A12, sc.2, CRAIOVA
15302	44.321033	23.818837	Str. Nicolae Julea, Bl. A11, sc.2, CRAIOVA
15303	44.320991	23.819166	Str. Nicolae Julea, Bl. A12, sc.1, CRAIOVA
15304	44.320977	23.821197	Aleea Nicolae Iorga, bl.A37, CRAIOVA
15305	44.321046	23.820857	Aleea Nicolae Iorga, bl.A38, CRAIOVA
15306	44.321071	23.820532	Aleea Nicolae Iorga, bl.A39, CRAIOVA
15307	44.323313	23.817695	Str. Nicolae Iorga, bl.A22, CRAIOVA
15308	44.323083	23.817654	Str. Milcov, Bl. B18, sc.1, CRAIOVA
15309	44.323144	23.817227	Str. Milcov, Bl. B18, sc.2, CRAIOVA
15310	44.32295	23.820045	Str. Nicolae Iorga, bl.A16, CRAIOVA
15311	44.3207	23.82246	Str. Nicolae Iorga, bl.G28, sc.1, CRAIOVA
15312	44.322769	23.818497	Str. Milcov, Bl. B20 sc1+2, CRAIOVA
15313	44.32288	23.818726	Str. Milcov, Bl. B21, CRAIOVA
15314	44.322703	23.818884	Str. Milcov, Bl. B22, CRAIOVA
15315	44.322826	23.819131	Str. Milcov, Bl. B23, CRAIOVA
15316	44.322552	23.819624	Str. Milcov, Bl. B25, CRAIOVA
15317	44.322619	23.819884	Str. Milcov, Bl. B26, CRAIOVA
15318	44.322573	23.820367	Str. Milcov, Bl. B28, CRAIOVA
15319	44.319506	23.822722	Str. Mihail Strajan, bl. 14, sc.1, CRAIOVA
15320	44.319485	23.823414	Str. Mihail Strajan, bl. 13, CRAIOVA
15321	44.323093	23.819259	Str. Nicolae Iorga, Bl. A18, CRAIOVA
15322	44.323097	23.819616	Str. Nicolae Iorga, Bl. A17, CRAIOVA
15323	44.323041	23.826958	Str. D. Stoica, bl. H1, CRAIOVA
15324	44.322465	23.827018	Str. D. Stoica, bl. H21, CRAIOVA
15325	44.322552	23.827619	Str. D. Stoica, bl. H19, CRAIOVA
15326	44.320975	23.826379	Str. Dezrobirii, bl. H27, CRAIOVA
15327	44.32109	23.826678	Str. Dezrobirii, bl. H28, sc.1, CRAIOVA
15328	44.321193	23.82527	Str. Traian Lalescu, Bl. G16, CRAIOVA
15329	44.321472	23.825365	Str. Traian Lalescu, Bl. G15, CRAIOVA
15330	44.321771	23.823909	Str. Gogu Constantinescu, Bl. G8, sc.1, CRAIOVA
15331	44.321752	23.824188	Str. Gogu Constantinescu, Bl. G9, sc.1, CRAIOVA
15332	44.33528	23.768836	Str. Prelungirea Severinului, Bl. 406B, CRAIOVA
15333	44.341229	23.781194	Str. Piersicului, Bl. 83A2, CRAIOVA
15334	44.339923	23.772173	Str. Elena Farago, Bl. 142B, sc.1, CRAIOVA
15335	44.341389	23.774444	Str. Elena Farago, Bl. 131B, sc.2, CRAIOVA
15336	44.341854	23.776393	Str. Elena Farago, Bl. 123, sc.2, CRAIOVA
15337	44.318261	23.824527	Str. Traian Lalescu, Bl. 11, sc.1, CRAIOVA
15338	44.334722	23.771111	Bd. Tineretului, Bl. T1, sc.3, CRAIOVA
15339	44.336885	23.767896	Str. Calea Severinului, Bl. B04, CRAIOVA
15340	44.332218	23.780552	Str. Craiovești, Bl. 201T, CRAIOVA
15341	44.333699	23.778339	Str. Grigore Gabrielescu, Bl. 200E6, CRAIOVA
15342	44.333304	23.777877	Str. Craiovești, Bl. 200E3, CRAIOVA
15343	44.333429	23.777734	Str. Craiovești, Bl. 200E2, CRAIOVA
15344	44.331786	23.779589	Str. Craiovești, Bl. 201K, CRAIOVA
15345	44.334444	23.774167	Str. Aristizza Romanescu, Bl. A3, sc.2, CRAIOVA
15346	44.334444	23.774444	Str. Aristizza Romanescu, Bl. A3, sc.1, CRAIOVA
15347	44.334167	23.774167	Str. Aristizza Romanescu, Bl. A1, sc.1, CRAIOVA
15348	44.335115	23.77117	Bd. Tineretului, Bl. T1, sc.5, CRAIOVA
15349	44.334728	23.77054	Bd. Tineretului, Bl. T1, sc.4, CRAIOVA
15350	44.334833	23.77116	Bd. Tineretului, Bl. T1, sc.1, CRAIOVA
15351	44.334778	23.770766	Bd. Tineretului, Bl. T1, sc.2, CRAIOVA
15352	44.335678	23.770373	Bd. Oltenia, Bl. T2, sc.4, CRAIOVA
15353	44.335467	23.770717	Bd. Oltenia, Bl. T2, sc.2, CRAIOVA
15354	44.336237	23.769859	Bd. Oltenia, Bl. T3, sc.4, CRAIOVA
15355	44.335262	23.770738	Bd. Oltenia, Bl. T2, sc.3, CRAIOVA
15356	44.335822	23.77018	Bd. Oltenia, Bl. T3, sc.3, CRAIOVA
15357	44.336064	23.77003	Bd. Oltenia, Bl. T3, sc.2, CRAIOVA
15358	44.337317	23.767405	Str. Calea Severinului, Bl. S4, CRAIOVA
15359	44.336662	23.768953	Bd. Oltenia, Bl. B07, CRAIOVA
15360	44.335278	23.769444	Str. Prelungirea Severinului, Bl. 405B, CRAIOVA
15361	44.334722	23.769444	Str. Prelungirea Severinului, Bl. 404B, CRAIOVA
15362	44.340705	23.781337	Str. Aleea Piersicului, bl. 87B1, sc.1, CRAIOVA
15363	44.34177	23.776486	Str. Elena Farago, Bl. 123, sc.1, CRAIOVA
15364	44.341489	23.77631	Str. Elena Farago, Bl. 124B, sc.2, CRAIOVA
15365	44.340938	23.778319	Str. Traian Gheorghiu, Bl.112B, sc.1, CRAIOVA
15366	44.340622	23.778763	Bd. Tineretului, Bl.111B, sc.1, CRAIOVA
15367	44.340971	23.773114	Bd. Dacia, bl.134A, sc. 2, CRAIOVA
15368	44.340452	23.772793	Str. Elena Farago, Bl.136A, sc.1, CRAIOVA
15369	44.340278	23.7725	Str. Gorunului, Bl.137A, sc.1, CRAIOVA
15370	44.340101	23.771998	Str. Gorunului, Bl.141B, sc.1, CRAIOVA
15371	44.340259	23.771729	Bd. Dacia, Bl.138B, sc.2, CRAIOVA
15372	44.341891	23.7754	Str. Elena Farago, Bl.129B, sc.1, CRAIOVA
15373	44.341687	23.774906	Str. Elena Farago, Bl.130B, sc.1, CRAIOVA
15374	44.34214	23.775166	Bd. Dacia, Bl.121G, CRAIOVA
15375	44.34232	23.775595	Bd. Dacia, Bl.121E, CRAIOVA
15376	44.342505	23.776132	Bd. Dacia, Bl.121C, CRAIOVA
15377	44.342226	23.777848	Bd. Dacia, Bl.120, Sc.1, CRAIOVA
15378	44.342175	23.778097	Bd. Dacia, Bl.120, Sc.2, CRAIOVA
15379	44.340086	23.783161	Str. Ion Anestin, Bl. 95B1, sc.1, CRAIOVA
15380	44.339167	23.7725	Str. Gorunului, Bl.145B, sc.1, CRAIOVA
15381	44.339821	23.771527	Str. Elena Farago, Bl.140B, CRAIOVA
15382	44.33953	23.772252	Str. Elena Farago, Bl.143B, Sc. 3, CRAIOVA
15383	44.339893	23.784495	Str. Aleea Castanilor, Bl.99A1, CRAIOVA
15384	44.34001	23.784859	Str. Aleea Castanilor, Bl.99A2, CRAIOVA
15385	44.094444	23.745278	Str. Unirii, bl. A9, SEGARCEA
15386	44.251896	23.777192	Str. Dispensarului, bl. 1, PODARI
15387	44.251075	23.777305	Str. Dispensarului, bl. 2, PODARI
15388	44.250945	23.777303	Str. Dispensarului, bl. 3, PODARI
15389	43.800701	24.095742	Str. Unirii, nr.15 *fost punct de comandă orășenesc, DĂBULENI
15390	45.415163	28.008505	Micro 18, Str. Brăilei nr. 250, Bl. G1, Galaţi
15391	45.415028	28.008344	Micro 18, Str. Brăilei nr. 250bis., Bl. G2, Galaţi
15392	45.414766	28.007749	Micro 18, Str. Brăilei nr. 254, Bl. G4, Galaţi
15393	45.414683	28.007561	Micro 18, Str. Brăilei nr. 254bis, Bl. G5, Galaţi
15394	45.418139	28.022215	Micro 19, Str. Stadionului nr.2bis, Bl. M3, sc.1, Galaţi
15395	45.41795	28.022354	Micro 19, Str. Stadionului nr.2bis, Bl. M3, sc.2, Galaţi
15396	45.417771	28.022553	Micro 19, Str. Stadionului nr.2bis, Bl. M3, sc.3, Galaţi
15397	45.413841	28.013975	Micro 19, Str. Zidarilor nr.3bis, Bl. N4, sc.1, Galaţi
15398	45.413828	28.014304	Micro 19, Str. Zidarilor nr.3bis, Bl. N4, sc.2, Galaţi
15399	45.413978	28.014539	Micro 19, Str. Zidarilor nr.3bis, Bl. N4, sc.3, Galaţi
15400	45.413312	28.008948	Mico 20, Str. Furnaliştilor nr.4, Bl. D1, sc.1, Galaţi
15401	45.413524	28.008737	Mico 20, Str. Furnaliştilor nr.4, Bl. D1, sc.2, Galaţi
15402	45.414006	28.009358	Micro 20, Str. Furnaliştilor nr.2, Bl. E1, sc.1, Galaţi
15403	45.414004	28.009015	Micro 20, Str. Furnaliştilor nr.2, Bl. E1, sc.2, Galaţi
15404	45.413882	28.00877	Micro 20, Str. Furnaliştilor nr.2, Bl. E1, sc.3, Galaţi
15405	45.413755	28.008549	Micro 20, Str. Furnaliştilor nr.2, Bl. E1, sc.4, Galaţi
15406	45.411883	28.011807	Micro 20, Str. Furnaliştilor nr.9, Bl. L2, sc.1, Galaţi
15407	45.411667	28.011889	Micro 20, Str. Furnaliştilor nr.9, Bl. L2, sc.2, Galaţi
15408	45.411368	28.012185	Micro 20, Str. Furnaliştilor nr.9, Bl. L2, sc.4, Galaţi
15409	45.412966	28.010671	Micro 20, Str. Furnaliştilor nr.5, Bl. G2, sc.1, Galaţi
15410	45.41267	28.011001	Micro 20, Str. Furnaliştilor nr.5, Bl. G2, sc.3, Galaţi
15411	45.412411	28.01123	Micro 20, Str. Furnaliştilor nr.7, Bl. G3, sc.1, Galaţi
15412	45.412078	28.011556	Micro 20, Str. Furnaliştilor nr.7, Bl. G3, sc.3, Galaţi
15413	45.412076	28.012148	Micro 20, Str. Oţelarilor, nr. 41, Bl. D2, sc.1, Galaţi
15414	45.412245	28.011959	Micro 20, Str. Oţelarilor, nr. 41, Bl. D2, sc.2, Galaţi
15415	45.411183	28.012634	Micro 20, Str. Oţelarilor, nr.25, Bl. E2, sc.1, Galaţi
15416	45.411288	28.012877	Micro 20, Str. Oţelarilor, nr.25, Bl. E2, sc.2, Galaţi
15417	45.41141	28.013219	Micro 20, Str. Oţelarilor, nr.25, Bl. E2, sc.3, Galaţi
15418	45.411666	28.013194	Micro 20, Str. Oţelarilor, nr.25, Bl. E2, sc.4, Galaţi
15419	45.411576	28.012695	Micro 20, Str. Oţelarilor nr. 27, Bl. E3, sc.1, Galaţi
15420	45.411848	28.012731	Micro 20, Str. Oţelarilor nr. 27, Bl. E3, sc.2, Galaţi
15421	45.41194	28.012967	Micro 20, Str. Oţelarilor nr. 27, Bl. E3, sc.3, Galaţi
15422	45.412368	28.012562	Micro 20, Str. Oţelarilor nr. 29, Bl. K, sc.1, Galaţi
15423	45.412468	28.012297	Micro 20, Str. Oţelarilor nr. 29, Bl. K, sc.2, Galaţi
15424	45.412557	28.012055	Micro 20, Str. Oţelarilor nr. 29, Bl. K, sc.3, Galaţi
15425	45.412663	28.011855	Micro 20, Str. Oţelarilor nr. 29, Bl. K, sc.4, Galaţi
15426	45.412799	28.011637	Micro 20, Str. Oţelarilor nr. 29, Bl. K, sc.5, Galaţi
15427	45.412997	28.011447	Micro 20, Str. Oţelarilor nr. 29, Bl. K, sc.6, Galaţi
15428	45.413195	28.01122	Micro 20, Str. Oţelarilor nr. 29, Bl. K, sc.7, Galaţi
15429	45.413553	28.010842	Micro 20, Str. Oţelarilor nr.31, Bl. M, sc.1, Galaţi
15430	45.413654	28.010609	Micro 20, Str. Oţelarilor nr.31, Bl. M, sc.2, Galaţi
15431	45.414604	28.022702	Micro 21, Str. Victor Vâlcovici nr.4, Bl.G12, sc.1, Galaţi
15432	45.414351	28.023074	Micro 21, Str. Victor Vâlcovici nr.4, Bl.G12, sc.3, Galaţi
15433	45.41368	28.023373	Micro 21, Str. Victor Vâlcovici nr.1, Bl.G13, sc.1, Galaţi
15434	45.41379	28.023167	Micro 21, Str. Victor Vâlcovici nr.1, Bl.G13, sc.2, Galaţi
15435	45.413864	28.022896	Micro 21, Str. Victor Vâlcovici nr.1, Bl.G13, sc.3, Galaţi
15436	45.414076	28.022706	Micro 21, Str. Victor Vâlcovici nr.1, Bl.G13, sc.4, Galaţi
15437	45.414124	28.022456	Micro 21, Str. Victor Vâlcovici nr.1, Bl.G13, sc.5, Galaţi
15438	45.414318	28.022323	Micro 21, Str. Victor Vâlcovici nr.1, Bl.G13, sc.6, Galaţi
15439	45.414441	28.022099	Micro 21, Str. Victor Vâlcovici nr.1, Bl.G13, sc.7, Galaţi
15440	45.431398	28.046892	Mazepa I, Str. Brăilei nr. 58, Bl. BR2, sc.3 (special amenajat), Galaţi
15441	45.431398	28.046892	Mazepa I, Str. Brăilei nr. 58, Bl. BR2, sc.3 (simplu), Galaţi
15442	45.431646	28.047264	Mazepa I, Str. Brăilei nr. 58, Bl. BR2, sc.5 special amenajat), Galaţi
15443	45.431646	28.047264	Mazepa I, Str. Brăilei nr. 58, Bl. BR2, sc.5 (simplu), Galaţi
15444	45.431009	28.045242	Mazepa I, Str. Brăilei nr. 68, Bl. BR3, sc.1, Galaţi
15445	45.431024	28.0461	Mazepa I, Str. Brăilei nr. 68, Bl. BR3, sc.5, Galaţi
15446	45.430021	28.045979	Mazepa I, Str. Brăilei, Bl. R4 (simplu), Galaţi
15447	45.420804	28.028254	Ţiglina I, Str. Cloşca nr.13, Bl. PS9, sc.2, Galaţi
15448	45.434881	28.02604	Str. Siderurgiştilor nr. 26, Bl. A2, sc.1, Galaţi
15449	45.434718	28.026154	Str. Siderurgiştilor nr. 26, Bl. A2, sc.2, Galaţi
15450	45.434309	28.026746	Str. Siderurgiştilor nr. 24, Bl. SD6A, sc.1, Galaţi
15451	45.434144	28.026476	Str. Siderurgiştilor nr. 24, Bl. SD6A, sc.3, Galaţi
15452	45.434114	28.02621	Str. Siderurgiştilor nr. 24, Bl. SD6A, sc.4, Galaţi
15453	45.43498	28.025372	Str. Siderurgiştilor nr. 24, Bl. SD6C, sc.2, Galaţi
15454	45.435182	28.025299	Str. Siderurgiştilor nr. 24, Bl. SD6C, sc.3, Galaţi
15455	45.435798	28.024798	Str. Siderurgiştilor nr. 30, Bl. SD4A, sc.2, Galaţi
15456	45.435938	28.02465	Str. Siderurgiştilor nr. 30, Bl. SD4A, sc.3, Galaţi
15457	45.436152	28.024488	Str. Siderurgiştilor nr. 30, Bl. SD4A, sc.4, Galaţi
15458	45.437822	28.023218	Str. Siderurgiştilor nr. 36, Bl. SD2B, sc.1, Galaţi
15459	45.438028	28.023071	Str. Siderurgiştilor nr. 36, Bl. SD2B, sc.2, Galaţi
15460	45.438184	28.022923	Str. Siderurgiştilor nr. 36, Bl. SD2B, sc.3, Galaţi
15461	45.439392	28.021945	Str. Siderurgiştilor nr. 38, Bl. M2B, sc.1, Galaţi
15462	45.43956	28.021822	Str. Siderurgiştilor nr. 38, Bl. M2B, sc.2, Galaţi
15463	45.439732	28.021661	Str. Siderurgiştilor nr. 38, Bl. M2B, sc.3, Galaţi
15464	45.440108	28.02196	Str. Siderurgiştilor nr. 38, Bl. M2D, sc.1, Galaţi
15465	45.440118	28.02226	Str. Siderurgiştilor nr. 38, Bl. M2D, sc.2, Galaţi
15466	45.436712	28.022761	Str. Siderurgiştilor nr. 39, Bl. A3, sc.1, Galaţi
15467	45.436511	28.022923	Str. Siderurgiştilor nr. 39, Bl. A3, sc.2, Galaţi
15468	45.433648	28.024007	Str. Siderurgiştilor nr. 19, Bl. SD9A, sc.1, Galaţi
15469	45.433831	28.024347	Str. Siderurgiştilor nr. 19, Bl. SD9A, sc.3, Galaţi
15470	45.433812	28.024615	Str. Siderurgiştilor nr. 19, Bl. SD9A, sc.4, Galaţi
15471	45.433354	28.025026	Str. Siderurgiştilor nr. 19, Bl. SD9C, sc.1, Galaţi
15472	45.433148	28.024977	Str. Siderurgiştilor nr. 19, Bl. SD9C, sc.2, Galaţi
15473	45.43543	28.024227	Str. Siderurgiştilor nr. 33, Bl. SD5B, sc.1, Galaţi
15474	45.435271	28.024397	Str. Siderurgiştilor nr. 33, Bl. SD5B, sc.2, Galaţi
15475	45.435078	28.024578	Str. Siderurgiştilor nr. 33, Bl. SD5B, sc.3, Galaţi
15476	45.437445	28.022736	Str. Siderurgiştilor nr. 35, Bl. SD3A, sc.2, Galaţi
15477	45.437274	28.022887	Str. Siderurgiştilor nr. 35, Bl. SD3A, sc.3, Galaţi
15478	45.437068	28.023042	Str. Siderurgiştilor nr. 35, Bl. SD3A, sc.4, Galaţi
15479	45.438736	28.021683	Str. Siderurgiştilor nr. 41, Bl. SD1B, sc.1, Galaţi
15480	45.438569	28.021818	Str. Siderurgiştilor nr. 41, Bl. SD1B, sc.2, Galaţi
15481	45.438421	28.021974	Str. Siderurgiştilor nr. 41, Bl. SD1B, sc.3, Galaţi
15482	45.440531	28.022426	Str. Siderurgiştilor nr. 40, Bl. M1A, sc.2, Galaţi
15483	45.440528	28.022109	Str. Siderurgiştilor nr. 40, Bl. M1A, sc.3, Galaţi
15484	45.440056	28.022206	Str. 1 Decembrie 1918, nr. 13, Bl. S3, sc.5, Galaţi
15485	45.444056	28.022249	Str. 1 Decembrie 1918, nr. 13, Bl. S3, sc.6, Galaţi
15486	45.443226	28.021752	Str. 1 Decembrie 1918, nr. 7, Bl. S4, sc.2, Galaţi
15487	45.443074	28.021644	Str. 1 Decembrie 1918, nr. 7, Bl. S4, sc.3, Galaţi
15488	45.441483	28.020636	Str. 1 Decembrie 1918, nr. 1, Bl. S5C, sc.1, Galaţi
15489	45.441566	28.021549	Str. 1 Decembrie 1918, nr. 2, Bl. S6A, sc.2, Galaţi
15490	45.441729	28.021694	Str. 1 Decembrie 1918, nr. 2, Bl. S6A, sc.3, Galaţi
15491	45.44309	28.022518	Str. 1 Decembrie 1918, nr. 4, Bl. S7C, sc.1, Galaţi
15492	45.443487	28.022734	Str. 1 Decembrie 1918, nr. 4, Bl. S7C, sc.3, Galaţi
15493	45.445354	28.023874	Str. 1 Decembrie 1918, nr. 8, Bl. S8, sc.6, Galaţi
15494	45.445507	28.023961	Str. 1 Decembrie 1918, nr. 8, Bl. S8, sc.7, Galaţi
15495	45.446675	28.024016	Str. 1 Decembrie 1918, nr. 8, Bl. S8, sc.8, Galaţi
15496	45.445821	28.024421	Str. 1 Decembrie 1918, nr. 8, Bl. S8, sc.10, Galaţi
15497	45.446099	28.024516	Str. 1 Decembrie 1918, nr. 12, Bl. S9, sc.1, Galaţi
15498	45.446807	28.024665	Str. 1 Decembrie 1918, nr. 12, Bl. S9, sc.5, Galaţi
15499	45.447001	28.024726	Str. 1 Decembrie 1918, nr. 12, Bl. S9, sc.6, Galaţi
15500	45.4436	28.046431	Str. Basarabiei nr.69, Bl. 1, Galaţi
15501	45.443042	28.048287	Str. Gării nr. 65, Bl. A, Galaţi
15502	45.442219	28.042467	Str. Războieni nr. 19 Bl. 1, Galaţi
15503	45.442389	28.042798	Str. Războieni nr. 19A Bl. 2, Galaţi
15504	45.442613	28.042616	Str. Războieni nr. 19B Bl. 3, Galaţi
15505	45.44699	28.015578	Micro 13B, Str. Feroviarilor, nr.19, Bl.D1, sc.1, Galaţi
15506	45.447184	28.015616	Micro 13B, Str. Feroviarilor, nr.19, Bl.D1, sc.2, Galaţi
15507	45.446873	28.015957	Micro 13B, Str. Feroviarilor, nr.21, Bl.D2, sc.1, Galaţi
15508	45.447082	28.016047	Micro 13B, Str. Feroviarilor, nr.21, Bl.D2, sc.2, Galaţi
15509	45.44674	28.016473	Micro 13B, Str. Feroviarilor, nr.23, Bl.D3, sc.1, Galaţi
15510	45.446992	28.016573	Micro 13B, Str. Feroviarilor, nr.23, Bl.D3, sc.2, Galaţi
15511	45.447612	28.014693	Micro 13B, Str. Feroviarilor, nr.17, Bl.C9, sc.1, Galaţi
15512	45.447081	28.015021	Micro 13B, Str. Feroviarilor, nr.17, Bl.C9, sc.5, Galaţi
15513	45.44741	28.01528	Micro 13B, Str. Feroviarilor, nr.25, Bl.E, Galaţi
15514	45.448763	28.018285	Micro 13B, Str. Feroviarilor, nr.3, Bl.A2, sc.1, Galaţi
15515	45.449064	28.018378	Micro 13B, Str. Feroviarilor, nr.3, Bl.A2, sc.2, Galaţi
15516	45.449259	28.018517	Micro 13B, Str. Feroviarilor, nr.3, Bl.A2, sc.3, Galaţi
15517	45.448722	28.018756	Micro 13B, Str. Feroviarilor, nr.5, Bl.A3, sc.1, Galaţi
15518	45.448927	28.01884	Micro 13B, Str. Feroviarilor, nr.5, Bl.A3, sc.2, Galaţi
15519	45.449086	28.018928	Micro 13B, Str. Feroviarilor, nr.5, Bl.A3, sc.3, Galaţi
15520	45.452102	28.021333	Micro 38, Str. Camil Ressu, nr. 5, Bl. U1, Galaţi
15521	45.452821	28.020039	Micro 38, Str. Camil Ressu, nr. 5, Bl. U2, Galaţi
15522	45.454559	28.018773	Micro 38, Str. Ionel Fernic nr. 18, Bl. V2, sc.1, Galaţi
15523	45.45476	28.022794	Micro 39A, Str. Traian Vuia nr. 27, Bl. V1, sc.1, Galaţi
15524	45.455058	28.022697	Micro 39A, Str. Traian Vuia nr. 27, Bl. V1, sc.2, Galaţi
15525	45.456655	28.021272	Micro 39A, Str. Drumul Viilor nr. 38bis, Bl. U3, Galaţi
15526	45.457021	28.020493	Micro 39A, Str. Drumul Viilor nr. 36bis, Bl. U4, Galaţi
15527	45.455959	28.024036	Micro 39B, Str. Traian Vuia nr. 12, Bl. V3, sc.1, Galaţi
15528	45.455953	28.024312	Micro 39B, Str. Traian Vuia nr. 12, Bl. V3, sc.2, Galaţi
15529	45.458321	28.022857	Micro 39B, Str. Traian Vuia nr. 24, Bl. V5, sc.1, Galaţi
15530	45.458093	28.02286	Micro 39B, Str. Traian Vuia nr. 24, Bl. V5, sc.2, Galaţi
15531	45.454749	28.025742	Micro 40, Str. Traian Vuia nr. 50, Bl. J6, sc.1, Galaţi
15532	45.45552	28.027556	Micro 39B, Str. Henri Coandă, nr.6, Bl. V4, sc.1, Galaţi
15533	45.45637	28.025708	Micro 39B, Str. Henri Coandă, nr.20, Bl. U5, Galaţi
15534	45.455377	28.025868	Micro 39B, Str. Henri Coandă, nr. 8, Bl. J5, sc.3, Galaţi
15535	45.455389	28.026059	Micro 39B, Str. Henri Coandă, nr. 8, Bl. J5, sc.4, Galaţi
15536	45.454856	28.028301	Micro 40, Str. Henri Coandă, nr. 13, Bl. J7, sc.1, Galaţi
15537	45.45484	28.027725	Micro 40, Str. Henri Coandă, nr. 13, Bl. J7, sc.3, Galaţi
15538	45.440264	28.056828	PRIMĂRIA MUNICIPIULUI GALAŢI, Strada Domnească, nr. 54, Galaţi
15539	45.410828	28.013158	PIAŢĂ MICRO 20, Galaţi, Micro 20, strada Furnaliștilor, Galaţi
15540	45.43848	28.04843	PIAŢA CENTRALĂ, Galaţi, Str. Traian, nr. 63, Galaţi
15541	45.430978	28.027503	ŞCOALA NR 13 „ŞTEFAN CEL MARE” Strada Constructorilor, nr. 9,<br />(simplu), Galaţi
15542	45.453036	28.021078	ŞCOALA NR. 31 „GHEORGHE MUNTEANU” Galaţi, M38, Strada<br />Camil Ressu, nr. 9 (special amenajat), Galaţi
15543	45.455228	28.048158	COLEGIUL DE INDUSTRIE ALIMENTARĂ „ELENA DOAMNA”,<br />Galai, Strada Donească, nr. 169, Galaţi
15544	45.848325	27.415561	Tecuci, Str. Gh. Petraşcu, bl. G1 (simplu), Tecuci
15545	45.848075	27.418328	Tecuci, Str. Gh. Petraşcu, bl. K1 (simplu), Tecuci
15546	45.410772	28.007383	GRĂDINIŢA NR. 58 „PRICHINDEL” Galaţi, b-dul Dunărea, n. 20,<br />aferent bloc D3, D6 si B3, Galaţi
15547	45.45335	28.050742	UNIVERSITATEA DUNĂREA DE JOS , Galaţi, str. Domnească, nr.<br />155, Complex studenţesc AI Cuza, Cămin „B” (simplu), Galaţi
15548	45.443361	28.051164	UNIVERSITATEA DUNĂREA DE JOS, Galaţi, str. Gării, nr.. 61-63,<br />Campus Gării, corp „I” (simplu), Galaţi
15549	45.445719	28.053158	UNIVERSITAEA DUNĂREA DE JOS , Galaţi, str. Basarabiei, nr 10 bis,<br />Cămin LSG (simplu), Galaţi
15550	45.431695	28.061794	ADMINISTRAŢIA PORTURILOR DUNĂRII MARITIME, Galaţi, strada<br />Portului, nr. 34,, Galaţi
15551	45.424323	28.005617	SC ARABESQUE SRL – Punct de lucru Galaţi , Galaţi, strada Drumul de<br />Centură, nr. 39, Galaţi
15552	45.436122	28.056369	MAGAZIN WINMARKT Galaţi, strada Domnească, nr. 24, Galaţi
15553	45.403939	28.016569	UNIVERITATEA DANUBIUS, Galaţi, B-dul Galaţi, nr. 3, Galaţi
15554	45.417309	28.012442	SC PROINTERN CONSULTING SRL (Mall Dunărea), Galaţi, str.<br />Brăilei, nr. 220A, Galaţi
15555	45.417336	27.977009	ARCELOR MITTAL SA Galaţi, strada Calea Smârdan, nr. 1,<br />Departament Furnale, Clădire Anexă Furnal 6, Galaţi
15556	45.443169	27.986852	ARCELOR MITTAL SA Galaţi, strada Calea Smârdan, nr. 1,<br />Departament Piese Schimb, Clădire prelucrări mecanice, Galaţi
15557	45.445425	27.982523	ARCELOR MITTAL SA Galaţi, strada Calea Smârdan, nr. 1, Adăpost<br />Punct Comandă, Magazia13-15, Galaţi
15558	45.451358	27.974189	ARCELOR MITTAL SA Galaţi, strada Calea Smârdan, nr. 1,<br />Departament LBC, Adăpost Laminor Semifabricate, Galaţi
15559	45.449511	27.973948	ARCELOR MITTAL SA Galaţi, strada Calea Smârdan, nr. 1, Adăpost<br />SRCL, Galaţi
15560	45.447966	27.965156	ARCELOR MITTAL SA Galaţi, strada Calea Smârdan, nr. 1, Adăpost<br />LTG-2, Anexa Nord, Galaţi
15561	45.446236	27.965708	ARCELOR MITTAL SA Galaţi, strada Calea Smârdan, nr. 1, Adăpost<br />LTG-2, Magazie Piese Schimb, Galaţi
15562	45.427734	28.049564	BLOC RĂCHITA, scara 1, Galaţi, strada Arhipelag, nr. 5, Galaţi
15563	45.427828	28.049825	BLOC RĂCHITA, scara 2, Galaţi, strada Arhipelag, nr. 5, Galaţi
15564	45.424053	28.040839	INSPECTORATUL TERITORIAL DE MUNCĂ GALAŢI, strada<br />Regiment 11 Siret, nr. 46A, Galaţi
15565	45.424839	28.040533	SC ENGIE ROMÂNIA SRL, strada Regiment 11 Siret, nr. 46A, Galaţi
15566	45.468298	28.188144	BIROU VAMAL GIURGIULEŞTI – CLĂDIRE ANAF, Galaţi
15567	45.468556	28.118775	BIROU VAMAL GIURGIULEŞTI – CLĂDIRE POLIŢIE DE<br />FRONTIERĂ, Galaţi
15568	45.425045	28.041066	INSPECTORATUL DE STAT ÎN CONSTRUCŢII Galaţi, strada General<br />Alexandru Cernat, nr. 1, Galaţi
15569	45.429242	28.042172	BRD Galaţi, strada Brăilei, nr. 29A, Galaţi
15570	43.911167	25.972056	Bl. B1/1S Sc. D, Bld. Bucureşti, Giurgiu
15571	43.905354	25.981618	Bl. 310 (turn vamă), Sc. A, Str. 1 Decembrie 1918, Giurgiu
15572	43.904804	25.981699	Bl. 312 (turn vamă), Sc. A, Str. 1 Decembrie 1918, Giurgiu
15573	43.908043	25.975627	Bl. 206 , Sc. A,B,C,DStr. Tineretului, Giurgiu
15574	43.907803	25.972676	Bl. C40, Sc. A,B, Str. Tineretului, Giurgiu
15575	43.904732	25.969569	Bl. 40/853, Sc. B,C,D,E Str. Daciei, Giurgiu
15576	43.90212	25.959456	Bl. B 03 (Obor)Str. Pictor Andreescu, Giurgiu
15577	43.894334	25.954388	Bl. A 3 (Policlinică)Str. Alexandriei, Giurgiu
15578	43.891243	25.965612	Bl. Eva (centru), Sc. B, Str. Nicolae Bălcescu, Giurgiu
15579	43.891578	25.966507	Bl. V 32, Sc. AStr. Nicolae Bălcescu, Giurgiu
15580	43.891361	25.966944	Bl. 32 (Piaţa Unirii)Sc. A,Bstr. Nicolae Bălcescu, Giurgiu
15581	43.890917	25.967417	Bl. 48 (Piaţa Unirii) Sc. A,Bstr. Nicolae Bălcescu, Giurgiu
15582	43.890287	25.966035	Bl. 64 Sc. A,B,C,Dstr. Mircea cel Bătrân, Giurgiu
15583	43.889594	25.966242	Bl. 32 (Mobilă), Sc. A,BStr. Portului, Giurgiu
15584	43.9085	25.972111	Bl. B 1 (turn)Str. Tineretului, Giurgiu
15585	43.908139	25.972194	Bl. B 2 (turn)Str. Tineretului, Giurgiu
15586	43.904016	25.989919	Vama Giurgiu Str. Prieteniei, nr. 1, Giurgiu
15587	43.881566	25.972429	Administraţia Zonei Libere Giurgiu S.A.Str. Portului, nr. 1, Giurgiu
15588	43.908611	25.980556	SC New Sal SRLstr.Prieteniei, nr. 3, Giurgiu
15589	43.881021	25.971671	SC Oma România SRLStr. Portului, nr. 1, Giurgiu
15590	43.895588	25.967372	A.J.F.P. GiurgiuBld. Bucureşti, nr. 12, Giurgiu
15591	43.896404	25.962809	Parchetul de pe langă Tribunalul GiurgiuBld. Bucureşti, nr. 57, Giurgiu
15592	43.89511	25.967408	Consiliul Judeţean Bld. Bucureşti, nr. 10, Giurgiu
15593	43.889278	25.967528	Tribunalul GiurgiuStr. Episcopiei, nr. 13, Giurgiu
15594	43.889829	25.966857	Grădiniţa cu program prelungit Str. Nicolae Bălănescu, nr. 4, Giurgiu
15595	43.923877	25.964758	Staţia CF Giurgiu NordStr. Gloriei, Giurgiu
15596	43.883745	25.932386	S.C. Label Print SRLStr. Sloboziei, km 4, Giurgiu
15597	43.895913	25.963343	Inspectoratul Şcolar Judeţean Str. dr. Ion Munteanu, Giurgiu
15598	43.908103	25.986135	Complex Sunny Vama Giurgiu, Giurgiu
15599	44.444852	25.757381	Primărie Str. Libertăţii, nr. 1, Bolintin Vale
15600	45.04067	23.27304	Str. T. Vladimirescu, nr. 14, CEC BANK, Mun. Tg Jiu
15601	45.039163	23.275349	Str. Geneva, nr. 11, Parchetul de pe langa Tribunalul Gorj, Mun. Tg Jiu
15602	45.03775	23.27513	Str. Geneva, nr. 4, B.N.R., Mun. Tg Jiu
15603	45.05034	23.28122	Bd. Ecaterina Teodoroiu, nr. 88,S.C. Velpitar S.A., Mun. Tg Jiu
15604	45.046911	23.278521	Bd. Ecaterina Teodoroiu, nr. 46, Independent Oil Tools, Mun. Tg Jiu
15605	45.04498	23.292632	Str. Narciselor, nr. 10, VAMA Tg Jiu, Mun. Tg Jiu
15606	45.068263	23.305582	str.Ciocîrlău, nr. 38, S.C. Artego S.A., Mun. Tg Jiu
15607	45.040357	23.27419	Str. T. Vladimirescu, nr. 20, BRD, Mun. Tg Jiu
15608	45.039462	23.287151	Str. Narciselor, nr. 1,Engie România, Mun. Tg Jiu
15609	45.076263	23.305235	Bd. Ecaterina Teodoroiu,Depozit Petrom, Mun. Tg Jiu
15610	45.048178	23.227866	Str. Bârseşti, nr. 216,CRH Ciment, Mun. Tg Jiu
15611	45.024203	23.278882	Aleea Plopilor, bl.1, sc. 1, Mun. Tg Jiu
15612	45.0242	23.27866	Aleea Plopilor, bl.1, sc. 2, Mun. Tg Jiu
15613	45.023411	23.27842	Aleea Plopilor, bl.6, sc. 1, Mun. Tg Jiu
15614	45.02418	23.279651	Aleea Plopilor, bl.7, sc. 1, Mun. Tg Jiu
15615	45.024181	23.27965	Aleea Plopilor, bl.7, sc. 2, Mun. Tg Jiu
15616	45.0246	23.28022	Aleea Plopilor, bl.24, sc. 1, Mun. Tg Jiu
15617	45.02452	23.28022	Aleea Plopilor, bl.24, sc. 2, Mun. Tg Jiu
15618	45.02468	23.28017	Aleea Plopilor, bl.24, sc. 3, Mun. Tg Jiu
15619	45.02469	23.279751	Aleea Plopilor, bl.26, sc. 1, Mun. Tg Jiu
15620	45.02458	23.27978	Aleea Plopilor, bl.26, sc. 2, Mun. Tg Jiu
15621	45.02447	23.27992	Aleea Plopilor, bl.26, sc. 3, Mun. Tg Jiu
15622	45.044316	23.273268	Str. Iosif Keber, bl. 4, sc. 1, Mun. Tg Jiu
15623	45.043811	23.273411	Str. Iosif Keber, bl. 5, sc. 1, Mun. Tg Jiu
15624	45.043064	23.273349	Bd. Ecaterina Teodoroiu, bl. 3A, Mun. Tg Jiu
15625	45.043064	23.273349	Bd. Ecaterina Teodoroiu, bl. 3A, Mun. Tg Jiu
15626	45.067202	23.293402	Bd. Ecaterina Teodoroiu, bl. 365D, Mun. Tg Jiu
15627	45.024712	23.270343	Str. Săvineşti, bl.1, Mun. Tg Jiu
15628	45.024712	23.270343	Str. Săvineşti, bl.1, Mun. Tg Jiu
15629	45.023733	23.270032	Str. Săvineşti, bl.4, sc. 1, Mun. Tg Jiu
15630	45.023803	23.270042	Str. Săvineşti, bl.4, sc. 2, Mun. Tg Jiu
15631	45.04197	23.27305	Str. Traian, nr. 5, Casa Sindicatelor, Mun. Tg Jiu
15632	45.038501	23.28648	Str. T. Vladimirescu, nr. 124, Colegiul Economic, Mun. Tg Jiu
15633	45.027832	23.278471	Str. 1 Decembrie 1918, nr. 106, C.N. Spiru Haret, Mun. Tg Jiu
15634	45.027244	23.269417	Str. 1 Decembrie 1918, bl. 4, Mun. Tg Jiu
15635	45.027223	23.269387	Str. 1 Decembrie 1918, bl. 2, Mun. Tg Jiu
15636	45.045694	23.278572	Str. Comuna din Paris, bl. 9A, sc. 1, Mun. Tg Jiu
15637	45.026534	23.275945	Aleea Mioritei, nr. 5, bl. 3, (MK), Mun. Tg Jiu
15638	45.026534	23.275945	Aleea Mioritei, nr. 5, bl. 3, (MK), Mun. Tg Jiu
15639	45.052313	23.274622	Complex Debarcader Univ. C-Tin Brancusi, Mun. Tg Jiu
15640	45.052313	23.274622	Complex Debarcader Univ. C-Tin Brancusi, Mun. Tg Jiu
15641	45.052313	23.274622	Complex Debarcader Univ. C-Tin Brancusi, Mun. Tg Jiu
15642	45.052313	23.274622	Complex Debarcader Univ. C-Tin Brancusi, Mun. Tg Jiu
15643	45.052313	23.274622	Complex Debarcader Univ. C-Tin Brancusi, Mun. Tg Jiu
15644	45.036321	23.271741	Str. Siret, nr. 22, Grădiniţa nr. 5, Vis de Copil, Mun. Tg Jiu
15645	44.800581	22.967492	Bd. Gării, nr. 1, Sediu Primărie, Mun. Motru
15646	44.80149	22.96877	Str. Macului, nr. 36, Sediu ITL, Mun. Motru
15647	44.8012	22.96833	Str. Trandafirilor, nr.5,Hotel Restaurant Victoria, Mun. Motru
15648	44.799447	22.975118	Aleea Teilor, nr. 43, Biserica Catolică, Mun. Motru
15649	44.805085	22.975274	Calea Tismanei. Sediu CEZ, Mun. Motru
15650	45.179351	23.37948	Str. Parângului, nr. 101, Sediu Primărie, Oraş Bumbeşti Jiu
15651	45.188823	23.400238	Str. Parângului, nr. 59, U.M. Sadu, Oraş Bumbeşti Jiu
15652	45.17253	23.664752	str.Parîngului, nr.74, Judecătoria Novaci, Oraş Novaci
15653	45.174531	23.666442	Str. Eroilor, nr. 6, BRD, Oraş Novaci
15654	44.960641	23.510532	Str. Trandafirilor, nr. 41, Sediul II Primărie, Oraş Tg Cărbuneşti
15655	44.968671	23.516543	Str. Eroilor, nr. 81, C.R.R., Oraş Tg Cărbuneşti
15656	44.68069	23.373301	Str. Muncii, nr. 12, Sediu Primărie, Oraş Turceni
15657	44.682116	23.375356	Str. Culturii, Liceul Tehnologic Turceni, Oraş Turceni
15658	44.682116	23.375356	Str. Culturii, Liceul Tehnologic Turceni, Oraş Turceni
15659	44.681661	23.37207	Str. Muncii, nr. 19-22, Hotel Marigab, Oraş Turceni
15660	44.892221	23.44234	str. Villneuve D’ascq, nr.22, Hotel Sara, Oraş Ţicleni
15661	44.843655	22.918726	Sat Valea Perilor, Sediu Primărie, Comuna Cătunele
15662	44.86498	23.213191	Sat Fărcăşeşti, nr. 72, Sediu Primărie, Comuna Fărcăşeşti
15663	44.91071	22.911381	Sat Iormăneşti,,Sediu Primărie, Comuna Glogova
15664	44.80092	23.64581	Sediu Primărie, Comuna Hurezani
15665	44.846381	23.08949	Str. Principală, nr. 253A, sat Mătăsari, Sediu Primărie, Comuna Mătăsari
15666	44.817501	23.20004	Sat Negomir, nr. 65, Sediu Primărie, Comuna Negomir
15667	45.080932	23.05489	Sat Peştişani,,Cămin Cultural, Comuna Peştişani
15668	45.054776	23.754832	Sat Roşia de Amaradia,,Cămin Cultural, Primăria Roşia de<br />Amaradia
15669	45.1355	23.33871	Sat Sâmbotin,,Şcoala Gimnazială, Comuna Schela
15670	44.71556	23.512398	Str. Gării, Fostul Sediu al Petrom, Comuna Turburea
15671	45.102872	23.31167	Sat Turcineşti,,Sediu Primărie, Comuna Turcineşti
15672	44.784979	23.297941	Sat Urdari,,Cămin Cultural, Comuna Urdari
15673	46.354952	25.803902	Str. Szasz Endre, nr.6, Miercurea Ciuc
15674	46.363994	25.806468	Str. Marton Aron, nr. 36, Miercurea Ciuc
15675	46.376037	25.800579	Str. Topliţa, nr. 93, Miercurea Ciuc
15676	46.377573	25.801599	Str. Topliţa, nr. 112, Miercurea Ciuc
15677	46.358554	25.803352	B-dul Timişoarei, nr. 4, Miercurea Ciuc
15678	46.359657	25.799945	Str. Mihail Sadoveanu, nr. 4, Miercurea Ciuc
15679	46.364271	25.804707	Str. Stadion, nr.1/bis, Miercurea Ciuc
15680	46.361302	25.811376	Str. Iancu de Hunedoara, nr. 29, Miercurea Ciuc
15681	46.355668	25.815204	Aleea Ciocârliei, nr. 3/H, Miercurea Ciuc
15682	46.355391	25.814074	Aleea Ciocârliei, nr. 3, Miercurea Ciuc
15683	46.354987	25.814244	Aleea Ciocârliei, nr. 5, Miercurea Ciuc
15684	46.354648	25.814133	Aleea Ciocârliei, nr. 7, Miercurea Ciuc
15685	46.354469	25.812681	Aleea Narciselor, nr. 5/A, Miercurea Ciuc
15686	46.354664	25.813127	Aleea Narciselor, nr. 5/C, Miercurea Ciuc
15687	46.29874	25.294136	Str. Kuvar nr.33, Odorheiu Secuiesc
15688	46.30339	25.30526	Szent János 49, Odorheiu Secuiesc
15689	46.303522	25.305602	Szent János 51, Odorheiu Secuiesc
15690	46.296262	25.297114	Piaţa Árpád nr.6, Odorheiu Secuiesc
15691	46.296303	25.297679	Piaţa Árpád nr. 7, Odorheiu Secuiesc
15692	46.296647	25.29836	Piaţa Árpád nr. 8, Odorheiu Secuiesc
15693	46.296922	25.297776	Piaţa Árpád nr. 9, Odorheiu Secuiesc
15694	46.29708	25.297309	Piaţa Árpád nr. 10, Odorheiu Secuiesc
15695	46.302598	25.295663	Piaţa Marton Aron nr. 2, Odorheiu Secuiesc
15696	46.304031	25.295385	Piaţa primăriei nr.5, Odorheiu Secuiesc
15697	46.300132	25.298491	Str. Rozei nr. 16B, Odorheiu Secuiesc
15698	46.721712	25.598695	Piaţa Libertăţii nr. 24, Gheorgheni
15699	46.721384	25.595956	Str. Kosuth Lajos nr. 25, Gheorgheni
15700	46.722746	25.598986	Str. Carpaţi nr.8, Gheorgheni
15701	46.722424	25.604055	Str. Marton Aron nr. 15, Gheorgheni
15702	46.720951	25.600162	Piaţa Libertăţii nr. 16, Gheorgheni
15703	46.927672	25.356847	Str. Libertăţii, nr. 59, Topliţa
15704	46.924717	25.349161	Str. Ştefan cel Mare, nr. 15, Topliţa
15705	46.924916	25.349182	Str. Ştefan cel Mare, nr. 15, Topliţa
15706	46.924313	25.348597	Str. Ştefan cel Mare, nr. 15, Topliţa
15707	46.289893	25.032473	Piaţa Libertăţii, nr. 27, Cristuru Secuiesc
15708	46.293137	25.033508	Str. Harghitei, nr. 14, Cristuru Secuiesc
15709	46.286655	25.028844	Str. Kriza Janos, nr. 26, Cristuru Secuiesc
15710	46.155031	25.871109	Str. Kovacs Miklos, nr. 68, Băile Tuşnad
15711	46.149494	25.86038	Str. Oltului nr. 65, Băile Tuşnad
15712	46.147761	25.859905	Aleea Sfânta Ana, nr. 2, Băile Tuşnad
15713	46.957925	25.760353	Tulgheş, nr. 339, Tulgheş
15714	46.957127	25.760074	Tulgheş, nr. 338, Tulgheş
15715	46.95022	25.756904	Tulgheş, nr. 281, Tulgheş
15716	46.654765	25.809286	Str. Florilor, nr. 27/A, Bălan
15717	46.99002	25.683305	Sat Corbu, nr. 331, Corbu
15718	46.524641	25.335187	Vărşag, nr. 357, Vărşag
15719	47.636027	24.435319	Săcel, nr. 70, Săcel
15720	45.873556	22.914736	str. Aleea Moţilor, bl.2A, Deva
15721	45.859908	22.908281	str. Mihai Eminescu, bl.T1, sc. A, Deva
15722	45.859686	22.906172	str. Mihai Eminescu, bl.T1, sc. B, Deva
15723	45.875725	22.901928	str. Mihai Eminescu, nr. 48A, Deva
15724	45.861161	22.923633	str. Calea Zarandului, nr. 166 – adăpost 1, Deva
15725	45.8616	22.923783	str. Calea Zarandului, nr. 166 – adăpost 2, Deva
15726	45.861692	22.923369	str. Calea Zarandului, nr. 166 – adăpost 3, Deva
15727	45.754342	22.904128	str. G. Enescu, nr.8(E), Hunedoara
15728	45.754342	22.904128	str. G. Enescu, nr.8/1(V), Hunedoara
15729	45.756453	22.914369	b-dul. 1848, nr.4, Hunedoara
15730	45.757114	22.913608	str. I.L. Caragiale, nr.14, Hunedoara
15731	45.757503	22.912453	str. I.L. Caragiale, nr.16, Hunedoara
15732	45.757233	22.914569	b-dul. 1848, nr.2, Hunedoara
15733	45.746603	22.88485	str. Voinii, F.N, Hunedoara
15734	45.759308	22.911458	str. Avram Iancu, nr. 16-18, Hunedoara
15735	45.411356	23.375111	str. Crângului, bl. B1, Petroșani
15736	45.411142	23.375344	str. Crângului, bl. B3, Petroșani
15737	45.410794	23.375736	str. Crângului, bl. B5, Petroșani
15738	45.411133	23.3718	str. Aleea Florilor, bl. B3, sc. 4-5, Petroșani
15739	45.872347	23.213875	str. Luncii, nr. 18, Orăștie
15740	45.840744	23.179578	str. Armatei, nr. 38, Orăștie
15741	45.374753	23.293431	str. Mihai Viteazu, nr. 31, Vulcan
15742	45.611525	22.956403	str. N. Titulescu, nr. 23, Hațeg
15743	45.610786	22.948567	str. Piaţa Unirii, nr. 6, Hațeg
15744	45.411092	23.3128	str. Libertăţii, nr. 100, Aninoasa
15745	45.450544	23.403553	str. Republicii, nr. 196, Petrila
15746	45.845792	23.018314	str. Atelierelor, nr. 36, Simeria
15747	44.71145	26.636534	Bl.CD4 ScaraA Str. Ion Creanga Nr.4, Urziceni
15748	44.71155	26.637054	Bl.CD4 ScaraB Str. Ion Creanga Nr.4, Urziceni
15749	44.71544	26.644561	Str. Revolutiei Nr.15A, Urziceni
15750	44.560638	27.355899	B-dul Matei Basarab Nr.14, Slobozia
15751	44.567034	27.359556	Str. Lacului Nr.6A, Slobozia
15752	44.578965	27.387657	Sos. Brailei Nr. 14, Slobozia
15753	44.564885	27.349953	Str. Garii Nr. 1, Slobozia
15754	44.53489	27.38733	Str. Călărași Km. 4, Slobozia
15755	44.408087	27.823041	Bl. BN5 Str. Jandarmeriei, Fetesti
15756	44.40827	27.822992	Bl. BN6 Str. Jandarmeriei, Fetesti
15757	44.416298	27.818612	Str. Depoului Nr. 2, Fetesti
15758	44.638835	27.664754	Str. Ionel Perlea Nr.1, Tandarei
15759	44.656223	27.637922	Str. Teilor Nr.1-3, Tandarei
15760	47.174528	27.545944	Şos. Păcurari nr. 25 Bl. 539 sc.A, Iași
15761	47.174528	27.545944	Şos. Păcurari nr. 25 Bl. 539 sc.A, Iași
15762	47.174528	27.545944	Şos. Păcurari nr. 27 Bl. 539 sc. B, Iași
15763	47.174528	27.545944	Şos. Păcurari nr. 27 Bl. 539 sc. B, Iași
15764	47.174528	27.545944	Şos. Păcurari nr. 29 Bl. 539 sc.C, Iași
15765	47.174528	27.545944	Şos. Păcurari nr. 29 Bl. 539 sc.C, Iași
15766	47.157556	27.592806	Str. Prof. A Şesan nr. 8 Bl. H 4 sc. A, Iași
15767	47.157556	27.592806	Str. Prof. A Şesan nr. 8 Bl. H 4 sc. A, Iași
15768	47.157222	27.592778	Str. Prof. A Şesan nr. 10 Bl. H 5 sc. A, Iași
15769	47.157222	27.592778	Str. Prof. A Şesan nr. 10 Bl. H 5 sc. A, Iași
15770	47.157962	27.591534	Str. Sf. Lazăr nr. 20 Bl. K 2, Iași
15771	47.157962	27.591534	Str. Sf. Lazăr nr. 20 Bl. K 2, Iași
15772	47.15775	27.5915	Str. Sf. Lazăr nr. 22 Bl.K 3, Iași
15773	47.15775	27.5915	Str. Sf. Lazăr nr. 22 Bl.K 3, Iași
15774	47.157504	27.591251	Str. Sf. Lazăr nr.24 Bl. K 4, Iași
15775	47.157358	27.591141	Str. Sf. Lazăr nr.26 Bl. K 5, Iași
15776	47.157358	27.591141	Str. Sf. Lazăr nr.26 Bl. K 5, Iași
15777	47.157088	27.591055	Str. Sf. Lazăr nr.28 Bl. K 6, Iași
15778	47.157088	27.591055	Str. Sf. Lazăr nr.28 Bl. K 6, Iași
15779	47.153444	27.589222	Str. Sf. Lazăr nr. 47 Bl.A 5-6 sc. A5, Iași
15780	47.153444	27.589222	Str. Sf. Lazăr nr. 47 Bl.A 5-6 sc. A5, Iași
15781	47.153639	27.589389	Str. Sf. Lazăr nr.45 Bl.A 5-6 sc. A6, Iași
15782	47.153639	27.589389	Str. Sf. Lazăr nr.45 Bl.A 5-6 sc. A6, Iași
15783	47.160603	27.588077	Str. C Negri nr. 43 Bl.T 1, Iași
15784	47.161528	27.589444	Str. C. Negri nr.41 Bl. Z1, Iași
15785	47.160632	27.588728	Str. C. Negri nr. 39 Bl. Z 2, Iași
15786	47.166333	27.586361	B-dul Independenţei nr. 24 Bl. Y 3 sc.A, Iași
15787	47.166152	27.587174	B-dul Independenţei nr.28 Bl Y 4, Iași
15788	47.165917	27.587583	B-dul Independenţei nr.30 Bl. Y 5, Iași
15789	47.164324	27.597593	Str. Prof. Paul nr.7 Bl. 338 sc. A, Iași
15790	47.164324	27.597593	Str. Prof. Paul nr.7 Bl. 338 sc. B, Iași
15791	47.163594	27.598094	Str. Prof. Paul nr. 11, Bl. 339 sc. A, Iași
15792	47.163594	27.598094	Str. Prof. Paul nr.11 Bl. 339 sc. B, Iași
15793	47.149417	27.573889	Str.Pantelimon nr. 14 Bl.P 15 sc.B, Iași
15794	47.149417	27.573889	Str.Pantelimon nr. 14 Bl.P 15 sc.B, Iași
15795	47.149417	27.573889	Str.Pantelimon nr. 16 Bl.P 15 sc. C, Iași
15796	47.149417	27.573889	Str.Pantelimon nr. 16 Bl.P 15 sc. C, Iași
15797	47.166056	27.582722	Str.V. Alecsandri nr. 5 Bl. A3 sc.A, Iași
15798	47.166056	27.582722	Str.V. Alecsandri nr. 5 Bl. A3 sc.A, Iași
15799	47.162972	27.582944	Str I.C.Brătianu.nr. 36 Bl.B 1 sc. A, Iași
15800	47.165667	27.578444	Str. Arcu nr. 1 sc. A - bl TAROM, Iași
15801	47.166194	27.577667	Str. Arcu nr. 5 sc. B1, Iași
15802	47.166389	27.573694	Str. Prof. Petru Cujbă nr. 5C Bl. F1-1 sc B, Iași
15803	47.166389	27.573694	Str. Prof. Petru Cujbă nr. 5C Bl. F1-1 sc B, Iași
15804	47.166256	27.574186	Str. Prof. Petru Cujbă nr. 1 A Bl. F 2 sc. B, Iași
15805	47.166256	27.574186	Str. Prof. Petru Cujbă nr. 1 A Bl. F 2 sc. B, Iași
15806	47.16785	27.572144	Şos. Arcu nr. 11 Bl. F 5 sc. C, Iași
15807	47.16785	27.572144	Şos. Arcu nr. 11 Bl. F 5 sc. C, Iași
15808	47.15325	27.620694	Aleea Grădinari nr. 8 Bl.H 31, Iași
15809	47.15325	27.620694	Aleea Grădinari nr. 8 Bl.H 31, Iași
15810	47.153139	27.620611	Aleea Grădinari nr.6 Bl. H 32, Iași
15811	47.153139	27.620611	Aleea Grădinari nr.6 Bl. H 32, Iași
15812	47.152917	27.62025	Str. Grădinari nr. 40 Bl. G 12, Iași
15813	47.152917	27.62025	Str. Grădinari nr. 40 Bl. G 12, Iași
15814	47.152639	27.621056	Str. Grădinari nr. 42 Bl. G 11, Iași
15815	47.152639	27.621056	Str. Grădinari nr. 42 Bl. G 11, Iași
15816	47.152944	27.617222	Str. Grădinari nr. 16 Bl. F 11, Iași
15817	47.152944	27.617222	Str. Grădinari nr. 16 Bl. F 11, Iași
15818	47.152778	27.615694	B-dul Chimiei nr. 27 Bl.E 14 sc. A, Iași
15819	47.152778	27.615694	B-dul Chimiei nr. 27 Bl.E 14 sc. A, Iași
15820	47.152556	27.618389	B-dul Chimiei nr. 39 Bl. F 32 sc. A, Iași
15821	47.152556	27.618389	B-dul Chimiei nr. 39 Bl. F 32 sc. A, Iași
15822	47.152343	27.618587	B-dul Chimiei nr. 41 Bl. F 33 sc. A, Iași
15823	47.152343	27.618587	B-dul Chimiei nr. 41 Bl. F 33 sc. A, Iași
15824	47.153972	27.615861	Str. Parcului nr. 18 Bl. 3-5 sc. A, Iași
15825	47.153972	27.615861	Str. Parcului nr. 16 Bl. 3-5 sc.B, Iași
15826	47.154465	27.614372	Str. Parcului nr 10 Bl. A 1-3 sc. B, Iași
15827	47.154465	27.614372	Str. Parcului nr.8 Bl.A 1-3 sc. C, Iași
15828	47.145339	27.605728	Str. Al. Teodoreanu nr. 18 Bl.B 3-3 sc A, Iași
15829	47.145339	27.605728	Str. Al. Teodoreanu nr. 18 Bl.B 3-3 sc A, Iași
15830	47.145369	27.605308	Str. Al. Teodoreanu nr.18 Bl. B 3-3 sc.B, Iași
15831	47.145369	27.605308	Str. Al. Teodoreanu nr.18 Bl. B 3-3 sc.B, Iași
15832	47.145494	27.604875	Str. Al. Teodoreanu nr. 18 Bl.B 3-3 sc. C, Iași
15833	47.145494	27.604875	Str. Al. Teodoreanu nr. 18 Bl.B 3-3 sc. C, Iași
15834	47.145389	27.604222	Str. Al. Teodoreanu nr.14 Bl. B 4-2 sc.A, Iași
15835	47.145389	27.604222	Str. Al. Teodoreanu nr.14 Bl. B 4-2 sc.A, Iași
15836	47.145389	27.604222	Str. Al. Teodoreanu nr.16 Bl.B 4-2 sc. B, Iași
15837	47.145389	27.604222	Str. Al. Teodoreanu nr.16 Bl.B 4-2 sc. B, Iași
15838	47.144373	27.602431	Str. Atelierului nr. 3 Bl. A 1-1 sc.A, Iași
15839	47.144373	27.602431	Str. Atelierului nr. 3 Bl. A 1-1 sc.A, Iași
15840	47.144373	27.602431	Str. Atelierului nr. 3 Bl. A 1-1 sc.B, Iași
15841	47.144373	27.602431	Str. Atelierului nr. 3 Bl. A 1-1 sc.B, Iași
15842	47.153222	27.572417	Str.P. Şchiopul nr. 1Bl.L 1 A sc. A, Iași
15843	47.153222	27.572417	Str.P. Şchiopul nr. 1Bl.L 1 A sc. A, Iași
15844	47.152194	27.570222	Str P. Şchiopul. nr. 15 Bl .H 2A sc.C, Iași
15845	47.152194	27.570222	Str P. Şchiopul. nr. 15 Bl .H 2A sc.C, Iași
15846	47.152194	27.570222	Str. P. Şchiopul nr. 17 Bl. H 2 A sc. D, Iași
15847	47.152194	27.570222	Str. P. Şchiopul nr. 17 Bl. H 2 A sc. D, Iași
15848	47.151889	27.569611	Str. P. Şchiopul nr. 19 Bl. H1 A sc. A, Iași
15849	47.151889	27.569611	Str. P. Şchiopul nr. 19 Bl. H1 A sc. A, Iași
15850	47.151889	27.569611	Str. P. Şchiopul nr. 21 Bl. H 1 A sc. B, Iași
15851	47.151889	27.569611	Str. P. Şchiopul nr. 21 Bl. H 1 A sc. B, Iași
15852	47.152333	27.569722	Str. P. Şchiopu nr. 16 Bl. FD 2 B sc. B, Iași
15853	47.152333	27.569722	Str. P. Şchiopu nr. 16 Bl. FD 2 B sc. B, Iași
15854	47.152942	27.572724	Str. Hatman Şendrea nr.15 Bl. L 2 A sc. B, Iași
15855	47.145258	27.575295	Str. Sălciilor nr. 30 Bl. 812 sc.A, Iași
15856	47.145258	27.575295	Str. Sălciilor nr. 30 Bl. 812 sc.A, Iași
15857	47.145258	27.575295	Str.Egalităţii nr.21 Bl.815 sc. B, Iași
15858	47.145258	27.575295	Str.Egalităţii nr.21 Bl.815 sc. B, Iași
15859	47.143636	27.576517	Str. Sălciilor nr. 15 Bl. 823 sc. B, Iași
15860	47.143636	27.576517	Str. Sălciilor nr. 15 Bl. 823 sc. B, Iași
15861	47.144352	27.576911	Str. Gh. Doja nr. 11 Bl. 825 sc. A, Iași
15862	47.144352	27.576911	Str. Gh. Doja nr. 11 Bl. 825 sc. A, Iași
15863	47.167694	27.558778	Şos. Naţională nr. 40 A Bl. C1 sc. A, Iași
15864	47.165664	27.562656	Şos. Naţională nr. 48 A Bl.C 6 sc. A, Iași
15865	47.166111	27.562722	Şos. Naţională nr. 48 B Bl. C 7 sc. A, Iași
15866	47.168548	27.543304	Str. I.Simionescu nr. 32 Bl. T 2, Iași
15867	47.168309	27.545397	Str. I.Simionescu nr. 32 Bl. T 2, Iași
15868	47.168467	27.54777	Str. I.Simionescu nr. 4 Bl. A 1, Iași
15869	47.168189	27.548235	Str. I.Simionescu nr. 2 Bl.A 2, Iași
15870	47.168714	27.543361	Str. I.Simionescu nr. 34 Bl. T1, Iași
15871	47.168714	27.543361	Str. I.Simionescu nr. 34 Bl. T1, Iași
15872	47.168278	27.548472	Str. Vitejilor nr.15 Bl. A 3, Iași
15873	47.168278	27.548472	Str. Vitejilor nr.15 Bl. A 3, Iași
15874	47.168611	27.548944	Str. Vitejilor nr. 19 Bl.A 5, Iași
15875	47.168611	27.548944	Str. Vitejilor nr. 19 Bl.A 5, Iași
15876	47.168472	27.54875	Str. Vitejilor nr. 17 Bl. A4, Iași
15877	47.168472	27.54875	Str. Vitejilor nr. 17 Bl. A4, Iași
15878	47.168806	27.549333	Str. Vitejilor nr. 21 Bl. A 6, Iași
15879	47.166452	27.554729	Bdul Dacia nr. 13 Bl. DA 9, Iași
15880	47.166452	27.554729	Bdul Dacia nr. 13 Bl. DA 9, Iași
15881	47.167028	27.543806	Bdul Dacia nr. 48 Bl. SF-3, Iași
15882	47.167028	27.543806	Bdul Dacia nr. 48 Bl. SF-3, Iași
15883	47.173958	27.533628	str. Rediu nr. 6 A bl. 482 E sc. B, bloc A.N.L., Iași
15884	47.174689	27.533617	str. Rediu nr. 8 A bl. 482 D sc. A, bloc A.N.L., Iași
15885	47.158847	27.596992	str. Otilia Cazimir, nr.15, Iași
15886	47.158847	27.596992	str. Otilia Cazimir, nr.15, Iași
15887	47.181333	27.571203	str. Sărărie nr. 187 A, Iași
15888	47.152778	27.608361	b-dul Chimiei, nr.4, sc.A, Iași
15889	47.152778	27.608361	b-dul Chimiei, nr.4, sc.A, Iași
15890	47.152778	27.608361	b-dul Chimiei, nr.4, sc.C, Iași
15891	47.152778	27.608361	b-dul Chimiei, nr.4, sc.C, Iași
15892	47.24442	26.752482	str. Ștefan cel Mare și Sfânt nr 15 bl G2 - tronson I, Pașcani, Pașcani
15893	47.245978	26.721678	str. M. Kogălniceanu nr.24, Pașcani, Pașcani
15894	47.19275	27.557556	Aleea M. Sadoveanu nr 4-6, camin C1 (A1), Iași
15895	47.19275	27.557556	Aleea M. Sadoveanu nr 4-6, camin C1 / (A1), Iași
15896	47.19175	27.558686	Aleea M. Sadoveanu nr 4-6, camin C3 (A3), Iași
15897	47.19175	27.558686	Aleea M. Sadoveanu nr 4-6, camin C3 (A3), Iași
15898	47.193542	27.558044	Aleea M. Sadoveanu nr 4-6, camin C5 (A5), Iași
15899	47.176944	27.617778	Str. Moara de Vânt nr. 34, Iași
15900	47.173558	27.522967	Șos.Păcurari, nr. 138, Iași
15901	47.1333	27.571475	Șos. Nicolina nr.58, Iași
15902	47.155111	27.580028	Șos. Națională,nr. 31, Iași
15903	47.175806	27.488039	Valea Lupului, nr. 1, Valea Lupului
15904	47.175806	27.488039	Valea Lupului, nr. 1, Valea Lupului
15905	47.175056	27.490944	Valea Lupului, nr. 1, Valea Lupului
15906	47.154158	27.686622	Str. principală, Nr. 40, Holboca
15907	47.160139	27.587472	Str. Palat, nr. 1, Iași
15908	47.156333	27.591083	str. Sf. Lazăr nr 23 A, Iași
15909	47.132808	27.575058	Șos.Nicolina ,nr.57 A., Iași
15910	47.155278	27.626056	str. Ciurchi nr 146-150, Iași
15911	47.175194	27.575611	str. General H.M.Berthelot nr. 2-4, Iași
15912	47.160531	27.59565	str. Gr. Ghica Vodă nr 13, Iași
15913	47.173594	27.580433	str.Mihail Kogălniceanu nr.9-13, Iași
15914	47.154753	27.586831	str.Palat nr 5A, Iași
15915	47.155306	27.586333	str. Palat, nr.3E, Iași
15916	47.155889	27.585833	str. Palat, nr.3C, Iași
15917	47.155694	27.590778	str.Sf. Lazăr, nr.27, Iași
15918	47.154806	27.587528	str. Palat, nr.5B, Iași
15919	47.155403	27.58955	str. Palat, nr.5C, Iași
15920	47.155928	27.5895	str. Palat, nr.7 B/C, Iași
15921	47.157997	27.588958	str. Palat, nr.7 A, Iași
15922	47.189542	27.431083	șos. Iași- Tg Frumos km 12, Lețcani
15923	47.159056	27.596944	str. Otilia Cazimir, nr.10, Iași
15924	47.212764	27.277647	str. Națională nr 94, Podu Iloaiei
15925	47.216333	27.241528	Budăi, Podu Iloaiei
15926	47.154417	27.57975	șos. Națională, nr.37, Iași
15927	47.14552	27.616385	Calea Chișinăului nr. 132, Iași
15928	47.164564	27.592586	str. Elena Doamna nr 1 A, Iași
15929	47.195639	27.554861	Aleea Mihail Sadoveanu nr.10, Iași
15930	47.179917	27.475139	sat Uricani, Miroslava
15931	47.164561	27.578006	str. Costache Negruzzi, nr. 7-9, Iași
15932	47.161875	27.586414	str. Sf.Sava, nr 1, Iași
15933	47.167811	27.577933	str. Banu nr 7, Iași
15934	47.146448	27.609123	Calea Chișinăului nr. 26, Iași
15935	47.154322	27.583367	splai Bahlui mal stâng nr.33, Iași
15936	47.182442	27.567889	str. M. Costăchescu nr 6, Iași
15937	47.316458	27.610578	Sculeni, Victoria
15938	47.169439	27.568032	str Arcu, nr.29, Iași
15939	47.160494	27.603311	str Baloșescu, nr. 2, Iași
15940	47.166611	27.568111	str. Străpungerii Silvestru, nr. 7, Iași
15941	47.654635	23.547365	Str. Aleea Rotundă nr. 1, Baia Mare
15942	47.655287	23.54817	Str. Aleea Rotundă nr. 2, Baia Mare
15943	47.655196	23.545966	Str. Aleea Rotundă nr. 3, Baia Mare
15944	47.654413	23.545926	Str. Aleea Rotundă nr. 4, Baia Mare
15945	47.654244	23.546809	Str. Aleea Rotundă nr. 5, Baia Mare
15946	47.651673	23.546337	Aleea Filaturii nr. 5, sc.A, Baia Mare
15947	47.65206	23.546207	Aleea Filaturii nr. 5, sc.D, Baia Mare
15948	47.652196	23.546423	Aleea Filaturii nr. 5, sc.E, Baia Mare
15949	47.652188	23.554698	B-dul Bucureşti nr. 28, Baia Mare
15950	47.651915	23.55313	B-dul Bucureşti nr. 34, Baia Mare
15951	47.652224	23.552878	B-dul Bucureşti nr. 34A, Baia Mare
15952	47.65166	23.54934	B-dul Decebal nr. 4B sc. A, Baia Mare
15953	47.651918	23.549282	B-dul Decebal nr. 4B sc. B, Baia Mare
15954	47.652752	23.549146	B-dul Decebal nr. 8A, sc. A, Baia Mare
15955	47.652851	23.449223	B-dul Decebal nr. 8A, sc.B, Baia Mare
15956	47.65474	23.548689	B-dul Decebal, nr. 20, Baia Mare
15957	47.652251	23.551974	Str. Cuza Vodă nr.8A sc.B, Baia Mare
15958	47.652418	23.551939	Str. Cuza Vodă nr.8A sc.C, Baia Mare
15959	47.651326	23.576973	Str. B.Şt. Delavrancea nr. 17, Baia Mare
15960	47.651015	23.576969	Str. B.Şt. Delavrancea nr. 19, Baia Mare
15961	47.655068	23.5692	Str. Florilor nr. 6A, Baia Mare
15962	47.657125	23.563557	Str. George Coşbuc nr.11, Baia Mare
15963	47.655958	23.557962	Str. George Coşbuc nr.25A, Baia Mare
15964	47.65515	23.551633	Str. George Coşbuc nr. 33, Baia Mare
15965	47.654814	23.550247	Str. George Coşbuc nr. 37, Baia Mare
15966	47.64589	23.555665	Str. Gării nr. 12 sc.A, Baia Mare
15967	47.646023	23.555467	Str. Gării nr. 12 sc.B, Baia Mare
15968	47.654164	23.56029	Str. Nicolae Iorga nr. 1 sc.A, Baia Mare
15969	47.654236	23.560462	Str. Nicolae Iorga nr. 1 sc.B, Baia Mare
15970	47.654089	23.561981	Str. Nicolae Iorga nr. 2 sc.A, Baia Mare
15971	47.653949	23.561725	Str. Nicolae Iorga nr. 2 sc.B, Baia Mare
15972	47.654544	23.561607	Str. Nicolae Iorga nr. 2 sc.G, Baia Mare
15973	47.65539	23.561221	Str. Nicolae Iorga nr. 6 sc.A, Baia Mare
15974	47.655273	23.560937	Str. Nicolae Iorga nr. 6 sc.B, Baia Mare
15975	47.655901	23.560854	Str. Nicolae Iorga nr. 6 sc.G, Baia Mare
15976	47.643556	23.57405	Str. Rapsodiei nr. 3 sc. A, Baia Mare
15977	47.643365	23.574129	Str. Rapsodiei nr. 3 sc. B, Baia Mare
15978	47.651963	23.566015	Str. Transilvaniei nr. 4 sc.F, Baia Mare
15979	47.65192	23.565815	Str. Transilvaniei nr. 4 sc.G, Baia Mare
15980	47.652329	23.565984	Str. Transilvaniei nr. 4A sc.A, Baia Mare
15981	47.652249	23.566033	Str. Transilvaniei nr. 4A sc.B, Baia Mare
15982	47.652155	23.566148	Str. Transilvaniei nr. 4A sc.C, Baia Mare
15983	47.659185	23.561203	Str. Victoriei nr. 82, Baia Mare
15984	47.659497	23.560739	Str. Victoriei nr. 90, Baia Mare
15985	47.659545	23.561083	Str. Victoriei nr. 90 bis, Baia Mare
15986	47.658	23.5468	Str. Victoriei nr. 134, Baia Mare
15987	47.643488	23.576902	Str. Banatului nr. 3, Baia Mare
15988	47.647607	23.560951	Str. Bogdan Vodă nr.5 sc. A, Baia Mare
15989	47.647444	23.56061	Str. Bogdan Vodă nr.5 sc. B, Baia Mare
15990	47.647768	23.560848	Str. Bogdan Vodă nr.5A sc. A, Baia Mare
15991	47.64756	23.561068	Str. Bogdan Vodă nr.5A sc. B, Baia Mare
15992	47.647886	23.561224	Str. Bogdan Vodă nr.5B sc. A, Baia Mare
15993	47.647591	23.561312	Str. Bogdan Vodă 5B sc. B, Baia Mare
15994	47.647466	23.56148	Str. Bogdan Vodă 5B sc. C, Baia Mare
15995	47.647231	23.561638	Str. Bogdan Vodă 5B sc. D, Baia Mare
15996	47.632449	23.56281	B-dul Unirii nr. 40, Baia Mare
15997	47.632868	23.564307	B-dul Unirii nr. 40, Baia Mare
15998	47.633977	23.563635	B-dul Unirii nr. 40, Baia Mare
15999	47.662275	23.543575	Str. Magnoliei nr. 5, Baia Mare
16000	47.656488	23.547069	Str. Victoriei nr. 73, Baia Mare
16001	47.656521	23.515198	B-dul Independenței nr. 80, Baia Mare
16002	47.923735	23.878109	Str. Independenței, nr. 16, sc A, Sighetu Marmației
16003	47.923861	23.877701	Str. Independenței, nr. 16, sc C, Sighetu Marmației
16004	47.924	23.878871	Str. Independenței, nr. 37, Sighetu Marmației
16005	47.926492	23.876249	Str. Independenței, nr. 7, sc. 3, Sighetu Marmației
16006	47.926422	23.876588	Str. Independenței, nr. 9, sc. A, Sighetu Marmației
16007	47.926039	23.876179	Str. Independenței, nr. 13, sc. B, Sighetu Marmației
16008	47.920815	23.912683	Str. Bogdan Vodă nr. 125A, Sighetu Marmației
16009	47.927134	23.902039	Str. Uniri nr.40, Sighetu Marmației
16010	47.931902	23.903498	Str. Uniri nr.44, Sighetu Marmației
16011	47.662235	23.699974	Str. Piața Libertății nr. 4, Baia Sprie
16012	47.704423	24.439272	Aleea Eroilor nr. 28, Vișeu de Sus
16013	47.960137	23.819573	Nr. 510, Com. Sarasău
16014	47.618361	23.727533	Nr. 61, Com. Șișesti
16015	47.923453	24.015264	Nr. 84, Com. Rona de Jos
16016	44.633185	22.678242	Bulevardul Mihai Viteazu, nr.1A, Bl D01, Dr. Tr. Severin
16017	44.63345	22.677895	Bulevardul Mihai Viteazu, nr. 1B, Bl D02, Dr. Tr. Severin
16018	44.633762	22.677485	Bulevardul Mihai Viteazu, nr. 1C, Bl D03, Dr. Tr. Severin
16019	44.632829	22.678653	Bulevardul Mihai Viteazu,nr. 1D, Bl D04, Dr. Tr. Severin
16020	44.629653	22.64112	Str. Brâncoveanu, nr. 2 Bl. B1 sc. 1, Dr. Tr. Severin
16021	44.629751	22.641317	Str. Brâncoveanu, nr. 4 Bl. B2 sc. 1, Dr. Tr. Severin
16022	44.62977	22.641589	Str. Brâncoveanu, nr. 6 Bl. B3 sc. 1, Dr. Tr. Severin
16023	44.631944	22.671111	Str. Brâncoveanu, nr. 221, Bl. A4 sc.1, Dr. Tr. Severin
16024	44.63189	22.671367	Str. Brâncoveanu, nr. 221, Bl. Bl. A5 sc.1, Dr. Tr. Severin
16025	44.631663	22.671207	Str. Brâncoveanu, nr. A5, Bl. A6 sc.1, Dr. Tr. Severin
16026	44.629035	22.640303	Aleea Aluniș nr.1 bl. C3, sc 1., Dr. Tr. Severin
16027	44.629203	22.64037	Aleea Aluniș nr.1 bl. C4, sc 1., Dr. Tr. Severin
16028	44.623886	22.640339	Insp. Teritorial de Muncă, B-dul Carol I nr. 3, Dr. Tr. Severin
16029	44.622214	22.644318	Gara CFR, B-dul Dunării nr.2, Dr. Tr. Severin
16030	44.627222	22.651667	DirecţiaGenerală a Finanţelor Publice Mehedinți, Piața Radu Negru Vodă<br />nr. 1, Dr. Tr. Severin
16031	44.623384	22.631655	SC Astra Rails Industries SA, B-dul Dunării nr. 3, Dr. Tr. Severin
16032	44.623422	22.63614	SC Astra Rails Industries SA, B-dul Dunării nr. 3, Dr. Tr. Severin
16033	44.619722	22.633889	SC Eurotyres Manufacturing SA, B-dul Porțile de Fier, Dr. Tr. Severin
16034	44.625026	22.654583	Oficiul Poștal nr. 1, str. Decebal nr.41, Dr. Tr. Severin
16035	44.628333	22.653056	Magazinul ”Decebal”, Str. Horia, nr.12, Dr. Tr. Severin
16036	44.631944	22.655833	Hotel Traian, B-dul Tudor Vladimirescu nr. 74, Dr. Tr. Severin
16037	44.643548	22.652478	Spitalul Judeţean, Splai Mihai Viteazul nr. 5, Dr. Tr. Severin
16038	44.723998	22.396848	Fostul sediu B.C.R. - Filiala Orşova, str. Porțile de Fier nr. 3 A, Orșova
16039	44.725223	22.398683	Administraţia Finanţelor Publice, str. 1 Decembrie nr.16 B, Orșova, Orșova
16040	44.306863	22.57365	Porţile de Fier II - Motel Restaurant Colonie, Comuna Gogoșu, Comuna Gogoșu Colonia<br />P.F. 2
16041	44.306333	22.575243	Porţile de Fier II - Bloc Garsoniere Colonie, Comuna Gogoșu, Comuna Gogoșu Colonia<br />P.F. 2
16042	44.318781	22.567173	Porţile de Fier II - Ecluza PF II,Comuna Gogoșu, Comuna Gogoșu Colonia<br />P.F. 2
16043	46.557194	24.577611	STR.FAGET, NR.20, TARGU-MURES
16044	46.557389	24.577694	STR.FAGET, NR.22, TARGU-MURES
16045	46.557028	24.577722	STR.FAGET, NR.24, TARGU-MURES
16046	46.557194	24.577889	STR.FAGET, NR.26, TARGU-MURES
16047	46.557056	24.577639	STR.FAGET, NR.28, TARGU-MURES
16048	46.557194	24.578	STR.FAGET, NR.30, TARGU-MURES
16049	46.557806	24.571972	STR.PACII, NR.68A, TARGU-MURES
16050	46.557917	24.57225	STR.PACII, NR.68B, TARGU-MURES
16051	46.558056	24.57275	STR.PACII, NR.70A, TARGU-MURES
16052	46.558222	24.572944	STR.PACII, NR.70B, TARGU-MURES
16053	46.558417	24.573278	STR.PACII, NR.72A, TARGU-MURES
16054	46.558556	24.573583	STR.PACII, NR.72B, TARGU-MURES
16055	46.561167	24.582556	STR.MOLTER KAROLY, NR.11, TARGU-MURES
16056	46.533028	24.558556	B-DUL.1848, NR.22, TARGU-MURES
16057	46.532861	24.558306	B-DUL.1848, NR.24, TARGU-MURES
16058	46.5295	24.554194	B-DUL.1848, NR.58, TARGU-MURES
16059	46.529444	24.5555	B-DUL.1848, NR.63, TARGU-MURES
16060	46.52775	24.554056	B-DUL.1848, NR.81, TARGU-MURES
16061	46.527528	24.554028	B-DUL.1848, NR.83, TARGU-MURES
16062	46.527278	24.554056	B-DUL.1848, NR.85, TARGU-MURES
16063	46.527083	24.554	B-DUL.1848, NR.87, TARGU-MURES
16064	46.526528	24.553583	B-DUL.1848, NR.89, TARGU-MURES
16065	46.526417	24.553	B-DUL.1848, NR.91, TARGU-MURES
16066	46.526361	24.553528	B-DUL.1848, NR.93, TARGU-MURES
16067	46.529861	24.553139	SRT.CIUCAS, NR.2, TARGU-MURES
16068	46.529667	24.553194	STR.CIUCAS, NR.4, TARGU-MURES
16069	46.529444	24.553028	STR.CIUCAS, NR.6, TARGU-MURES
16070	46.529083	24.553111	STR.CIUCAS, NR.8, TARGU-MURES
16071	46.528694	24.552917	STR.CIUCAS, NR.10, TARGU-MURES
16072	46.528333	24.552972	STR.CIUCAS, NR.12, TARGU-MURES
16073	46.532472	24.556722	STR.DAMBU PIETROS, NR.14, SC. A, TARGU-MURES
16074	46.532333	24.555917	STR.DAMBU PIETROS, NR.14, SC. B, TARGU-MURES
16075	46.532167	24.556167	STR.DAMBU PIETROS, NR.14, SC. C, TARGU-MURES
16076	46.532056	24.559417	STR.DAMBU PIETROS, NR.14, SC. D, TARGU-MURES
16077	46.527583	24.554472	STR.KOSS FERENCZ, NR.2, TARGU-MURES
16078	46.527639	24.554833	STR.KOSS FERENCZ, NR.4, TARGU-MURES
16079	46.527028	24.555639	STR.KOSS FERENCZ, NR.10, TARGU-MURES
16080	46.530083	24.553194	STR.CEAHLAU, NR.1, TARGU-MURES
16081	46.530361	24.552778	STR.CEAHLAU, NR.3, TARGU-MURES
16082	46.530639	24.552694	STR.CEAHLAU, NR.5, TARGU-MURES
16083	46.53075	24.552417	STR.CEAHLAU, NR.7, TARGU-MURES
16084	46.531111	24.552111	STR.CEAHLAU, NR.9, TARGU-MURES
16085	46.531222	24.552389	STR.CEAHLAU, NR.11, TARGU-MURES
16086	46.531528	24.5525	STR.CEAHLAU, NR.13, TARGU-MURES
16087	46.526583	24.555889	STR.GODEANU, NR.21, TARGU-MURES
16088	46.526583	24.555889	STR.SUCEAVA, NR.37A, TARGU-MURES
16089	46.538028	24.567917	B-DUL.1 DECEMBRIUE 1918, NR.40, TARGU-MURES
16090	46.537889	24.579861	B-DUL.1 DECEMBRIUE 1918, NR.185, TARGU-MURES
16091	46.534028	24.58575	B-DUL.1 DECEMBRIUE 1918, NR.194, TARGU-MURES
16092	46.533639	24.586611	B-DUL.1 DECEMBRIUE 1918, NR.200, TARGU-MURES
16093	46.533639	24.586806	B-DUL.1 DECEMBRIUE 1918, NR.202, TARGU-MURES
16094	46.536583	24.581694	B-DUL.1 DECEMBRIUE 1918, NR.203, TARGU-MURES
16095	46.536333	24.58175	B-DUL.1 DECEMBRIUE 1918, NR.209, TARGU-MURES
16096	46.536306	24.584667	STR.INFRATIRII, NR.10, TARGU-MURES
16097	46.537528	24.584528	STR.INFRATIRII, NR.16, TARGU-MURES
16098	46.537583	24.584278	STR.INFRATIRII, NR.17, TARGU-MURES
16099	46.538972	24.582611	STR.PRIETENIEI, NR.9, TARGU-MURES
16100	46.538889	24.581833	STR.PRIETENIEI, NR.15, TARGU-MURES
16101	46.538778	24.581361	STR.PRIETENIEI, NR.17, TARGU-MURES
16102	46.532833	24.587083	STR.SARGUINTEI, NR.37, TARGU-MURES
16103	46.539889	24.577833	STR. NEGOIULUI, NR.4A, TARGU-MURES
16104	46.539694	24.577778	STR. NEGOIULUI, NR.4B, TARGU-MURES
16105	46.532472	24.573111	B-DUL.PANDURILOR, NR.48, TARGU-MURES
16106	46.532639	24.574667	B-DUL.PANDURILOR, NR.56, TARGU-MURES
16107	46.532667	24.549833	PIATA GARII, NR.3, TARGU-MURES
16108	46.533222	24.551583	PIATA GARII, NR.5A, TARGU-MURES
16109	46.533667	24.55125	PIATA GARII, NR.5B, TARGU-MURES
16110	46.534222	24.550667	PIATA GARII, NR.5C, TARGU-MURES
16111	46.533806	24.55075	STR.LIVIU REBREANU, NR.41, TARGU-MURES
16112	46.533639	24.551278	STR.GHEORGHE DOJA, NR.60, TARGU-MURES
16113	46.562778	24.551472	STR.APADUCTULUI, NR.52, TARGU-MURES
16114	46.233194	24.81825	STR.ROZELOR, NR.15, SIGHISOARA
16115	46.232694	24.818139	STR.ROZELOR, NR.17, SIGHISOARA
16116	46.232889	24.818028	STR.ROZELOR, NR.19, SIGHISOARA
16117	46.233194	24.818333	STR.ROZELOR, NR.21, SIGHISOARA
16118	46.230333	24.814167	STR.PANSELUTELOR, NR.15, SIGHISOARA
16119	46.230528	24.81425	STR.PANSELUTELOR, NR.17, SIGHISOARA
16120	46.230833	24.814333	STR.PANSELUTELOR, NR.19, SIGHISOARA
16121	46.230972	24.8145	STR.PANSELUTELOR, NR.21, SIGHISOARA
16122	46.231222	24.814694	STR.PANSELUTELOR, NR.23, SIGHISOARA
16123	46.231194	24.815	STR.PANSELUTELOR, NR.25, SIGHISOARA
16124	46.775639	24.703306	STR.LIBERTATII, NR.21, REGHIN
16125	46.775917	24.703472	STR.LIBERTATII, NR.22, REGHIN
16126	46.776056	24.703833	STR.LIBERTATII, NR.23, REGHIN
16127	46.516694	24.521583	STR.GHEORGHE DOJA, NR.225, TG. MURES
16128	46.539833	24.55775	P-TA VICTORIEI, NR.14, TG. MURES
16129	46.536917	24.553333	STR.LIVIU REBREANU, NR.29A, TG.MURES
16130	46.546917	24.56825	STR.NICOLAE IORGA, NR. 1, TG.MURES
16131	46.533167	24.572361	B-DUL.PANDURILOR, NR.42, TG.MURES
16132	46.541917	24.555694	STR.TUSNAD, NR.5A, TG.MURES
16133	46.534667	24.588833	STR.LIVEZENI, NR.7A, TG.MURES
16134	46.233083	24.815917	ALEEA MARGARETELOR, NR.16, SIGHISOARA
16135	46.226306	24.795806	STR.LIBERTATII, NR.51, SIGHISOARA
16136	46.788444	24.714917	B-DUL.UNIRII, NR.55, REGHIN
16137	46.775333	24.725667	STR.SALCAMILOR, NR.3, REGHIN
16138	46.93574	26.381414	Str. Mihai Viteazul bloc I-1, scara B, Piatra-Neamţ
16139	46.93612	26.38121	Str. Mihai Viteazul bloc I-2, scara A, Piatra-Neamţ
16140	46.93594	26.38065	Str. Mihai Viteazul bloc I-2, scara B, Piatra-Neamţ
16141	46.93851	26.38204	Str. Dărmăneşti, bloc B11, scara A-1, Piatra-Neamţ
16142	46.93851	26.38204	Str. Dărmăneşti, bloc B11, scara A-2, Piatra-Neamţ
16143	46.9387	26.38201	Str. Dărmăneşti, bloc B11, scara B-1, Piatra-Neamţ
16144	46.9387	26.38201	Str. Dărmăneşti, bloc B11, scara B-2, Piatra-Neamţ
16145	46.93954	26.38184	Str. Dărmăneşti, bloc K5 scara A-1, Piatra-Neamţ
16146	46.93954	26.38184	Str. Dărmăneşti, bloc K5 scara A-2, Piatra-Neamţ
16147	46.940163	26.381725	Str. Dărmăneşti, bloc K6 scara A-1, Piatra-Neamţ
16148	46.940163	26.381725	Str. Dărmăneşti, bloc K6 scara A-2, Piatra-Neamţ
16149	46.94112	26.38242	Str. Dărmăneşti, bloc K7 scara A-1, Piatra-Neamţ
16150	46.94112	26.38242	Str. Dărmăneşti, bloc K7 scara A-2, Piatra-Neamţ
16151	46.94189	26.38249	Str. Dărmăneşti, bloc K8 scara A-1, Piatra-Neamţ
16152	46.94189	26.38249	Str. Dărmăneşti, bloc K8 scara A-2, Piatra-Neamţ
16153	46.94193	26.38294	Str. Dărmăneşti, bloc B13, scara A-1, Piatra-Neamţ
16154	46.94193	26.38294	Str. Dărmăneşti, bloc B13, scara A-2, Piatra-Neamţ
16155	46.94244	26.38304	Str. Dărmăneşti, bloc B13, scara B-1, Piatra-Neamţ
16156	46.94244	26.38304	Str. Dărmăneşti, bloc B13, scara B-2, Piatra-Neamţ
16157	46.94395	26.39021	Aleea Ulmilor, bloc A0, scara A, Piatra-Neamţ
16158	46.9437	26.39063	Aleea Ulmilor, bloc A0 scara B, Piatra-Neamţ
16159	46.93414	26.35543	Str. Burebista, bloc G-7` scara A-1, Piatra-Neamţ
16160	46.93414	26.35543	Str. Burebista, bloc G-7` scara A-2, Piatra-Neamţ
16161	46.93235	26.35803	Str. Unirii, bloc K-10, scara A-1, Piatra-Neamţ
16162	46.93235	26.35803	Str. Unirii, bloc K-10, scara A-2, Piatra-Neamţ
16163	46.93225	26.35831	Str. Unirii, bloc K-4, scara B-1, Piatra-Neamţ
16164	46.93225	26.35831	Str. Unirii, bloc K-4, scara B-2, Piatra-Neamţ
16165	46.92982	26.36309	Hotel Central, Piatra-Neamţ
16166	46.93748	26.39126	Str. M Viteazul nr. 48, bl. D-02, scara A-1, Piatra-Neamţ
16167	46.93748	26.39126	Str. M Viteazul nr. 48, bl. D-02, scara A-2, Piatra-Neamţ
16168	46.9378	26.39264	Str. M Viteazul nr. 50, bl. D-03, scara A-1, Piatra-Neamţ
16169	46.9378	26.39264	Str. M Viteazul nr. 50, bl. D-03, scara A-2, Piatra-Neamţ
16170	46.93853	26.39349	Str. M Viteazul nr. 27, bl. C-5, scara F, Piatra-Neamţ
16171	46.93234	26.37355	B-dul Dacia nr.6 A (General Construct), Piatra-Neamţ
16172	46.94087	26.39993	Sala Polivalentă - Calea Romanului, Piatra-Neamţ
16173	46.94087	26.39993	Sala Polivalentă - Calea Romanului, Piatra-Neamţ
16174	46.94087	26.39993	Sala Polivalentă - Calea Romanului, Piatra-Neamţ
16175	46.94087	26.39993	Sala Polivalentă - Calea Romanului, Piatra-Neamţ
16176	46.93755	26.39334	Str. M.Viteazul nr. 56 ANDOS COM, Piatra-Neamţ
16177	46.92747	26.36831	E-ON MOLDOVA str. Alecu Russo nr. 13, Piatra-Neamţ
16178	46.91844	26.39094	GALERIA MALL Bd. General Nicolae Dăscălescu, Piatra-Neamţ
16179	46.93125	26.37272	SGA NEAMT B-dul Dacia nr. 5A, Piatra-Neamţ
16180	46.92636	26.3665	Direcţia pentru Agricultură a judeţului Neamţ str. Mihai Eminescu nr.26, Piatra-Neamţ
16181	46.90842	26.41397	S.C. Mecanica Ceahlăul S.A. Str. Dumbravei nr. 6, Piatra-Neamţ
16182	46.900406	26.496609	Calypso Salon evenimente str. Izvoare nr. 256, Piatra-Neamţ
16183	46.9188	26.391699	str. Plăeșului bl. B1, Piatra-Neamţ
16184	46.918598	26.391848	str. Plăeșului bl. B2, Piatra-Neamţ
16185	46.939098	26.395613	S.C. White Lady S.R.L., Piatra-Neamţ
16186	46.934334	26.37504	Liceul Spiru Haret, Piatra-Neamţ
16187	46.961847	26.377404	Centrul Social Pietricica, Piatra-Neamţ
16188	46.939032	26.339614	S.C. Augsburg S.R.L., Piatra-Neamţ
16189	46.92836	26.93052	Str. Tineretului (Eroilor)bl.15 A, Roman
16190	46.92836	26.93052	Str. Tineretului (Eroilor) bl.15 B, Roman
16191	46.9329	26.93001	Str. Roman Muşat (1 Decembrie1918)bl. 76 sc. A, Roman
16192	46.93312	26.92993	Str. Roman Muşat (1 Decembrie1918)bl. 74 sc. B, Roman
16193	46.93362	26.92889	Str. Roman Muşat (1 Decembrie1918) bl. 70 sc. B, Roman
16194	46.92455	26.92304	Str. Ştefan cel mare nr. 177, bl. 5, Roman
16195	46.9235	26.92401	Str. Ştefan cel Mare bl. M15 sc C, Roman
16196	46.92303	26.92412	Str. Ştefan cel Mare bl. M15 sc D, Roman
16197	46.93395	26.92884	Sala Polivalentă, Roman
16198	46.9152	26.93605	Str. Vasile Lupu bl. 1, Roman
16199	46.91505	26.93684	Str. Vasile Lupu bl. 2, Roman
16200	46.93531	26.91136	S.C.Agrana S.A. Roman, Roman
16201	47.20714	26.35696	Str. Ştefan cel Mare, Grădiniţa nr.2, Târgu Neamţ
16202	47.20303	26.37489	Bd. 22 Decembrie bl. M6, Târgu Neamţ
16203	46.91046	26.08762	Str. Piatra Corbului nr. 13 Bloc ANL, Bicaz
16204	46.909975	26.085416	Sediul Poliției Bicaz, str. Energiei, Bicaz
16205	46.89231	26.12911	Primăria Tarcău, Tarcău
16206	46.86253	26.46306	S.C. GA-PRO-CO Chemicals S.A. Săvineşti, Săvineşti
16207	47.144	27.61933	S.C. Arcelor Mittal Tubular Products Roman S.A., Cordun
16208	46.830344	26.466411	Primăria Piatra Șoimului, Piatra Șoimului
16209	46.89672	26.03414	S.C. Heidelberg Cement. S.A. Taşca, Taşca
16210	44.42775	24.369222	Bd. A.I. Cuza, bl. CAM 1, Slatina
16211	44.427056	24.373778	Aleea Tipografului, bl. GA 24, Slatina
16212	44.427111	24.369333	Bd. A.I. Cuza, bl. FA 21, sc. C, Slatina
16213	44.429889	24.368444	Str Libertatii, bl. GA 8D, Slatina
16214	44.43285	24.36801	Aleea Viorelelor, bl. GA 5C, Slatina
16215	44.433139	24.367778	Aleea Viorelelor, bl. GA 5B, Slatina
16216	44.431806	24.369972	Str. Libertăţii, bl. GA 15C, Slatina
16217	44.426222	24.372306	Aleea Rozelor, bl. GA 22, Slatina
16218	44.426611	24.370333	Aleea Rozelor, bl. GA 20, Slatina
16219	44.426278	24.371667	Aleea Rozelor, bl. GA 23, Slatina
16220	44.433917	24.368611	Str. Cornisei, bl. GA 5, Slatina
16221	44.431528	24.372944	Str. Primaverii, bl. GA 15, sc. A, Slatina
16222	44.426583	24.374778	Bd. A.I. Cuza, bl. V5, Slatina
16223	44.421361	24.385528	Str. Ecaterina Teodoroiu, bl. 19 D, Slatina
16224	44.426444	24.368278	Str. Arcului, bl. GA18, Slatina
16225	44.435694	24.371	Str. Cornișei, bl. GA9, Slatina
16226	44.435083	24.369528	Str. Cornișei bl. GA2, Slatina
16227	44.434694	24.369	Str. Cornișei bl. GA3, Slatina
16228	44.346139	24.114833	Str. Nicolae Bălcescu, nr.152A, bl.ANL, sc.A, Balş
16229	44.346333	24.114806	Str. Nicolae Bălcescu, nr.152A, bl.ANL, sc.B, Balş
16230	44.346306	24.114944	Str. Nicolae Bălcescu, nr.152A, bl. ANL, sc.C, Balş
16231	44.344179	24.133362	Str. Nicolae Bălcescu, nr.208, Balş
16232	44.168417	24.528667	Str. Morii, nr.3, sc. A, Drăgăneşti-Olt
16233	44.168194	24.528111	Str. Morii, nr.3, sc. B, Drăgăneşti-Olt
16234	44.168333	24.528694	Str. Morii, nr.3, sc. C, Drăgăneşti-Olt
16235	44.369833	24.260361	Str. Florilor, Blocurile ANL, sc A, F.n., Piatra Olt
16236	44.370139	24.26075	Str. Florilor, Blocurile ANL, sc B, F.n., Piatra Olt
16237	44.369778	24.260111	Str. Florilor, Blocurile ANL, sc C, F.n., Piatra Olt
16238	44.370361	24.26075	Str.Florilor, Blocurile ANL, blocul 2, sc A, F.n., Piatra Olt
16239	44.370333	24.260806	Str.Florilor, Blocurile ANL, blocul 2, sc B, F.n., Piatra Olt
16240	44.370806	24.261361	Str.Florilor, Blocurile ANL, blocul 2, sc C, F.n., Piatra Olt
16241	43.77225	24.49275	Str. Aleea Tineretului, nr.4, Corabia
16242	43.771917	24.4945	Str. Aleea Tineretului, nr.6,sc. A, Corabia
16243	43.771861	24.494639	Str. Aleea Tineretului, nr.6, sc. B, Corabia
16244	44.600722	24.542	Bulevardul Muncii nr. 56, bl. 52, sc. A, Scorniceşti
16245	44.60275	24.538306	Str. Aleea Plapcei nr. 47, bl. S1 sc. A, Scorniceşti
16246	44.113722	24.348583	Str. Parangului, bl. 4C, sc. 1, Caracal
16247	44.11375	24.348472	Str. Parangului, bl. 4D,, Caracal
16248	44.108194	24.357417	Str.Dragoș Vodă, bl. S1, sc. 1, Caracal
16249	44.115083	24.355389	Str. Vasile Alecsandri nr. 9, bl. locuinte sociale, sc B, (adp 1), Caracal
16250	44.115167	24.355722	Str. Vasile Alecsandri nr. 9, bl. locuinte sociale, sc B, (adp 2), Caracal
16251	44.109417	24.359083	Str. Dragos Vodă 10, Bl. D1, Caracal
16252	44.114889	24.347111	Str. Bicaz, nr 1B (liceul Mihai Viteazul), Caracal
16253	44.115833	24.360528	Str. V. Alecsandri, nr. 76, Caracal
16254	44.118167	24.362278	Bulevardul Nicoale Titulescu,nr.88, bl.D1, sc A, Caracal
16255	44.118611	24.36225	Bulevardul Nicoale Titulescu,nr.88, bl.D1, sc B, Caracal
16256	44.118389	24.362222	Bulevardul Nicoale Titulescu,nr.88, bl.D1, sc C, Caracal
16257	44.116639	24.363417	Strada Vasile Alecsandri, nr. 61, Caracal
16258	44.43169	24.356261	Bulevardul NicolaeTitulescu, nr. 19, bloc U, sc. A, Slatina
16259	44.422766	24.366932	Strada Arcului, nr. 20, Slatina
16260	44.424167	24.378056	Aleea Tineretului, nr. 1 D, Slatina
16261	47.193173	23.051393	str. Simion Bărnuţiu, nr. 67(Spital Judeţean), ZALĂU
16262	47.179967	23.053622	str. Unirii, nr.19 (Banca Reiffeisen), ZALĂU
16263	47.179609	23.053605	str. Simion Oros, nr.3(Activ Plaza Mall), ZALĂU
16264	47.17924	23.052972	str. Simion Oros nr. 5 (Piaţa agroalimentară), ZALĂU
16265	47.17714	23.055095	Str. 22 decembrie 1989, nr.9 (Centru de boli rare), ZALĂU
16266	47.17733	23.053574	str. Piaţa Unirii, nr.13(Clădire de birouri-Complex Manager), ZALĂU
16267	47.214236	23.04312	b-dul. M Viteazu, nr.85 (Clădire de birouri-ITM), ZALĂU
16268	47.191723	23.052741	str. Dumbrava, nr.1 (Grădiniţa nr.10), ZALĂU
16269	47.194183	23.054281	Str. Sfânta Vineri nr. 10 B (Farmacie), ZALĂU
16270	47.190495	23.054971	Str. Simion Bărnuţiu nr.23 B (Cabinete medicale – BioLab), ZALĂU
16271	47.231231	23.054971	str. Carpaţi, nr.5 (Asistenţă socială), ŞIMLEU SILVANIEI
16272	47.259071	23.256163	str.1 Mai., nr.8 (Judecătoria şi Parchetul Jibou), JIBOU
16273	47.260981	23.255693	str. 1 Decembrie 1918, nr.6 (Banca BRD), JIBOU
16274	47.784114	22.866843	Str.Drum Carei nr. 18 Bl.12, Satu Mare
16275	47.784003	22.867073	Str.Drum Carei nr. 16 Bl.13, Satu Mare
16276	47.781786	22.864159	Str.Prahova nr. 20 Bl. C5, Satu Mare
16277	47.781541	22.864818	Str.Aleea Tisa nr. 3 Bl.90, Satu Mare
16278	47.781744	22.85925	Aleea Milcov nr. 7/A T.6, Satu Mare
16279	47.78169	22.859324	Aleea Milcov nr.7/B T.6, Satu Mare
16280	47.781693	22.859279	Aleea Milcov nr.7/C T.6, Satu Mare
16281	47.783706	22.859308	Str.Drum Carei nr.30 Bl.T9, Satu Mare
16282	47.781719	22.860772	Aleea Milcov nr.3 Bl.T1, Satu Mare
16283	47.787393	22.863454	Str.Proiectantului nr.5 S.5, Satu Mare
16284	47.787615	22.862042	Str.Proiectantului nr.9 S.9, Satu Mare
16285	47.785137	22.862017	Str.Astronauţilor A 5-7, Satu Mare
16286	47.786092	22.861991	Str.Astronauţilor A 13-15, Satu Mare
16287	47.786446	22.86157	Str.Astronauţilor A 16-18, Satu Mare
16288	47.78585	22.856659	Str.Capricornului nr.1-3, Satu Mare
16289	47.789193	22.856706	Str.Zenit nr. 27-29, Satu Mare
16290	47.802628	22.891535	Aleea Begoniei nr.7, Satu Mare
16291	47.802832	22.889934	Aleea Nufărului T14, Satu Mare
16292	47.803008	22.883139	Aleea Ipoteşti 19, Satu Mare
16293	47.805053	22.882056	Aleea Mirceşti 9 A, Satu Mare
16294	47.780839	22.856812	Bld. Octavian Goga nr.2, Satu Mare
16295	47.797532	22.873725	Str.Ştefan Cel Mare nr.22, Satu Mare
16296	47.790006	22.872824	P-ţa 25 Octombrie nr.1, Satu Mare
16297	47.805937	22.912544	Str.Botizului nr.2, Satu Mare
16298	47.687256	22.464009	Str.Rakoczi Ferenc nr.1, Carei
16299	47.688784	22.463895	Str. 1 Decembrie nr.40, Carei
16300	47.688933	22.464591	Str. Iuliu Maniu nr.6, Carei
16301	47.477302	22.585998	Cart. Zorilor Bl.9, Tășnad
16302	47.482916	22.58848	Str Lăcrămioarelor 57, Tășnad
16303	47.454532	23.115243	Str. Principală nr.144, Apa
16304	47.443725	23.121725	Sat Someșeni str. Principală nr.58, Apa
16305	47.462234	23.122834	Str. Principala nr.566/B, Apa
16306	47.461927	23.122543	Str. Principala 132, Apa
16307	47.462536	23.112076	Str. Principala 192, Apa
16308	47.538837	22.785114	Str. Principală 129, Acâş
16309	47.806744	22.887389	Str. Principala 80, Bătarci
16310	47.786065	22.856812	Str. Principala 25, Bârsău
16311	47.685896	22.467952	Str. Principala, Bixad
16312	47.422677	22.567536	Str. Cehăluț 288, Cehal
16313	47.661499	22.335249	Str. Principala nr. 341, Ciumesti
16314	47.852947	22.779279	Sat Petea, Dorolț
16315	47.869457	22.792399	Sat Atea nr. 74, Dorolț
16316	47.846856	22.811779	Principala nr. 182, Dorolț
16317	47.697266	22.383615	Str.Principala 469, Foieni
16318	47.977291	23.016143	Str. Eliberării nr.103, Halmeu
16319	47.989008	22.997333	Str. Gării, Halmeu
16320	47.977016	23.018638	Str. Eliberarii nr. 70, Halmeu
16321	47.977116	23.017727	Str. Eliberării nr.85, Halmeu
16322	47.407895	23.0262	Str. Wesselenzi nr.37, Hodod
16323	47.786872	23.131848	Str. Principala nr. 157, Medieșu Aurit
16324	47.686745	22.598785	Principala nr.219, Moftin
16325	47.605348	22.363226	Str. Principală nr.549, Petreşti
16326	47.603435	22.362017	Str. Principală nr.1, Petreşti
16327	47.579889	22.325591	Str. Libertatii nr.62, Pișcolt
16328	47.641428	22.325591	Str. Ogorului nr.966, Sanislău
16329	47.46677	22.792924	Str. Teilor nr. 14, Supur
16330	47.616653	22.469768	Str, Principală, Tiream
16331	47.736446	22.396658	Str. Principala nr.230, Urziceni
16332	47.807972	22.776364	Str. Principala nr. 263, Vetiș
16333	45.807398	24.165973	Str.Reşiţa,Nr.65, Sibiu
16334	45.807919	24.166715	Str.Reşiţa,Nr.77, Sibiu
16335	45.808125	24.167112	Str.Reşiţa,Nr.83, Sibiu
16336	45.808296	24.16768	Str.Reşiţa,Nr.89, Sibiu
16337	45.808502	24.167968	Str.Reşiţa,Nr.95, Sibiu
16338	45.790689	24.149014	B-dul Vasile Milea, FN(Subsol pasaj-Mag.Dumbrava ), Sibiu
16339	45.805931	24.145103	Str. Lungă, nr. 62, bloc 103 C, scara B, Sibiu
16340	45.790948	24.147894	Hotel Ramada, Str. Emil Cioran, nr. 2, Sibiu
16341	45.789792	24.149009	Hotel My Continental, Calea Dumbrăvii,Nr.2-4, Sibiu
16342	45.782741	24.130326	Cămin studenţesc Academica, Str. Aurel Decei,Nr.1, Sibiu
16343	45.783478	24.146985	Centrul de Afaceri, Str. N Olahus, Nr.5, Sibiu
16344	45.790056	24.147648	Casa de Cultura ,,Ion Besoiu”, Str. E. Cioran, nr. 1, Sibiu
16345	45.789213	24.134844	Str.Bihorului, Nr.6, Sibiu
16346	45.789844	24.134732	Str.Bihorului, Nr.4, Sibiu
16347	45.785664	24.169898	Str.V. Aaron, Nr.20, scara C, Sibiu
16348	45.785638	24.169706	Str.V. Aaron, Nr.20, scara D, Sibiu
16349	45.786477	24.153061	Str. Calea Dumbrăvii , Bl.18, Sibiu
16350	45.786389	24.153056	Str. Calea Dumbrăvii , Bl.23, Sibiu
16351	45.78992	24.13618	Str. Ştrandului, Nr.6, Sibiu
16352	45.786111	24.135833	Str.Haţegului, Nr.1, Sibiu
16353	45.770608	24.141421	Str. Intrarea Siretului , bloc 6, scara A, Sibiu
16354	45.77073	24.14113	Str. Intrarea Siretului , bloc 6, scara B, Sibiu
16355	45.77082	24.14093	Str. Intrarea Siretului , bloc 6, scara C, Sibiu
16356	45.77089	24.14068	Str. Intrarea Siretului , bloc 6, scara D, Sibiu
16357	45.72483	24.17318	Str. Ştefleşti, bloc 2, scara A, Sibiu
16358	45.78412	24.17298	Str. Ştefleşti, bloc 2, scara B, Sibiu
16359	45.78402	24.17279	Str. Ştefleşti, bloc 2, scara C, Sibiu
16360	45.78391	24.17258	Str. Ştefleşti, bloc 2, scara D, Sibiu
16361	45.783047	24.173128	Str. Oaşa, bloc 6, sc A, Sibiu
16362	45.783035	24.173063	Str. Oaşa, bloc 6, sc B, Sibiu
16363	45.783	24.17288	Str. Oaşa, bloc 6, sc C, Sibiu
16364	45.78292	24.17269	Str. Oaşa, bloc 8, sc A, Sibiu
16365	45.783396	24.173459	Str. Oaşa, bloc 8, sc B, Sibiu
16366	45.783277	24.173319	Str. Oaşa, bloc 8, sc C, Sibiu
16367	45.78378	24.174226	Str. Oaşa, bloc 10, sc A, Sibiu
16368	45.783641	24.174037	Str. Oaşa, bloc 10, sc B, Sibiu
16369	45.78352	24.17389	Str. Oaşa, bloc 10, sc C, Sibiu
16370	45.800355	24.160922	Staţia CF Sibiu , Piaţa 1 Decembrie 1918, Nr.1-6, Sibiu
16371	45.789676	24.146909	Sucursala BCR Sibiu, Str.Emil Cioran, Nr.1, Sibiu
16372	45.799602	24.158602	Sucursala BRD Sibiu, Str. G-ral Magheru, Nr.55, Sibiu
16373	45.797984	24.089239	SC Tursib SA str. Munchen, nr. 1, Sibiu
16374	45.78886	24.14776	Clădire birouri, str. Dr. Ştefan Stâncă, nr 2-6, Sibiu
16375	45.79718	24.162792	Promenada Mall, str. Lector, nr. 1-3, Sibiu
16376	45.792839	24.134969	Cladire birouri ,,Keep Calling”, şos. Alba Iulia, nr. 40, Sibiu
16377	45.79251	24.133967	Clădire birouri ,,Visma”, str. Ştrandului, nr. 2B, Sibiu
16378	46.162823	24.3465	Primărie, Str. C.Coposu nr.3, Mediaş
16379	46.165254	24.333324	Bloc ANL str. Sinaia nr. 1, Mediaş
16380	46.164641	24.331788	Bloc ANL str. Sinaia nr. 2, Mediaş
16381	46.154867	24.340716	SC Transgaz SA, Piaţa C. I. Motaş, Nr. 1, Mediaş
16382	45.907656	23.738754	Hotel Confort, Miercurea Sibiului, nr. 816, Miercurea Sibiului
16383	45.877341	24.061096	Hotel Helyos Ocna Sibiului, str. Bailor, nr. 22-24, Ocna Sibiului
16384	47.672056	26.276528	Str. Baladei, nr. 1, bl. 12, sc. B, Suceava
16385	47.671889	26.276889	Str. Baladei, nr. 2, bl. 25, sc. C, Suceava
16386	47.672111	26.276583	Str. Baladei, nr. 4, bl. 16, sc. B, Suceava
16387	47.67198	26.27683	Str. Călimani, nr. 2, bl. 26, sc. A, Suceava
16388	47.673722	26.277444	Str. Calea Burdujeni, nr. 1, bl. 21, sc. C, Suceava
16389	47.672583	26.277889	Str. Celulozei, nr. 1, bl. 25, sc. F, Suceava
16390	47.672028	26.27729	Str. Celulozei, nr. 1, bl. 25, sc. H, Suceava
16391	47.67284	26.27811	Str. Celulozei, nr. 2, bl. 24, sc. E, Suceava
16392	47.6725	26.2775	Str. Celulozei, nr. 3, bl. 16, sc. E, Suceava
16393	47.673167	26.275194	Str. Celulozei, nr.7, bl.14, sc.A, Suceava
16394	47.672889	26.274278	Str. Mircea Damaschin, nr. 12, bl. 5, sc. A, Suceava
16395	47.673333	26.274917	Str. Mircea Damaschin, nr. 12, bl. 5, sc. C, Suceava
16396	47.673611	26.27518	Str. Rarău, nr. 1, bl. 13, sc. F, Suceava
16397	47.671222	26.279472	Str. Tineretului, nr. 2, bl. 33, sc. B, Suceava
16398	47.670583	26.280167	Str. Tineretului, nr. 4, bl. 36, sc. C, Suceava
16399	47.674722	26.266667	Str. Putna, nr. 10, bl. B 01, sc. A, Suceava
16400	47.674722	26.266667	Str. Putna, nr. 10, bl. B 01, sc. B, Suceava
16401	47.674222	26.266361	Str. Putna, nr. 14, bl. A 01, sc. A, Suceava
16402	47.674222	26.266361	Str. Putna, nr. 14, bl. A 01, sc. B, Suceava
16403	47.673944	26.266056	Str. Putna, nr. 8, bl. A 05, sc. A, Suceava
16404	47.673944	26.266056	Str. Putna, nr. 8, bl. A 05, sc. B, Suceava
16405	47.65	26.248889	Str. Grigore Ureche, nr. 21, bl. 72, sc. A, Suceava
16406	47.650389	26.246583	Str. Stejarului, nr. 14, bl. 59, sc. B, Suceava
16407	47.650222	26.246833	Str. Stejarului, nr. 8, bl. 68, sc. A, Suceava
16408	47.6505	26.245833	Str. Vişinilor, nr.3, bl.59, sc.A, Suceava
16409	47.650833	26.24609	Str. Zamca, nr. 25, bl. 63, sc. A, Suceava
16410	47.644361	26.242167	Aleea Venus, nr. 1, bl. E 111, sc. A, Suceava
16411	47.643667	26.2415	Aleea Venus, nr. 1, bl. E 111, sc. E, Suceava
16412	47.645889	26.241389	Bld. George Enescu, bl. E 66, sc. A, Suceava
16413	47.642861	26.237528	Aleea Lalelelor, nr. 15, bl. 105, sc. A, Suceava
16414	47.643278	26.23706	Aleea Lalelelor, nr. 15, bl. 105, sc. B, Suceava
16415	47.643333	26.237	Aleea Lalelelor, nr. 15, bl. 105, sc. C, Suceava
16416	47.642333	26.238639	Str. Lazăr Vicol, nr. 11, bl. E 35, sc. A, Suceava
16417	47.641889	26.238917	Str. Lazăr Vicol, nr. 4, bl. 56, sc. A, Suceava
16418	47.641861	26.238389	Str. Lazăr Vicol, nr. 4, bl. 56, sc. B, Suceava
16419	47.641556	26.238056	Str. Lazăr Vicol, nr. 4, bl. 56, sc. C, Suceava
16420	47.641417	26.237889	Str. Lazăr Vicol, nr. 4, bl. 56, sc. D, Suceava
16421	47.641167	26.237722	Str. Lazăr Vicol, nr. 4, bl. 56, sc. E, Suceava
16422	47.458722	26.30775	Str. Izvor, f.n., bl. 3 A, Fălticeni
16423	47.45421	26.29801	Str. 2 Grăniceri, nr. 31, bl. 51, sc. A, Fălticeni
16424	47.45424	26.29806	Str. 2 Grăniceri, nr. 31, bl. 51, sc. B, Fălticeni
16425	47.45425	26.29803	Str. 2 Grăniceri, nr. 31, bl. 51, sc. C, Fălticeni
16426	47.842528	25.91805	Str. Bogdan Vodă, nr. 6, Rădăuţi
16427	47.844667	25.916306	Str. Piaţa Unirii, nr. 74, Rădăuţi
16428	47.554361	25.894194	Str. Crişan, bl. 30, sc. B, Gura Humorului
16429	47.55209	25.89529	Str. 1 mai, Sala Polivalentă, Gura Humorului
16430	47.553417	25.899639	Bld. Bucovina, nr. 41, Gura Humorului
16431	47.950333	26.068222	Str. Simion Florea Marian, nr. 2, Siret
16432	47.950917	26.06496	Str. Margareta Muşat, nr. 1 A, bl. 1 A, sc. A, Siret
16433	47.951	26.06483	Str. Margareta Muşat, nr. 1 B, bl. 1 B, sc. B, Siret
16434	47.948167	26.060194	Str. Petru Muşat, nr. 26, Siret
16435	47.94982	26.05899	Str. Carpaţi, nr. 9, Siret
16436	47.951361	26.066667	Str. 28 Noiembrie, nr. 3, Siret
16437	47.633278	26.229833	Bld. Sofia Vicoveanca, nr. 1(S.C. Primagra S.R.L. Suceava), Suceava
16438	47.640917	26.24161	Str. Scurtă, nr. 6 (Cămin 4 –Universitatea „Ştefan cel Mare”), Suceava
16439	47.63831	26.2389	Bld. 1 Decembrie 1918, nr. 21(Centrul de dializă Fresenius Nephrocare), Suceava
16440	47.651806	26.2963	Str. Energeticianului, nr. 1(S.C. Termica S.A. Suceava), Suceava
16441	47.64535	26.24368	Str. Universităţii, nr. 52(CEC Bank Suceava), Suceava
16442	47.670306	26.280861	Str. Tineretului, f.n. (bloc de locuinţe,S.C. Loyal Impex S.R.L. Suceava), Suceava
16443	47.636528	26.234222	Str. Castanilor, nr. 2 (locuinţe colective,SC General Construct SRL), Suceava
16444	47.64368	26.25557	Str. Mihai Viteazul, nr. 13 (locuinţe colective – SC General Construct<br />SRL), Suceava
16445	47.6486	26.24483	Str. Narciselor, nr. 29 (locuinţe colective – SC General Construct SRL), Suceava
16446	47.654417	26.246028	Str. Ilie Ilaşcu, bl. D2, sc. A (locuinţe colective – SC General Construct<br />SRL), Suceava
16447	47.654301	26.245935	Str. Ilie Ilaşcu, bl. D4, sc. A (locuinţe colective – SC General Construct<br />SRL), Suceava
16448	45.775	21.259167	Str. Avram Imbroane, nr. 9, TIMIȘOARA
16449	45.755937	21.237735	B-dul Revoluției 1989, nr.17, TIMIȘOARA
16450	45.73623	21.244514	Str.Iosif Bulbuca, nr.10-12, TIMIȘOARA
16451	45.759722	21.216667	Str. Cimcumvalațiunii, nr. 35, TIMIȘOARA
16452	45.768889	21.258611	Str. Gh. Adam, nr. 13 A, TIMIȘOARA
16453	45.736944	21.241944	B-dul L. Rebreanu, nr. 156, TIMIȘOARA
16454	45.758056	21.221667	Str. Gheorghe Lazăr, nr. 9 B, TIMIȘOARA
16455	45.755079	21.248171	Str.Pestalozzi, nr. 3-5,Corp B, TIMIȘOARA
16456	45.75497	21.247669	Str.Pestalozzi, nr. 3-5,Corp A, TIMIȘOARA
16457	45.7325	21.256944	Calea Buziașului, nr. 26, TIMIȘOARA
16458	45.750772	21.20708	Str. Gării, nr. 2, TIMIȘOARA
16459	45.757711	21.222492	Str. Gh. Lazăr, nr.11a, TIMIȘOARA
16460	45.773889	21.212778	Calea Torontalului, nr. 71, TIMIȘOARA
16461	45.780507	21.220673	Str. Grigore T. Popa, nr. 81, TIMIȘOARA
16462	45.746944	21.2325	B-dul V. Pîrvan, nr. 4 A, TIMIȘOARA
16463	45.747367	21.226054	B-dul Vasile Pârvan, nr. 2, TIMIȘOARA
16464	45.746823	21.226997	B-dul Vasile Pârvan, nr. 2, TIMIȘOARA
16465	45.747226	21.226312	B-dul Vasile Pârvan, nr. 2, TIMIȘOARA
16466	45.76	21.2025	Str. Cameliei, nr.9-11, TIMIȘOARA
16467	45.755675	21.244089	Str. Joseph Lonovici, nr. 4, TIMIȘOARA
16468	45.766111	21.229167	Str. Aristide Demetriade, nr. 1, TIMIȘOARA
16469	45.670278	21.714167	Sinersig, nr.1, SINERSIG
16470	45.699402	21.894585	BUTAN GAS Str. Timișoarei, nr129, LUGOJ
16471	45.688549	21.9029	U E DRAGAN Str. Huniade, nr 2, LUGOJ
16472	45.731667	21.259167	Str. Electronicii, nr.8, bl. C 4, TIMIȘOARA
16473	45.731667	21.259722	Str. Electronicii, nr.4, bl. B 3, TIMIȘOARA
16474	45.736667	21.235278	Intrarea Sepiei nr.6, bl.48, TIMIȘOARA
16475	45.736389	21.234722	Intrarea Sepiei nr. 1, TIMIȘOARA
16476	45.735833	21.232778	Intrarea Visinului nr.6, bl. 37, TIMIȘOARA
16477	45.735622	21.23205	Intrarea Visinului nr.2, bl. 30, TIMIȘOARA
16478	45.734722	21.236944	Intrarea Vîntului nr.1, bl. C 8, TIMIȘOARA
16479	45.771136	21.230667	Calea Lipovei nr.9, TIMIȘOARA
16480	45.766667	21.225833	Calea Lipovei nr. 1, bl. 13 D, TIMIȘOARA
16481	45.767106	21.225843	Calea Lipovei nr.3, TIMIȘOARA
16482	45.774324	21.234704	Str. Martir Silviu Mohon, nr.48, bl.144, TIMIȘOARA
16483	45.774509	21.234831	Str. Martir Silviu Mohon, nr.50, bl.143, TIMIȘOARA
16484	45.77191	21.224732	Str. Remus Răduleț, nr.6, bl 53, TIMIȘOARA
16485	45.771389	21.223889	str. Rasaritului nr.5 bl 10, TIMIȘOARA
16486	45.772958	21.22469	Aleea Speranței nr. 2, bl. 66, TIMIȘOARA
16487	45.77149	21.224285	str. Rasaritului nr.12 bl 51, TIMIȘOARA
16488	45.776548	21.232096	Str.Dumitru Osman nr.2, TIMIȘOARA
16489	45.776773	21.232231	Str.Dumitru Osman nr.4, TIMIȘOARA
16490	45.778565	21.235911	Str.Horia Măcelariu, nr2, TIMIȘOARA
16491	45.778092	21.234348	Str. Intrare Sunetului nr.5, bl.229, TIMIȘOARA
16492	45.734248	21.23936	Str. Martir Angel Sava nr.5 sc.B, TIMIȘOARA
16493	45.734031	21.239665	Str. Martir Angel Sava nr.5 sc.A, TIMIȘOARA
16494	45.733889	21.24	Str. Martir Angel Sava nr.4 sc.A, TIMIȘOARA
16495	45.733333	21.24	Str. Martir Angel Sava nr.4 sc.B, TIMIȘOARA
16496	45.733611	21.24	Str. Martir Angel Sava nr.2 sc.A, TIMIȘOARA
16497	45.734722	21.239722	Str. Martir Angel Sava nr.1 sc.C, TIMIȘOARA
16498	45.733303	21.238985	Str. Martir Angel Sava nr.1 sc.B, TIMIȘOARA
16499	45.73455	21.239378	Str. Marius Ciopec nr22 sc.A, TIMIȘOARA
16500	45.734777	21.239422	Str. Marius Ciopec nr22 sc.B, TIMIȘOARA
16501	45.734671	21.240021	Str. Versului nr.4 sc.B, TIMIȘOARA
16502	45.734658	21.240371	Str. Versului nr.4 sc.A, TIMIȘOARA
16503	45.735557	21.209566	Str. Calea Șagului nr.5 bl.C5, sc.C, TIMIȘOARA
16504	45.735778	21.209649	Str. Calea Șagului nr.3 bl.C5, sc.B, TIMIȘOARA
16505	45.731947	21.206373	Str. Intrarea Clopotului nr.1, bl.B8 sc.A, TIMIȘOARA
16506	45.73199	21.206586	Str. Intrarea Clopotului nr.1, bl.B8 sc.B, TIMIȘOARA
16507	45.731902	21.205973	Str. Intrarea Clopotului nr.2, sc.A, TIMIȘOARA
16508	45.731987	21.206116	Str. Intrarea Clopotului nr.2, sc.B, TIMIȘOARA
16509	45.732208	21.20582	Str. Intrarea Clopotului nr.3, bl.B5 sc.B, TIMIȘOARA
16510	45.732109	21.203941	Str. Aleea Gorniștilor, nr.7,bl.24,sc.B, TIMIȘOARA
16511	45.732254	21.204571	Str. Aleea Gorniștilor, nr.7,bl.24,sc.C, TIMIȘOARA
16512	45.735695	21.20958	Str. Calea Șagului nr.1 bl.C5, sc.A, TIMIȘOARA
16513	45.742874	21.210757	Str. Intrarea Lungă nr.1, sc.A, TIMIȘOARA
16514	45.743107	21.210921	Str. Intrarea Lungă nr.1, sc.B, TIMIȘOARA
16515	45.73269	21.205994	Str.B-dul Dîmbovița, nr.17,bl.B4, TIMIȘOARA
16516	45.729853	21.206053	Str. Calea Șagului nr.52, TIMIȘOARA
16517	45.729691	21.206023	Str. Calea Șagului nr.54, bl.17A, TIMIȘOARA
16518	45.739474	21.207692	Str. Platanilor nr.1A, TIMIȘOARA
16519	45.739913	21.207224	Str. Platanilor nr.7, sc.A, TIMIȘOARA
16520	45.740013	21.207496	Str. Platanilor nr.7, sc.B, TIMIȘOARA
16521	45.730591	21.181471	Str. Eugen Cuteanu nr.13, sc.A(D1), TIMIȘOARA
16522	45.730435	21.181444	Str. Eugen Cuteanu nr.13, sc.B(D2), TIMIȘOARA
16523	45.729436	21.181392	Str. Eugen Cuteanu nr.7, sc.A(C1), TIMIȘOARA
16524	45.729645	21.181402	Str. Eugen Cuteanu nr.7, sc.B(C2), TIMIȘOARA
16525	45.745077	21.242769	Str.Intrarea Pădurarilor,nr.8, bl.A14 sc.B, TIMIȘOARA
16526	45.744618	21.243396	Str.Bucegi,nr.8, bl.A13 sc.D, TIMIȘOARA
16527	45.736558	21.238612	Str.Martir Claudiu Vârcuș,nr.3, sc.B,C, TIMIȘOARA
16528	45.750603	21.242112	Str.Daliei,nr.2, sc.A,B, TIMIȘOARA
16529	45.750844	21.241966	Str.Daliei,nr.2, sc.C, TIMIȘOARA
16530	45.770283	21.212798	Str.Bucovinei,nr.16,bl.68, TIMIȘOARA
16531	45.761163	21.219307	Str.Circumvalatiuni,nr.14,sc.A, TIMIȘOARA
16532	45.761094	21.219208	Str.Circumvalatiuni,nr.14, sc.B, TIMIȘOARA
16533	45.760843	21.218307	Str.Circumvalatiuni,nr.37, sc.A, TIMIȘOARA
16534	45.760997	21.218386	Str.Circumvalatiuni,nr.37, sc.B, TIMIȘOARA
16535	45.768948	21.214373	Str.Matei Basarab,nr.10, bl.36, TIMIȘOARA
16536	45.769541	21.217809	Str.Constantin Stere,nr.10, bl.18, TIMIȘOARA
16537	45.742299	21.24181	Str.Martir Cristina Lungu, nr.1,bl.C2,sc.D, TIMIȘOARA
16538	45.751832	21.231064	Str.Mihai Eminescu, nr.20, TIMIȘOARA
16539	45.763789	21.259556	Str.ZoltanKodaly, nr.14, TIMIȘOARA
16540	45.765003	21.258013	Str.Lugojului, nr.20, sc.A, TIMIȘOARA
16541	45.764986	21.257856	Str.Lugojului, nr.20, sc.B, TIMIȘOARA
16542	45.76479	21.254634	Str.Lugojului, nr.17, bl.A8, TIMIȘOARA
16543	45.762637	21.25488	Str.Intrarea Topologului, nr.5, bl.D6, sc.A, TIMIȘOARA
16544	45.762804	21.254823	Str.Intrarea Topologului, nr.5, bl.D6, sc.D, TIMIȘOARA
16545	45.733473	21.200658	Str.Intrarea Veveritei, nr.3, bl.D38, sc.A, TIMIȘOARA
16546	45.7344	21.199799	Str.Intrarea Petalelor, nr.3, bl.D51, TIMIȘOARA
16547	45.74513	21.243747	Str.Bucegi, nr.4, bl.13, sc.B, TIMIȘOARA
16548	45.736626	21.209835	Str.B-dul16 Decembrie’89, nr.79, bl.C4, sc.A, TIMIȘOARA
16549	45.736491	21.209817	Str.B-dul16 Decembrie’89, nr.79, bl.C4, sc.B, TIMIȘOARA
16550	45.736256	21.209762	Str.B-dul16 Decembrie’89, nr.79, bl.C4, sc.C, TIMIȘOARA
16551	45.731669	21.238917	Str.Martir Elena Nicoară, nr.7, TIMIȘOARA
16552	45.733394	21.231594	Str.Piata Aron Cotruș, nr.1, sc.A, TIMIȘOARA
16553	45.733379	21.231195	Str.Piata Aron Cotruș, nr.1, sc.B, TIMIȘOARA
16554	45.739879	21.223275	Str.Odobescu, nr.71,, TIMIȘOARA
16555	45.732114	21.23688	Str.Nicolae Ilieșu, nr.22, TIMIȘOARA
16556	45.734432	21.250085	Str.Aleea Azurului, nr.5, TIMIȘOARA
16557	45.769761	21.213354	Str.Maria Tănase, nr.4, TIMIȘOARA
16558	45.770058	21.21803	Str.Aleea Hotinului, nr.1 bl.14, TIMIȘOARA
16559	45.74356	21.245805	Str.Bradul, nr.6 scA,B, TIMIȘOARA
16560	45.743466	21.245479	Str.Bradul, nr.6 sc.C, TIMIȘOARA
16561	45.691852	21.904415	Str.Ceahlaului nr1, bl. 23, sc,D, LUGOJ
16562	45.691371	21.90481	Str.Ceahlaului nr1, bl. 23, sc,C, LUGOJ
16563	45.691574	21.904612	Str.Ceahlaului nr1, bl. 23, sc,B, LUGOJ
16564	45.691741	21.90451	Str.Ceahlaului nr1, bl. 23, sc,A, LUGOJ
16565	45.690536	21.904134	Str.Huniade nr5 bis, LUGOJ
16566	45.68475	21.901865	Str.Eminescu nr9, LUGOJ
16567	45.692404	21.901493	Str.Timișoarei nr 27-29, LUGOJ
16568	45.691395	21.903006	Str.Alex Astalaș, LUGOJ
16569	45.681643	21.902716	Str.Cuza Vodă,nr.7, LUGOJ
16570	45.679703	21.905344	Str.Memorandului, nr.2, LUGOJ
16571	45.850902	22.170523	Str.Stadionului, FĂGET
16572	45.850394	22.17023	Str.Calea Lugojului, nr.80, FĂGET
16573	45.797025	22.360062	Peștera Românești, FĂGET
16574	45.64631	21.608658	Str.Gojdiu, nr.5, BUZIAȘ
16575	45.647987	21.605096	Str.Principala, nr.8, BUZIAȘ
16576	45.650289	21.606482	Str.Florilor, nr.7, BUZIAȘ
16577	45.650313	21.612172	Str.Avram Iancu, nr.12, BUZIAȘ
16578	45.650012	21.613574	Str.Avram Iancu, nr.11, BUZIAȘ
16579	45.647461	21.600897	Str.Principală, nr.16, BUZIAȘ
16580	46.0717	20.623789	Str.Piața 30 Decembrie, nr.12, SÎNNICOLAU MARE
16581	46.071376	20.623373	Str.Victor Babeș, nr.2, SÎNNICOLAU MARE
16582	46.07095	20.617566	Str.Republicii, nr.14, SÎNNICOLAU MARE
16583	46.071049	20.62016	Str.Petru Maior, nr.3, SÎNNICOLAU MARE
16584	46.06821	20.635373	Str.Timișorii, nr.14, SÎNNICOLAU MARE
16585	46.071379	20.625216	Str.Republicii, nr.13, SÎNNICOLAU MARE
16586	46.071762	20.62683	Str.Republicii, nr.15, SÎNNICOLAU MARE
16587	46.0709	20.630038	Str.Republicii, nr.38, SÎNNICOLAU MARE
16588	46.073874	20.627191	Str.Republicii, nr.1, SÎNNICOLAU MARE
16589	45.515067	21.126297	Str.Gheorghe Doja, nr.8, CIACOVA
16590	45.511081	21.121397	Str.Tudor Vladimirescu, nr.20-22, CIACOVA
16591	45.393361	21.224781	Str. Victoriei, nr.26, DETA
16592	45.390756	21.225417	Str. Victoriei, nr.1, DETA
16593	45.392524	21.224321	Str. Victoriei, nr.12-14, DETA
16594	45.394186	21.224369	Str. Victoriei, nr.17-19, DETA
16595	46.63623	27.72246	Şcoala „Al. I. Cuza” - mun. Vaslui, str. Racova, nr. 69, VASLUI
16596	46.63774	27.73055	BRD Vaslui – mun. Vaslui, str. Dobrogeanu, nr. 2, VASLUI
16597	46.637398	27.730177	str. Ing. Badea Romeo, nr.1, mun. Vaslui, VASLUI
16598	46.63285	27.72876	Recumed – mun. Vaslui, str. Traian, nr. 2, VASLUI
16599	46.64431	27.73339	S.C. Confecţii S.A – mun. Vaslui, str. Mareşal C-tin Prezan, nr. 11, bl.<br />109, C1, sc. B, cămin privat, VASLUI
16600	46.64417	27.73365	S.C. Confecţii S.A – mun. Vaslui, str. Mareşal C-tin Prezan, nr. 11, bl.<br />109, C1, sc. A, camin privat, VASLUI
16601	46.62971	27.73567	Strada Decebal nr.16, Centrul de resurse pentru afaceri, Vaslui, VASLUI
16602	46.24661	27.68154	Scoala Profesională în cadrul A.I.C., corp B, mun. Bârlad, str. Republicii,<br />nr. 318, BARLAD
16603	46.225286	27.674356	Hotel N&amp;S, mun. Barlad, str. Paloda, nr.9, BARLAD
16604	46.67053	28.0867	Bloc nr. 1 – str. Huşi-Stănileşti, HUȘI
16605	46.6708	28.08675	Bloc nr. 2, str. Huşi-Stănileşti, HUȘI
16606	46.675139	28.050303	Strada 1 decembrie nr.40, Spital municipal “Dimitrie Castroian” corp B,<br />Huși, HUȘI
16607	46.675139	28.050303	Strada 1 decembrie nr.40, Spital municipal “Dimitrie Castroian”corp C,<br />Huși, HUȘI
16608	46.671183	28.087028	Bloc nr. 3, str. Huşi-Stănileşti, HUȘI
16609	46.671183	28.087028	Bloc nr. 3, str. Huşi-Stănileşti, HUȘI
16610	46.673197	28.064811	Bl. L1 – B-dul 1 Mai, nr.5, HUȘI
16611	46.67395	28.06454	Str. General Teleman, nr. 18, Serviciul Fiscal, HUȘI
16612	46.83605	27.45792	BCR – str. Unirii, nr. 2, NEGREȘTI
16613	46.834289	27.456769	Bloc ANL, nr. N2, sc.B, str. Unirii, NEGREȘTI
16614	46.20383	28.02012	Str. Coman Ghenuţa, nr. 12, MURGENI
16615	46.37281	28.14924	Primăria Berezeni, sat Berezeni, BERZENI
16616	46.37263	28.1485	Şcoala „Anastasie Fătu”, sat Berezeni, BERZENI
16617	46.79074	27.89016	Primărie, sat Boţeşti, com. Boţeşti, str. Principala, nr.35, BOȚEȘTI
16618	46.42446	27.49808	PrimărieSat. Puiești, com. Puiești, PUIEȘTI
16619	46.756019	27.480456	Primărie, sat Oşeşti, com. Oşeşti, OȘEȘTI
16620	46.6178	28.17317	Primărie, sat Stanilesti, com. Stanilesti, STANILEȘTI
16621	46.74046	27.76592	Strada principală nr.6, Primărie, sat Valeni, com. Valeni, VĂLENI
16622	46.43261	28.21237	Primărie, sat Vetrisoaia, com. Vetrisoaia, str. Principala nr. 798, VETRIȘOAIA
16623	46.74808	27.66087	Strada principala, Primărie, sat Zapodeni, com. Zapodeni, ZĂPODENI
16624	46.26582	27.71673	Strada principala nr.545, Primărie, sat Zorleni, com. Zorleni, ZORLENI
16625	46.53976	28.00595	Sediu Primărie, sat. Hoceni, com. Hoceni, HOCENI
16626	45.69735	27.183072	B-dul Unirii, nr. 61, FOCȘANI
16627	45.696669	27.183611	B-dul Unirii, nr. 59, FOCȘANI
16628	45.688575	27.184683	B-dul Unirii, nr. 3, FOCȘANI
16629	45.674555	27.176437	Str. Ulmului, nr. 5, FOCȘANI
16630	45.674133	27.177114	Str. Ulmului, nr. 11, FOCȘANI
16631	45.698997	27.185907	Str. Eroilor, nr. 8, bl. D1, FOCȘANI
16632	45.698997	27.185907	Str. Eroilor, nr. 8, bl. D1, FOCȘANI
16633	45.698643	27.185784	Str. Eroilor, nr. 8, bl. D2, FOCȘANI
16634	45.698643	27.185784	Str. Eroilor, nr. 8, bl. D2, FOCȘANI
16635	46.094873	27.182348	Str. 1 Mai, nr. 35, ADJUD
16636	46.10777	27.172988	Str. Republicii (DN2), ADJUD
16637	45.904354	27.091108	Str. Nicolae Titulescu, nr. 63, PANCIU
16638	45.908168	27.091109	Str. Titu Maiorescu, nnr. 15, PANCIU
16639	44.920888	26.034527	Calea Bucuresti, bl. 10B, Mun. Ploiești
16640	44.921	26.034777	Calea Bucuresti, bl. 7B, Mun. Ploiești
16641	44.919138	26.034777	Calea Bucuresti, bl. 5E, Mun. Ploiești
16642	44.950722	26.034777	Bd. Republicii, bl. 3B.1, Mun. Ploiești
16643	44.949555	26.004416	Bd. Republicii, bl 4A, Mun. Ploiești
16644	44.948694	26.006111	Bd. Republicii, bl 9B.2, Mun. Ploiești
16645	44.94825	25.998833	Aleea Vlasiei, bl. 7 A, Mun. Ploiești
16646	44.94825	25.998833	Aleea Vlasiei, bl. 7 B, Mun. Ploiești
16647	44.945638	26.034666	Str. Gh. Doja, bl. B2, Mun. Ploiești
16648	44.939888	26.044027	Str. Petrochimistilor, bl. 49A, Mun. Ploiești
16649	44.940361	26.044027	Str. Petrochimistilor, bl. 49B, Mun. Ploiești
16650	44.940388	26.148694	Str. Metalurgistilor, bl. 52A, Mun. Ploiești
16651	44.940388	26.044805	Str. Metalurgistilor, bl. 52B, Mun. Ploiești
16652	44.939777	26.046277	Str. Chimiei, bl. 57, Mun. Ploiești
16653	44.946833	25.99825	Str. Deltei, bl. 14A, Mun. Ploiești
16654	44.947388	25.997888	Str. Deltei, bl. 14B, Mun. Ploiești
16655	44.944694	25.999611	Str. Rîsnovenilor, bl. 57A, Mun. Ploiești
16656	44.945138	25.999277	Str. Rîsnovenilor, bl. 57B, Mun. Ploiești
16657	44.943555	25.997027	Str. Magurii, bl. 33B, Mun. Ploiești
16658	44.944694	25.995805	Str. Dealul cu Piatra, bl. 30A, Mun. Ploiești
16659	44.944755	25.995527	Str. Dealul cu Piatra, bl. 30B, Mun. Ploiești
16660	44.944777	25.99525	Str. Dealul cu Piatra, bl. 30C, Mun. Ploiești
16661	44.944805	25.995027	Str. Dealul cu Piatra, bl. 30D, Mun. Ploiești
16662	44.944833	25.994805	Str. Dealul cu Piatra, bl. 30E, Mun. Ploiești
16663	44.944944	25.994805	Str. Dealul cu Piatra, bl. 30F, Mun. Ploiești
16664	44.933611	25.996555	Str. Cosminele, bl. 179A, Mun. Ploiești
16665	44.931694	25.997805	Str. Cosminele, bl. 181C, Mun. Ploiești
16666	44.931555	25.998055	Str. Cosminele, bl. 181D, Mun. Ploiești
16667	44.930755	25.994555	Str. Siliştei, bl. 157A, Mun. Ploiești
16668	44.930333	25.994472	Str. Siliştei, bl. 157B, Mun. Ploiești
16669	44.930777	25.994111	Str. Siliştei, bl. 158A, Mun. Ploiești
16670	44.930333	25.990611	Str. Siliştei, bl. 158B, Mun. Ploiești
16671	44.930527	25.995416	Str. Siliştei, bl. 160A, Mun. Ploiești
16672	44.930861	25.995194	Str. Siliştei, bl. 160B, Mun. Ploiești
16673	44.929916	25.991277	Str. Bahluiului, bl. 141A, Mun. Ploiești
16674	44.929694	25.991472	Str. Bahluiului, bl. 141B, Mun. Ploiești
16675	44.929388	25.9935	Str. Bahluiului, bl. 149C, Mun. Ploiești
16676	44.929277	25.993222	Str. Bahluiului, bl. 149D, Mun. Ploiești
16677	44.929638	25.993527	Str. Bahluiului, bl. 154A, Mun. Ploiești
16678	44.929638	25.999555	Str. Padina, bl. 51A, Mun. Ploiești
16679	44.929472	25.999805	Str. Padina, bl. 51B, Mun. Ploiești
16680	44.9285	25.997861	Str. Arnauti, bl. 56A, Mun. Ploiești
16681	44.928277	25.998027	Str. Arnauti, bl.56B, Mun. Ploiești
16682	44.920416	25.997166	Str. Peneş Curcanul, bl. 156 A, Mun. Ploiești
16683	44.926388	25.996166	Str. Domnisori, bl. 85, Mun. Ploiești
16684	44.926277	25.995722	Str. Domnisori, bl. 86, Mun. Ploiești
16685	44.923638	26.045055	Str. Sabinelor, nr. 18, Mun. Ploiești
16686	44.938111	26.025638	B-dul Independenței nr. 1, Mun. Ploiești
16687	44.932972	26.028055	Ag. Jud. Plăți și Insp Socială, Str. Nicolae Iorga, nr.1, Mun. Ploiești
16688	44.918694	26.027444	SPFL, B-dul Independenței nr.16, Mun. Ploiești
16689	44.916972	26.025499	Str. Bobâlna nr.10, APA NOVA, Mun. Ploiești
16690	44.938583	25.978666	Str. Gr.Ghe.Cantacuzino, sc coca cola srl, Mun. Ploiești
16691	44.945972	26.019416	BCR, Str. Văleni, nr.42, Mun. Ploiești
16692	44.933722	26.027305	s.c. CONPET s.a., Str. Anul 1848, Mun. Ploiești
16693	44.939194	25.975111	s.c. Bergenbier s.a., Str. Gh.Gr. Cantacuzino, nr.287, Mun. Ploiești
16694	44.942666	26.018277	ASSC (Petrom OMV), Str. Piaţa Eroilor, nr.1A, Mun. Ploiești
16695	44.942472	26.073361	s.c. PETROTEL – LUKOIL, str. Mihai Bravu, nr.235, Mun. Ploiești
16696	44.938555	26.003944	SNGN ROMGAZ, str. Gh.Gr. Cantacuzino, nr. 184, Mun. Ploiești
16697	44.939166	25.979471	CFR Ploiesti Sud, str. 1 Decembrie, nr.7, Mun. Ploiești
16698	44.944277	26.090027	UZTEL, str. Mihai Bravu, nr.243, Mun. Ploiești
16699	44.925027	26.022	UZUC, str. Depoului, nr.16, Mun. Ploiești
16700	44.930472	26.027222	OMV Petrom, Str. M. Eminescu, nr.7-9, Mun. Ploiești
16701	44.957861	26.023027	Rafinaria VEGA- Rompetrol, str. Văleni, nr.146, Mun. Ploiești
16702	44.915027	26.025305	ASTRA Română, Bd. Petrolului, nr.59, Mun. Ploiești
16703	44.945972	26.031888	AFI Ploieşti, str. Calomfirescu, nr.2, Mun. Ploiești
16704	44.933805	26.026583	BANCPOST, str. Independenţei, nr.24, Mun. Ploiești
16705	44.940666	26.023111	Hotel Central, b-dul Republicii, nr.1, Mun. Ploiești
16706	44.948888	25.984888	B.A.T. str. Laboratorului, nr.17-19, Mun. Ploiești
16707	44.957166	26.011972	Bloc de locuit, str. Găgeni, nr.109, Mun. Ploiești
16708	44.938472	25.935972	Yazaki, Parc Industrial Ploieşti, Mun. Ploiești
16709	44.950503	26.043372	S.C.ROMPETROL WELL SERVICES Str. Clopoţei, nr. 2bis, Mun. Ploiești
16710	44.941466	26.062303	Str. Mihai Bravu, nr. 233 S.C.SAINT-GOBAIN ISOVER, Mun. Ploiești
16711	44.936991	26.009057	SC Apirol SRL str.Horia, nr.2, Mun Ploiești
16712	44.93977	26.039599	SPITALUL OBSTETRICA-GINECOLOGIE Mihai Bravu nr.116, Mun. Ploiești
16713	44.921443	26.035424	Str. Dr. Gh.Petrescu, nr. 25 S.C.TIMKEN-ROMANIA, Mun. Ploiești
16714	44.925841	26.02977	SPITALUL JUDETEAN DE URG. PL. Piata I Decembrie, nr. 1, Mun. Ploiești
16715	45.123594	25.729642	B -dul Culturii nr. 29, I.C.P.T., Mun. ploiești
16716	44.940567	25.93571	S.C Bericap, str. Sferei, nr.7, Parc industrial, Mun. Ploiești
16717	44.94044	25.935072	Str. Sferei nr. 1, SC.OMVPETROM ASSET VII MUNTENIA EST, Mun. Ploiești
16718	44.946832	26.049072	S.C. ANTECO Str. Lămâiţei, nr. 2, Mun. Ploiești
16719	44.945732	26.034198	S.C Veolia Energie, str. Gh. Doja, nr.154A, Mun. Ploiești
16720	44.962219	25.97629	S.C Distrigaz Sud, Bd. Republicii, nr.956, Mun. Ploiești
16721	44.938101	25.938805	S.C. DISTRIGAZ SUD RETELE SRL. Pl.IndParc,Str.Conului,nr.3, Mun. Ploiești
16722	44.938896	26.022165	S.C.ELECTRICA FDEE MUNTENIA NORD Str. Mărăşeşti, nr.44, Mun. Ploiești
16723	44.911741	26.016156	Stația CFR Pl. Triaj, str. Petrolului, nr.2, Mun. Ploiești
16724	44.940464	25.988183	KAUFLAND MAGAZIN Str.Soseaua Vestului nr.9, Mun. Ploiești
16725	44.954773	26.021022	Str. Valeni, nr. 141 S.C.ROMFARMACHIM, Mun. Ploiești
16726	45.1275	25.742638	Bloc de locuit B1, str. Tudor Vladimirescu, nr.24, Mun. Câmpina
16727	45.1275	25.742638	Bloc de locuit B2, str. Tudor Vladimirescu, nr.24, Mun. Câmpina
16728	45.12411	25.734488	B-dul Carol I , nr. 31 B.C.R., Mun. Câmpina
16729	45.115442	25.74512	Str. Nicolae Bălcescu nr.ș 46, S.C. IRA S.A., Mun. Câmpina
16730	45.127621	25.724222	Fundatia "SPERANTA COPIILOR" Str. Pacii f.n., Mun. Câmpina
16731	45.12596	25.747045	Str. Progresului nr. 2 S.C. CONFIND, Mun. Câmpina
16732	45.128167	25.740222	Bloc de locuit, str. Milcovului, nr.14, bl.18C, Mun. Câmpina
16733	45.123881	25.752429	Str. Oborului nr. 6 S.C. FLORICON SALUB, Mun. Câmpina
16734	45.126141	25.741335	Bloc de locuit, str. Democratiei bl.22, Mun. Câmpina
16735	45.133055	25.737444	Bloc de locuit, str. Bobalna, nr.57, Mun. Câmpina
16736	45.117305	25.739055	Bloc de locuit, str. Eruptiei, nr.3A, bl.E7, Mun. Câmpina
16737	45.116833	25.738472	Bloc de locuit, str. Eruptiei, nr.11, bl.E11, Mun. Câmpina
16738	45.116833	25.738444	Bloc de locuit, str. Eruptiei, nr.11, bl.E13, Mun. Câmpina
16739	45.118416	25.739277	Bloc de locuit, str. Eruptiei, nr.1, bl.E4, Mun. Câmpina
16740	45.117083	25.738472	Bloc de locuit, str. Eruptiei, nr.9, bl.E12, Mun. Câmpina
16741	45.12625	25.734694	Sala Sport, str. Calea Doftanei, nr.4, Mun. Câmpina
16742	45.130166	25.740638	Rafinaria Steaua, str. Calea Doftanei, nr.15, Mun. Câmpina
16743	45.1295	25.745027	s.c. Daspi s.r.l., str. Al.I.Cuza, nr.61, Mun. Câmpina
16744	45.129138	25.752583	Turnatoria Orion, str. Ecaterina Teodoroiu, nr.17, Mun. Câmpina
16745	45.120194	25.743583	s.c. Weatherford s.a., str. Orizontului, nr.2A, Mun. Câmpina
16746	45.123777	25.733527	Posta Romana, str. Ardealului, nr.6, Mun. Câmpina
16747	45.127527	25.735916	Sc. Gimnaziala, str. Calea Doftanei, nr.13, Mun. Câmpina
16748	45.131527	25.728722	s.c. ELCA, str. Nicolae Grigorescu, nr.9, Mun. Câmpina
16749	45.127896	25.740402	Bloc de locuit, str. Milcov, nr.6, bl.17A, Mun. Câmpina
16750	45.1295	25.72225	S.C. Fibec Holding S.R.L., Str. N Grigorescu, Mun. Câmpina
16751	45.13375	25.739611	s.c. Neptun s.a, str. Bobalna, nr.57-63, Mun. Câmpina
16752	45.147194	25.734305	s.c. Neptun Holding s.a., str. Drumul Taberei, nr.46(1), Mun. Câmpina
16753	45.034722	25.846999	BCR, str. Unirii nr.1, Oraş Băicoi
16754	45.034292	25.837042	Bloc locuințe, str Lebedei nr.1, Oraş Băicoi
16755	45.035248	25.884	Strada Dorobanți nr. 2, Casa de cultură Liliești, Oraş Băicoi
16756	45.178253	25.662465	Str. Caraiman nr. 5, Oraş Breaza
16757	45.029777	26.030833	s.c. Sim Impex s.r.l., str. Petroliştilor, nr.1, Oraş   Boldești- Scăeni
16758	45.415777	25.536305	Casa de Cultură, b-dul Libertăţii, nr.95, Oraş  Bușteni
16759	45.403527	25.540194	Centru de Recuperare, str. Panduri, nr.60, Oraş  Bușteni
16760	45.326881	25.563891	SC. Tomis Oil Maritime , DN1KM40+700, Sinaia
16761	45.445199	25.559711	str. Independenţei, nr.14, Oraş  Azuga
16762	45.44475	25.555447	str. Independenţei, nr.5, Oraş  Azuga
16763	45.440705	25.577605	str. Sorica lot 2 Romenegro sa, Oraș Azuga
16764	45.44379	25.554712	str.victoriei,nr.50, Oraş  Azuga
16765	45.443524	25.555074	Str.Postavariei,nr.1, Oraş  Azuga
16766	45.002166	26.443722	B-dul Unirii, nr.14, Primărie, Oraş  Mizil
16767	44.995916	26.443277	B-dul Gării,s.c. Texital s.r.l., Oraş  Mizil
16768	45.049778	25.951577	Bloc de locuit, str. Democratiei, nr.1, Oraş  Plopeni
16769	45.048694	25.950055	Bloc de locuit, str. Democratiei, nr.10, Oraş  Plopeni
16770	45.049527	25.950916	Bloc de locuit, str. Democratiei nr.4, Oraş  Plopeni
16771	45.326222	25.560916	Str.Brandușelor, nr. 9,11,13, Oraș Sinaia
16772	45.35484	25.55041	Strada Mănăstirii, Dobrin Irinel, Oraș Sinaia
16773	45.327777	25.561361	Ansamblu de locuințe Colina Florilor, str. Lalelelor, nr.1, Oraş  Sinaia
16774	45.346419	25.550922	Strada Piscul Cainelui, Apele Romane, Oraş  Sinaia
16775	45.353671	25.538981	Str. Șoimului, nr. 9 Tranzimbo Invest, Oraş  Sinaia
16776	45.327777	25.561361	sc Özer Construct sa/Parc rezid. str. Lalelelor, nr.1, Oraş  Sinaia
16777	45.346324	25.54678	Hotel Carpathia Club, Bd. Carol I, nr.46, Oraş  Sinaia
16778	45.334392	25.555908	S.C Mefin S.A, Calea București FN, Oraş  Sinaia
16779	45.357967	25.536266	Locuință private, str. Trandafirilor, nr.1, Oraş  Sinaia
16780	44.992308	26.231905	str. Soarelui, nr.1, bl.51, Oraş  Urlati
16781	44.991099	26.233881	str. 1 Mai, nr.109, bl.3, Oraş  Urlati
16782	44.995138	26.232944	Str. Mihai Eminescu, Bloc de locuit, Oraş  Urlati
16783	44.990969	26.233967	str. 1 Mai, nr.107, bl.4, Oraş  Urlati
16784	44.990346	26.234163	str. 1 Mai, nr.105, bl.5, Oraş  Urlati
16785	44.990539	26.233456	str. 1 Mai, nr.103, bl.6, Oraş  Urlati
16786	44.993	26.232877	str. 1 Mai, nr.116, bl.52, Oraş  Urlati
16787	44.990894	26.234263	str. 1 Mai, nr.68, bl.74, Oraş  Urlati
16788	44.990809	26.234315	str. 1 Mai, nr.66, bl.76, Oraş  Urlati
16789	44.990616	26.234339	str. 1 Mai, nr.62, bl.76, Oraş  Urlati
16790	44.98995	26.233706	str.T.Vladimirescu, nr.10A,bl.3, Oraş  Urlati
16791	44.98995	26.233706	str.T.Vladimirescu, nr.10A,bl.4, Oraş  Urlati
16792	44.98995	26.233706	str.T.Vladimirescu, nr.10A,bl.5, Oraş  Urlati
16793	44.98995	26.233706	str.T.Vladimirescu, nr.10A,bl.6, Oraş  Urlati
16794	44.98995	26.233706	str.T.Vladimirescu, nr.10A,bl.7, Oraş  Urlati
16795	44.98995	26.233706	str.T.Vladimirescu, nr.10A,bl.8, Oraş  Urlati
16796	44.98995	26.233706	str.T.Vladimirescu, nr.10A,bl15, Oraş  Urlati
16797	44.98995	26.233706	str.T.Vladimirescu, nr.10A,bl16, Oraş  Urlati
16798	44.98995	26.233706	str.T.Vladimirescu, nr.6,bl17, Oraş  Urlati
16799	44.98995	26.233706	str.T.Vladimirescu, nr.6A,bl18, Oraş  Urlati
16800	44.98995	26.233706	str.T.Vladimirescu, nr.10A,bl20, Oraş  Urlati
16801	44.990979	26.23421	str. 1 Mai, nr.70, bl.73, Oraş  Urlati
16802	45.180416	26.034944	Club Studio, str. Nicolae Iorga, nr.45, Oraş  Vălenii de Munte
16803	45.186916	26.039277	Sediul Primăriei, str. Berevoieşti, nr.3A, Oraş  Vălenii de Munte
16804	45.17425	26.034	Bloc de locuinţe, b-dul Nicolae Iorga, B13, sc.A, Oraş  Vălenii de Munte
16805	44.94418	25.838449	Primarie, nr.75, Com. Aricestii Rahtivani
16806	44.974416	25.812583	Caritas-Concordia, str. Bisericii, nr.614, Com. Aricestii Rahtivani
16807	44.854642	25.913781	Sat Stăncești Str. Principală SC Local SRL, Com. Ariceștii Rahtivani
16808	44.758163	26.169844	Cămin Cultural, Com. Balta Doamnei
16809	44.880944	26.049666	Consiliul Local, DN1, nr.63, Com. Barcanesti
16810	44.933916	26.101277	Primaria Berceni, str. Ion Voicu, nr.140A, Com.  Berceni
16811	44.951976	25.976063	s.c. INSPET, km 5, Com.  Blejoi
16812	44.965361	25.974611	Mall Shopping City s.r.l., DN1B, Com.  Blejoi
16813	44.849777	26.023111	Sediul primăriei, str. Teilor, nr.45, Com. Brazi
16814	44.867555	25.995111	Sala Sport Popeşti, str. Cireşilor, nr.9, Com. Brazi
16815	45.017686	26.329197	Ceptura de Jos, s.c. Mold Vin Trading s.r.l., Com. Ceptura
16816	44.840138	25.881888	Sat Persunari, Camin Cultural, Com. Cocorastii Colt
16817	45.825305	22.115638	Primaria Dumbrava, Com. Dumbrava
16818	45.004055	25.986944	Sat. Cocosesti, Camin Cultural, Com. Paulesti
16819	45.194805	26.109027	Cămin Cultural, sat Predeal, nr.70, Com. Predeal-Sarari
16820	44.923483	25.952021	Sat Strejnicu, s.c. Conpet s.a., Com.  Targsoru Vechi
16821	43.97001	25.32674	Str. Ion Creangă, ALEXANDRIA
16822	43.97555	25.31018	Bloc CO1, Șoseaua Turnu Măgurele, ALEXANDRIA
16823	43.97566	25.31018	Bloc CO2, Șoseaua Turnu Măgurele, ALEXANDRIA
16824	43.9724	25.33058	Bloc 454, sc.A și B, str. Cuza Vodă, ALEXANDRIA
16825	43.96569	25.33274	Bloc J130, str. Cuza Vodă, ALEXANDRIA
16826	43.97125	25.33222	Bloc 307, sc.A și B, str. Cuza Vodă, ALEXANDRIA
16827	43.96932	25.29549	SC KOYO, Șoseaua Turnu Măgurele, ALEXANDRIA
16828	43.96889	25.33024	B.R.D., str. Alexandru Colfescu nr.4, ALEXANDRIA
16829	43.95677	25.34732	SC ELECROTEL, str. Dunării, nr 279, ALEXANDRIA
16830	43.96352	25.33721	SC SANVA CONSTRUCT, str.Dunării, 264 bis, ALEXANDRIA
16831	44.11599	24.9734	Bloc ANL F1, F2 sc.A și B, str. Aleea Nord, Roșiori de Vede
16832	44.10942	24.99478	CEC, str. Dunării, Roșiori de Vede
16833	44.10746	24.99323	Bloc A1, str. I.L.Caragiale, Roșiori de Vede
16834	43.74898	24.87052	Bloc D15, scara 1,2 și 3, str. Independenței, Turnu Măgurele
16835	43.74813	24.86943	Bloc G3, scara 1 și 2, str. Independenței, Turnu Măgurele
16836	43.7578	24.86324	Bloc P2, str. Mihail Kogălniceanu, Turnu Măgurele
16837	43.75739	24.86274	Bloc P4, str. Mihail Kogălniceanu, Turnu Măgurele
16838	43.75679	24.86318	Bloc P6, str. Mihail Kogălniceanu, Turnu Măgurele
16839	43.75679	24.86318	Bloc P8, str. Mihail Kogălniceanu, Turnu Măgurele
16840	43.75679	24.86383	Bloc G2,str. Chimiei, Turnu Măgurele
16841	43.75753	24.86268	Bloc G4,str. Chimiei, Turnu Măgurele
16842	43.71557	24.89013	SC DONAU CHEM, str. Portului, nr.1, Turnu Măgurele
16843	43.71233	24.88481	SC EUROBAC, str. Portului NR.2, Turnu Măgurele
16844	43.70689	25.38406	SC INTERVIT SRL, DN51, Zimnicea
16845	43.65592	25.36437	BRD, Zimnicea
16846	43.65447	25.36756	Str.Giurgiu, nr.1, Zimnicea
16847	43.62619	25.38333	SC BIOFUEL, Zimnicea
16848	43.66657	25.35278	CAMPUS ȘCOLAR Șoseaua Tr. Măgurele Nr. 1 A, Zimnicea
16849	44.27516	25.52437	Judecătoria Videle, str.Primăverii, nr.2, Videle
16850	44.27947	25.52759	SC OMV , str. Republicii, nr.13, Videle
16851	44.27416	25.52475	Bloc CO1, str. Șoseaua Giurgiu, nr.23, Videle
16852	44.27416	25.52475	Bloc CO2, str. Șoseaua Giurgiu, nr.23, Videle
16853	44.27485	25.52805	Str. Republicii, Videle
16854	45.16405	28.79516	Mun. Tulcea, str. G. Corneliu, nr. 312 bl. A4 sc. A, Tulcea
16855	45.16365	28.79257	Mun. Tulcea, str. Viticulturii nr. 20 bl. A 8 sc. A, Tulcea
16856	45.163567	28.793278	Mun. Tulcea, str. Viticulturii bl. A 9 sc. A, Tulcea
16857	45.179002	28.778013	Mun. Tulcea, str. Ecoului nr. 4 bl.. U 5 sc. A, Tulcea
16858	45.179255	28.778137	Mun. Tulcea, str. Ecoului, bl. U 5 sc. B, Tulcea
16859	45.179387	28.77822	Mun. Tulcea, str. Ecoului bl.. U 5 sc. C, Tulcea
16860	45.17805	28.78126	Mun. Tulcea, str. Ecoului bl.. U 5 sc. D, Tulcea
16861	45.17758	28.781045	Mun. Tulcea, str. Metalurgiştilor bl. Z 11 sc. A, Tulcea
16862	45.178003	28.478103	Mun. Tulcea, str. Metalurgiştilor bl. Z 11 sc. B, Tulcea
16863	45.178226	28.781192	Mun. Tulcea, str. Metalurgiştilor bl. Z 11 sc. C, Tulcea
16864	45.17836	28.76869	S.C. Vimetco S.A. Mun. Tulcea, str. Isaccei nr. 113, Tulcea
16865	45.17281	28.79788	BCR Sucursala Tulcea Mun. Tulcea str. Babadag nr. 118, Tulcea
16866	45.17761	28.79298	SC. CONFECŢIA S.A. Mun. Tulcea str. Victoriei, nr. 57, Tulcea
16867	45.17653	28.80701	S.C. TELEKOM SA. Mun. Tulcea str. Mahmudiei, nr. 17, Tulcea
16868	45.18317	28.78952	BIROUL VAMAL TULCEA Mun. Tulcea str. Portului nr. 18 A, Tulcea
16869	45.18032	28.79527	ARBDD TULCEA Mun. Tulcea str. Portului nr. 34 A, Tulcea
16870	45.1717	28.79813	ITM TULCEA Mun. Tulcea str. Babadag nr.118, Tulcea
16871	45.17204	28.79822	BRD GSG Sucursala Tulcea Mun. Tulcea str. Babadag nr. 116, Tulcea
16872	45.17661	28.80361	Parchetul de pe lângă Tribunalul Tulcea Str. Frumoasă nr.8, Tulcea
16873	45.16718	28.79481	DGRFP Galaţi AJFP Tulcea Mun. Tulcea str. Babadag nr. 163, Tulcea
16874	45.101847	24.361954	Str. Independenţei, bl. 1, sc. E, Mun. Ramnicu Valcea
16875	45.102116	24.361662	Str. Independenţei, bl. 1, sc. F, Mun. Ramnicu Valcea
16876	45.101373	24.366839	STR. Gl. Magheru, bl. S3, sc. A, Mun. Ramnicu Valcea
16877	45.101475	24.366722	STR. Gl. Magheru, bl. S3, sc. B, Mun. Ramnicu Valcea
16878	45.101663	24.366744	STR. Gl. Magheru, bl. S3, sc. C, Mun. Ramnicu Valcea
16879	45.101704	24.367183	STR. Gl. Magheru, bl. S3, sc. E, Mun. Ramnicu Valcea
16880	45.101573	24.36764	STR. Gl. Magheru, bl. S3, sc. G, Mun. Ramnicu Valcea
16881	45.100404	24.366054	STR. Gl. Magheru, bl. S1, sc. B, Mun. Ramnicu Valcea
16882	45.100684	24.365956	STR. Gl. Magheru, bl. S1, sc. E, Mun. Ramnicu Valcea
16883	45.100886	24.366577	STR. Gl. Magheru, bl. S1, sc. F, Mun. Ramnicu Valcea
16884	45.101472	24.365727	STR. Gl. Magheru, bl. G, sc. C, Mun. Ramnicu Valcea
16885	45.102016	24.365877	STR. Gl. Magheru, bl. D, sc. A, Mun. Ramnicu Valcea
16886	45.115981	24.365944	Str. Intrarea Pribeanu Casa de copii şcolari, Mun. Ramnicu Valcea
16887	45.118315	24.366233	Str. Republicii, bl. S7, sc. 1 A, Mun. Ramnicu Valcea
16888	45.118167	24.366297	Str. Republicii, bl. S7, sc. 2, Mun. Ramnicu Valcea
16889	45.117967	24.366223	Str. Republicii, bl. S7, sc. 3 C, Mun. Ramnicu Valcea
16890	45.117605	24.366374	Str. Decebal, bl. S 10, sc. A, Mun. Ramnicu Valcea
16891	45.117459	24.367209	Str. Decebal, bl. S 11, sc. A, Mun. Ramnicu Valcea
16892	45.093242	24.369914	Str. M. Eminescu, bl. B12, sc. A, Mun. Ramnicu Valcea
16893	45.09355	24.369787	Str. M. Eminescu, bl. B12, sc. B, Mun. Ramnicu Valcea
16894	45.093368	24.36948	Str. M. Eminescu, bl. B12, sc. C, Mun. Ramnicu Valcea
16895	45.093726	24.369188	Str. M. Eminescu, bl. B12, sc. D, Mun. Ramnicu Valcea
16896	45.093806	24.36891	Str. M. Eminescu, bl. B12, sc. E, Mun. Ramnicu Valcea
16897	45.093611	24.368531	Str. M. Eminescu, bl. B13, sc. A, Mun. Ramnicu Valcea
16898	45.093938	24.368379	Str. M. Eminescu, bl. B13, sc. B, Mun. Ramnicu Valcea
16899	45.094026	24.368068	Str. M. Eminescu, bl. B13, sc. C, Mun. Ramnicu Valcea
16900	45.094106	24.367774	Str. M. Eminescu, bl. B13, sc. D, Mun. Ramnicu Valcea
16901	45.094203	24.36747	Str. M. Eminescu, bl. B13 sc. E, Mun. Ramnicu Valcea
16902	45.094004	24.367097	Str. M. Eminescu, bl. B14, sc. A, Mun. Ramnicu Valcea
16903	45.094337	24.366986	Str. M. Eminescu, bl. B14, sc. B, Mun. Ramnicu Valcea
16904	45.094435	24.366693	Str. M. Eminescu, bl. B14, sc. C, Mun. Ramnicu Valcea
16905	45.094513	24.366391	Str. M. Eminescu, bl. B14, sc. D, Mun. Ramnicu Valcea
16906	45.094589	24.366084	Str. M. Eminescu, bl. B14, sc. E, Mun. Ramnicu Valcea
16907	45.094427	24.368693	Str. M. Eminescu, bl. C10 sc. A, Mun. Ramnicu Valcea
16908	45.094291	24.369249	Str. M. Eminescu, bl. C11, sc. A, Mun. Ramnicu Valcea
16909	45.094207	24.369723	Str. M. Eminescu, bl. C12, sc. A, Mun. Ramnicu Valcea
16910	45.092667	24.371208	B-dul Tineretului, bl. S2, sc. A, Mun. Ramnicu Valcea
16911	45.092645	24.370871	B-dul Tineretului, bl. S2, sc. B, Mun. Ramnicu Valcea
16912	45.092701	24.370494	B-dul Tineretului, bl. S2, sc. C, Mun. Ramnicu Valcea
16913	45.092629	24.369517	B-dul Tineretului, bl. S2, sc. F, Mun. Ramnicu Valcea
16914	45.092493	24.368871	B-dul Tineretului, bl. S2, sc. I, Mun. Ramnicu Valcea
16915	45.09579	24.375523	Str. N. Iorga, bl. A24/1, sc. B, Mun. Ramnicu Valcea
16916	45.092092	24.366467	Str. Aleea Narciselor, bl. B15, sc. A, Mun. Ramnicu Valcea
16917	45.095752	24.377195	Str. N. Iorga, bl. A25, sc. E, Mun. Ramnicu Valcea
16918	45.094798	24.377529	Str. N. Iorga, bl. A26, sc. C, Mun. Ramnicu Valcea
16919	45.094476	24.377387	Str. N. Iorga, bl. A27/1, sc.B, Mun. Ramnicu Valcea
16920	45.094384	24.377622	Str. N. Iorga, bl. A27/1, sc.C, Mun. Ramnicu Valcea
16921	45.093386	24.377911	Str. N. Iorga, bl. A27/3, sc. A, Mun. Ramnicu Valcea
16922	45.093107	24.377941	Str. N. Iorga, bl. A27/3, sc. B, Mun. Ramnicu Valcea
16923	45.095352	24.374675	Str. Ostroveni ,bl A23 ,sc B, Mun. Ramnicu Valcea
16924	45.096273	24.37303	Str. Luceafărului,nr 10, bl. A16, sc.A, Mun. Ramnicu Valcea
16925	45.096485	24.373138	Str. Luceafărului,nr 10, bl. A16, sc.B, Mun. Ramnicu Valcea
16926	45.105498	24.377429	B-dul T. Vladimirescu, bl. O9, Mun. Ramnicu Valcea
16927	45.079154	24.184858	Str. T. Vladimirescu, nr. 75-77, Oras Baile Govora
16928	45.077653	24.187026	Str. T. Vladimirescu, nr. 70, Oras Baile Govora
16929	45.077722	24.186859	Str. T. Vladimirescu, nr. 80, Oras Baile Govora
16930	44.658046	24.261086	Str.Melodiilor, nr. 6, bl, L4, Sc A, Bloc ANL.2003, Mun. Dragasani
16931	45.344022	24.244458	Str.Lotrului nr2- Primaria Brezoi, Oras Brezoi
16932	45.085188	24.30617	Str. Al. Ioan. Cuza, Oras Ocnele Mari
16933	44.618483	23.940128	Primaria Balcesti, Oras Balcesti
16934	44.619084	23.942403	Casa de cultura, Oras Balcesti
16935	45.257131	24.331662	Calea lui Traian, Bloc ANL, Oras Calimanesti
16936	45.145972	23.991453	Clubul copiilor. Str C-tin Brancoveanu, Oras Horezu
16937	45.145066	23.992209	Liceul C-tin Brancoveanu, Str. Al.Ioan Cuza. Nr 1, Oras Horezu
16938	45.268025	24.318074	SC-Calimanesti- Caciulata SA. Vila Liliacul ,Str. Calea lui traian Nr 802<br />A, Oras Calimanesti
16939	45.268159	24.31794	SC-Calimanesti- Caciulata SA. Vila Trandafirul ,Str. Calea lui Traian Nr<br />802 B, Oras Calimanesti
16940	45.042935	24.294229	SC. CHIMCOMPLEX SA, str.Uzinei nr.1 Adapost policlinica, Mun. Ramnicu Valcea
16941	45.050266	24.309605	SC. CHIMCOMPLEX SA, str.Uzinei nr.1 Adapost BCM, Mun. Ramnicu Valcea
16942	45.047853	24.306775	SC. CHIMCOMPLEX SA, str.Uzinei nr.1 Adapost ATM, Mun. Ramnicu Valcea
16943	45.04826	24.306608	SC. CHIMCOMPLEX SA, str.Uzinei nr.1 Adapost Oltisare, Mun. Ramnicu Valcea
16944	45.049081	24.30217	SC. CHIMCOMPLEX SA, str.Uzinei nr.1 Adapost Depozit, Mun. Ramnicu Valcea
16945	45.034923	24.284803	Str, Aleea Nucilor nr.1 - Institulul de criogenie si separari izotopice, Mun. Ramnicu Valcea
16946	45.05094	24.285221	Str, Gura Vaii, nr 48, Uzina Mecanica Ramnicu Valcea - Hala productie, Mun. Ramnicu Valcea
16947	45.050543	24.286251	Str, Gura Vaii, nr 48, Uzina Mecanica Ramnicu Valcea - Hala productie, Mun. Ramnicu Valcea
16948	45.04916	24.286388	Str.Industriilor nr. 10. SC VILMAR SA. - Hala productie, Mun. Ramnicu Valcea
16949	45.049358	24.286748	Str.Industriilor nr. 10. SC VILMAR SA. - Hala productie, Mun. Ramnicu Valcea
16950	45.037733	24.29487	Str.Uzinei Nr 2. SC USG SA, Mun. Ramnicu Valcea
16951	45.104343	24.363829	B-dul Tudor Vladimirescu nr.4 .SC TELEKOM SA, Mun. Ramnicu Valcea
16952	45.103716	24.374156	Str. Ion Referendeanu nr 1.VAMA Valcea.- sediu administrativ, Mun. Ramnicu Valcea
16953	45.106553	24.362602	Str. Ferdinand I -Biblioteca Judeteana, Mun. Ramnicu Valcea
16954	45.104663	24.36781	Str. Tudor Vladimirescu , nr 18, Sediul ANAFP Valcea, Mun. Ramnicu Valcea
16955	45.109169	24.37441	Str. B-dul Nicoale Balcescu, nr 39, Universitatea Constantin<br />Brancoveanu, Mun. Ramnicu Valcea
16956	45.105957	24.363788	Str. Calea lui Traian, nr 124- Sucursala CEC Rm Valcea, Mun. Ramnicu Valcea
16957	45.203926	24.239031	Str. Bailor nr 10.- SC ALIROMAND SA, Oras Baile Olanesti
16958	44.660737	24.262486	Str.Judecatoriei nr. 25.SC GELI SRL, Mun. Dragasani
16959	44.973304	24.235206	Str.Dragos Vranceanu ,nr 151, Oras Babeni
16960	45.344175	24.244328	Str.Lotrului. nr 2-ANFP Brezoi, Oras Brezoi
16961	45.10314	24.370141	Str. V.Olanescu, nr.11, SC SELF ACTIV MEDICA, Mun. Ramnicu Valcea
16962	45.10697	24.364891	Str. General Praporgescu. Nr 2. Parchetul de pe langa Tribunalul Valcea, Mun. Ramnicu Valcea
16963	45.103688	24.372736	Str. Maior V. Popescu , nr 2.SRCF Craiova - STATIA CF Rm. Valcea, Mun. Ramnicu Valcea
16964	44.494091	26.080743	Bd. Aerogării 2-8 Bl. II/I, sc. A, Sector 1
16965	44.494118	26.080542	Bd. Aerogării 2-8 Bl. II/I ,sc. B, Sector 1
16966	44.494145	26.080244	Bd. Aerogării 2-8 Bl. II/I, sc. C, Sector 1
16967	44.494202	26.080013	Bd. Aerogării 2-8 Bl. II/I, scD, Sector 1
16968	44.494145	26.079836	Bd. Aerogării 2-8 Bl. II/I, sc. E, Sector 1
16969	44.452962	26.073156	Bd. Banu Manta 1 Bl. 1B, sc. A, Sector 1
16970	44.485297	26.040166	Bd. Buc. Noi 64 Bloc 7, sc. A+B, Sector 1
16971	44.485123	26.039797	Bd. Buc. Noi 64 Bl. 7, sc. E+F, Sector 1
16972	44.486251	26.038935	Bd. Buc. Noi 68 Bl. 8, sc. C+D, Sector 1
16973	44.486395	26.039316	Bd. Buc. Noi 68 Bl. 8, sc. E+F, Sector 1
16974	44.487076	26.038113	Bd. Buc. Noi 70 Bl. 11, sc. A+B, Sector 1
16975	44.486693	26.038398	Bd. Buc. Noi 70 Bl. 11, scC+D, Sector 1
16976	44.456934	26.079763	Bd. Ion Mihalache 42-52 Bl. 35, sc. B, Sector 1
16977	44.457063	26.079602	Bd. Ion Mihalache 42-52 Bl. 35, sc. C, Sector 1
16978	44.457508	26.079143	Bd. Ion Mihalache 42-52 Bl. 35, sc. F, Sector 1
16979	44.457958	26.078499	Bd. Ion Mihalache 58 Bl. 35, sc. A, Sector 1
16980	44.461897	26.073375	Bd. Ion Mihalache 106 Bl. 84, sc A, Sector 1
16981	44.461058	26.074423	Bd. Ion Mihalache 98 Bl. 44A1, scB, Sector 1
16982	44.460486	26.075381	Bd. Ion Mihalache 92 Bl. 44 A2, sc. A, Sector 1
16983	44.460845	26.074686	Bd. Ion Mihalache 96 Bl. 44 B, sc. A, Sector 1
16984	44.444038	26.097944	Bd. Magheru 24 Bloc Gradinita, Sector 1
16985	44.436121	26.10641	Bd. Rosetti 14 Bl. Scala, sc. A, Sector 1
16986	44.444939	26.098458	Bd. Magheru 26 Bl. Casata, Sector 1
16987	44.450302	26.098861	Calea Dorobanţilor 61-63 Bl. , sc. A, Sector 1
16988	44.455357	26.097866	Calea Dorobantilor 116-122 Bl. 6, sc. A, Sector 1
16989	44.455505	26.097779	Calea Dorobantilor 116-122 Bl. 6, sc. B, Sector 1
16990	44.458894	26.095533	Calea Dorobantilor 172-178 Bl. 16, sc. A, Sector 1
16991	44.455957	26.097437	Calea Dorobantilor 126-130 Bl. 8, sc. A, Sector 1
16992	44.458465	26.095881	Calea Dorobantilor 168 Bl. 15, sc. A, Sector 1
16993	44.458304	26.095889	Calea Dorobantilor 168 Bl. 15, sc. B, Sector 1
16994	44.456287	26.096804	Calea Dorobantilor 135-145 Bl. 10, sc. B, Sector 1
16995	44.456708	26.096985	Calea Dorobantilor 134-138 Bl. 11, sc. A+B, Sector 1
16996	44.456473	26.097206	Calea Dorobantilor 134-138 Bl. 11, sc. C, Sector 1
16997	44.454789	26.097362	Calea Dorobantilor 111-131 Bl. 9, sc. D, Sector 1
16998	44.455897	26.097041	Calea Dorobantilor 111-131 Bl. 9, sc. E, Sector 1
16999	44.454725	26.098195	Calea Dorobantilor 102-110 Bl. 2, sc. B, Sector 1
17000	44.454769	26.098245	Calea Dorobantilor 102-110 Bl. 2, sc. C, Sector 1
17001	44.454773	26.098219	Calea Dorobantilor 102-110 Bl. 2, sc. D, Sector 1
17002	44.450424	26.070158	Calea Grivitei 160 Bloc B, sc. A, Sector 1
17003	44.450999	26.07108	Sos. N. Titulescu 163 Bl. 20, sc. A, Sector 1
17004	44.452217	26.071357	Sos. N. Titulescu 92 Bl. 13, sc. 1+2, Sector 1
17005	44.451367	26.069972	Sos. N. Titulescu 94 Bl. 14, sc. 1+2, Sector 1
17006	44.452643	26.072356	Sos. N. Titulescu 80 Bl. 1A, Sector 1
17007	44.452898	26.072636	Sos. N. Titulescu 78 Bl. 1, sc. A, Sector 1
17008	44.451966	26.076559	Sos. N. Titulescu 93-103 Bl. 8, sc. A, Sector 1
17009	44.451967	26.077373	Sos. N. Titulescu 81-87 Bl. 10, sc. A, Sector 1
17010	44.45186	26.077633	Sos. N. Titulescu 81-87 Bl. 10, sc. B, Sector 1
17011	44.452509	26.077555	Sos. N. Titulescu 18 Bl. 23, sc. B, Sector 1
17012	44.450761	26.070878	Sos. N. Titulescu 10 Bl. 20, sc. A, Sector 1
17013	44.451095	26.047134	Sos. N. Titulescu 10 Bl. 20, sc. C, Sector 1
17014	44.452483	26.078521	Sos. N. Titulescu 14 Bl. 21, sc. A, Sector 1
17015	44.452515	26.079742	Sos. N. Titulescu 12 Bl. 21A, sc. A, Sector 1
17016	44.452551	26.077967	Sos. N. Titulescu 16 Bl. 22, sc. A, Sector 1
17017	44.462228	26.095476	Str. Aviator Dumitru Dorian 2 Bl. 23, sc. B, Sector 1
17018	44.444742	26.09977	Str. George Enescu 36-42 Bl. 6B, sc. B2 A1, Sector 1
17019	44.444841	26.099969	Str. George Enescu 36-42 Bl. 6A, sc. 2B, Sector 1
17020	44.454193	26.100465	Str. Hatma Arbore 3-7 Bl. 1A, sc. A, Sector 1
17021	44.443628	26.096552	Str. Mendeleev 7-15 Bl. C, Sector 1
17022	44.438332	26.117471	Str. Pache Protopopescu 2 Bl. 24, sc. B, Sector 1
17023	44.463457	26.095442	Str. Lt. Av. Radu Beller 6 Bl. 20, sc. B, Sector 1
17024	44.461707	26.094966	Str. Lt. Av. Radu Beller 8 Bl. 22, sc,C, Sector 1
17025	44.487803	26.03838	Str. Subcetate 72 Bl. 13, sc. B+C, Sector 1
17026	44.453694	26.072824	Str. Teodosie R. 3 Bl. 1C, sc. A, Sector 1
17027	44.460645	26.070434	Str. Turda 127 Bl. 2, sc. B, Sector 1
17028	44.276019	26.042698	Str. Turda 127 Bl. 2, sc. C, Sector 1
17029	44.27612	26.042599	Str. Turda 127 Bl. 2, sc. D, Sector 1
17030	44.276476	26.042864	Str. Turda 129 Bloc,1,sc. B, Sector 1
17031	44.276559	26.043016	Str. Turda 129 Bl. 1, sc. C, Sector 1
17032	44.276729	26.043137	Str. Turda 129 Bl. 1, sc. D, Sector 1
17033	44.486462	26.039279	Bd. Buc. Noi 68 Bl. 8, sc. A+B, Sector 1
17034	44.485393	26.040033	Bd. Buc. Noi 64 Bl. 7,sc. C+D, Sector 1
17035	44.470828	26.088214	Bd. Aviatorilor nr. 106 Studio Sahia, Sector 1
17036	44.452597	26.083638	Bd. Ion Mihalache nr. 1-7 Bank BRD – Turn, Sector 1
17037	44.444661	26.077351	Bdul. Dinicu Golescu Nr. 38 Poarta G Ministerul Transporturilor, Sector 1
17038	44.44693	26.075923	Piaţa Gãrii de Nord nr. 1-3 Staţia. CF GARA DE NORD, Sector 1
17039	44.482698	26.028111	Str. Marmurei nr. 1 Staţia CF. Buc. TRIAJ, Sector 1
17040	44.48269	26.028082	Str. Marmurei nr. 1 Staţia CF. Buc. TRIAJ, SRCF, Sector 1
17041	44.458047	26.053097	Calea Giuleşti nr. 38 Sucursala Regionalã Cãi Ferate Buc, Sector 1
17042	44.444236	26.091372	Calea Griviţei, nr. 359 Atelierele CFR Griviţa SA, Sector 1
17043	44.442015	26.093818	Calea Victoriei nr.63-81 Hotel Radisson Corp A2, Sector 1
17044	44.43632	26.097701	Calea Victoriei nr. 35 Centr. Tel. Victoria, Telekom România, Sector 1
17045	44.441252	26.09579	Str. Episcopiei, nr. 1-3 Hotel Athenee Palace Hilton, Sector 1
17046	44.472354	26.056571	Str. Aviator Popişteanu nr. 46 Dir. San. Pub. Ilfov, Sector 1
17047	44.44453	23.097442	Str. George Enescu nr. 27-29 UGIR, Sector 1
17048	44.442654	26.090965	Str. Gr. Constantin Budiştea nr. 28 C Budiştea Office Building, Sector 1
17049	44.454772	26.093378	Str. Londra nr. 16-20 Asociatie. de Proprietari 16-18, 20A, Sector 1
17050	44.440694	26.092983	Str. Luteranã nr. 4 Radissson Park Inn Corp S1, Sector 1
17051	44.456341	26.077135	Str. Grigore Manolescu nr. 22-24 Institutul Naţional de Diabet, Sector 1
17052	45.471486	26.071075	Str. Mãrãşti nr. 59 Univ. de Ştiinţe Agronomice şi Medicinã Veterinarã, Sector 1
17053	44.481666	26.027246	Str. Marmurei nr.13-15 Grãdiniţa nr. 46, Sector 1
17054	44.439757	26.081523	Str. Ştirbei Vodã nr. 33 Univ. de Muzicã, Sector 1
17055	44.429414	26.140452	Str. Serg. Gheorghe Vârtej nr. 15 Grãdiniţa nr.248, Sector 1
17056	44.469939	23.052402	Str. Vrancei nr. 9A Centrul de Servicii Sociale Creşa Vrancei, Sector 1
17057	44.479999	26.056525	Str. Parcului nr. 65 S.A. MONITORUL OFICIAL (clădire veche), Sector 1
17058	44.479897	26.056328	Str. Parcului nr. 65 S.A. MONITORUL OFICIAL (clădire nouă), Sector 1
17059	44.472391	26.056742	Str. Aviator Popiştea nr. 46 Dir. San. Pub. Ilfov, Sector 1
17060	44.507587	26.082666	SOS.BUCURESTI - PLOIESTI 42 D Baneasa Soping Citty, Sector 1
17061	44.507495	26.082988	SOS.BUCURESTI - PLOIESTI 42D Baneasa Development, Sector 1
17062	44.481409	26.088641	STR. BARAJUL ARGESULUI 36 PRODEROM SRL, Sector 1
17063	44.442734	26.095865	STR GEORGE ENESCU 11,11A JUPITER DEVELOPMENT, Sector 1
17064	44.474437	26.068063	BD. EXPOZITIEI IF S.C. BOGART OFFICES S.R.L., Sector 1
17065	44.474425	26.067923	BD. EXPOZITIEI IF S.C. BOGART OFFICES S.R.L., Sector 1
17066	44.474553	26.067985	BD. EXPOZITIEI IF S.C. BOGART OFFICES S.R.L., Sector 1
17067	44.474487	26.067911	BD. EXPOZITIEI IF S.C. BOGART OFFICES S.R.L., Sector 1
17068	44.453081	26.094774	STR.VASILE ALECSANDRI/CONSTANTIN NIEL 4-11 S.C.<br />ALECSANDRI ESTATES S.R.L., Sector 1
17069	44.490616	26.085571	B-DUL FICUSULUI 20-26 COLEGIUL AGRICOL "VICESLAV<br />HARNAJ", Sector 1
17070	44.477467	26.094102	Str. ZĂGAZULUI 7 S.C. BAHTCO INVEST S.R.L., Sector 1
17071	44.453448	26.098333	CALEA DOROBANŢI 99 CHERCHEŞ ION LIVIU, Sector 1
17072	44.51614	26.080774	ŞOS. BUCUREŞTI - PLOIEŞTI 172-174 S.C. ACARTA CONSTRUCT<br />S.R.L.corp A, Sector 1
17073	44.514971	26.081214	ŞOS. BUCUREŞTI - PLOIEŞTI 172-174 S.C. ACARTA CONSTRUCT<br />S.R.L.corp B, Sector 1
17074	44.448473	26.086218	Str. Frumoasă 30 FRUMOASA OFFICES - S.R.L., Sector 1
17075	44.450254	26.08244	Str. Dr. Dimitrie Sergiu 5 SANA MONITORING - S.R.L., Sector 1
17076	44.516347	26.080754	Sos.Bucuresti-Ploiesti 160A FUNTIA LYCEE FRANCAIS ANNA DE<br />NOAILLES - CORP A, Sector 1
17077	44.515004	26.081041	Sos.Bucuresti-Ploiesti 160A FUNDATIA LYCEE FRANCAIS ANNA<br />DE NOAILLES - CORP B, Sector 1
17078	44.514713	26.081256	Sos.Bucuresti-Ploiesti 160A FUNDATIA LYCEE FRANCAIS ANNA<br />DE NOAILLES - CORP C, Sector 1
17079	44.489974	26.091718	Str. Pechea nr. 8, Str. Zeletin nr. 3 8 REMINOS INVESTMENT S.R.L., Sector 1
17080	44.437924	26.100801	Str. Ion Câmpinea nr. 2 ELMEC ROMÂNIA - S.R.L., Sector 1
17081	44.453485	26.100598	Şos. Ştefan cel Mare 3-5 MED LIFE - S.A, Sector 1
17082	44.480788	26.043727	B-dul Bucureştii Noi 50A A &amp; V COMIMPEX 93 - S.R.L., Sector 1
17083	44.466349	26.083335	Str. Alexandrina 38-40 TOWN IMOBILIAR - S.R.L., Sector 1
17084	44.47448	26.067995	B-dul Expoziţie IF BOG'ART OFFICES - S.R.L., 
17085	44.446071	26.081333	Calea Griviţei nr. 80, 82-86, 88-90, 92, 94, 94A, 96-98, 100-102, Str.<br />Buzeşti nr. 1, 5, 7 80,82-86,88-90,92,94,94A,96-98,100-102 CEE PROPERTY INVEST ROMÂNIA - S.R.L. cladire TOWER, Sector 1
17086	44.446374	26.08076	Calea Griviţei nr. 80, 82-86, 88-90, 92, 94, 94A, 96-98, 100-102, Str.<br />Buzeşti nr. 1, 5, 7 80,82-86,88-90,92,94,94A,96-98,100-102 CEE PROPERTY INVEST ROMÂNIA - S.R.L. Cladire PODIUM, Sector 1
17087	44.451718	26.09381	Str. Grigore Alexandrescu 59 MATRIX OFFICE CENTER - S.R.L., Sector 1
17088	44.487988	26.089496	Str. Grigore Gafencu 49-57 ANGHEL SORIN DUMITRU, Sector 1
17089	44.463971	26.08584	B-dul Aviatorilor 47 AVIATORILOR DEVELOPMENT - S.R.L., Sector 1
17090	44.501622	26.079864	Şos. Bucureşti-Ploieşti 53A AUTOMOBILE BAVARIA - S.R.L., Sector 1
17091	44.454043	26.087171	B-dul Aviatorilor 8-8A VICTORIEI OFFICE BUILDING - S.R.L., Sector 1
17092	44.475786	26.069598	B-dul Expoziţiei 2 GECO INVEST - S.R.L., Sector 1
17093	44.485101	26.099169	Str. Siriului 22-26 SIRIULUI RESIDENCE - S.R.L., Sector 1
17094	44.43744	26.093883	P-ta Walter Maracineanu nr. 1-3 Proprietar RAAPPS-SAIFI, Sector 1
17095	44.477668	26.10495	Calea Floreasca 246D Proprietar FCC OFFICE Building, Sector 1
17096	44.47852	26.103636	Calea Floreasca 246B Florescu City Center S.R.L., Sector 1
17097	44.478215	26.10463	Calea Floreasca 246C Florescu City Center S.R.L., Sector 1
17098	44.478604	26.101343	Calea Floreasca 169A Birouri, Sector 1
17099	44.478332	26.070958	Piata Presei Libere 3-5corp T1 turn N Piata Presei Birouri, Sector 1
17100	44.477336	26.071503	Piata Presei Libere 3-5 corp T2 turn N Romexpo Birouri, Sector 1
17101	44.478184	26.07131	Piata Presei Libere 3-5 corp T1 turn S Piata Presei Birouri, Sector 1
17102	44.477493	26.071581	Piata Presei Libere 3-5 corp T1 turn S Romexpo Birouri, Sector 1
17103	44.476028	26.105173	Fabrica de Glucoza 5A Proprietar RAAPPS-SAIFI, Sector 2
17104	44.479787	26.102652	Barbu Vacarescu 201 Birouri, Sector 2
17105	44.480231	26.103951	Sos PIPERA 42 Birouri, Sector 2
17106	44.47874	26.106498	Gara Herastrau 4A Corp C Birouri, Sector 2
17107	44.47884	26.106139	Gara Herastrau 4A Corp B Birouri, Sector 2
17108	44.479105	26.105648	Gara Herastrau 4A Corp A Birouri, Sector 2
17109	44.479542	26.105112	Gara Herastrau 4B Corp B Birouri, Sector 2
17110	44.481983	26.104016	Sos Pipera 43 S.C.Pipera Business Park S.R.L. Adp nr. 1, Sector 2
17111	44.481874	26.104065	Sos Pipera 43 S.C.Pipera Business Park S.R.L. Ap nr. 2, Sector 2
17112	44.481863	26.103873	Sos Pipera 43 S.C.Pipera Business Park S.R.L. Adp nr. 3, Sector 2
17113	44.480451	26.105582	Sos Pipera 46D,46E,48 Oregon Park Corp A Portland Trust<br />Developments One, Sector 2
17114	44.480724	26.106258	Sos Pipera 46D,46E,48 Oregon Park Corp B Portland Trust<br />Developments One, Sector 2
17115	44.468996	26.103891	Calea Floreasca 202A Proprietar RAAPPS-SAIFI Utilizator ANRP, Sector 2
17116	44.469067	26.103884	Calea Floreasca 202A Proprietar RAAPPS-SAIFI Utilizator ANRP, Sector 2
17117	44.451564	26.126908	Al. Câmpul Moşi 1 Bloc 2, Sector 2
17118	44.451287	26.127227	Al. Câmpul Moşi 3 Bloc 1, Sector 2
17119	44.449896	26.125806	Al. Câmpul Moşi 2 Bloc ALMO 5, Sector 2
17120	44.450528	26.127392	Al. Câmpul Moşi 4 Bloc ALMO 4, Sector 2
17121	44.462942	26.134697	Al.Sinaia 6 Bloc 72, Sector 2
17122	44.463444	26.13506	Al.Sinaia 10 Bloc 74, Sector 2
17123	44.462258	26.134543	Al.Sinaia 2 Bloc 81, sc. 1+2, Sector 2
17124	44.462414	26.135006	Al.Sinaia 4 Bloc 82, sc. 2, Sector 2
17125	44.462851	26.136905	Al.Sinaia 20 Bloc 84 B, sc. 1, Sector 2
17126	44.462892	26.136912	Al.Sinaia 20 Bloc 84 B, sc. 2, Sector 2
17127	44.463456	26.136171	Al.Sinaia 18 Bloc 84 A, sc. 1, Sector 2
17128	44.463425	26.136232	Al.Sinaia 18 Bloc 84 A, sc. 2, Sector 2
17129	44.463343	26.136305	Al.Sinaia 18 Bloc 84 A, sc. 3, Sector 2
17130	44.463797	26.135438	Al.Sinaia 14 Bloc 76, sc. 1, Sector 2
17131	44.463701	26.127123	Al.Teiul Doamnei 4 Bloc 21, Sector 2
17132	44.463367	26.127323	Al.Teiul Doamnei 8 Bloc 23, Sector 2
17133	44.463437	26.127008	Al.Teiul Doamnei 6 Bloc 22, Sector 2
17134	44.463152	26.127206	Al.Teiul Doamnei 10 Bloc 24, Sector 2
17135	44.463814	26.126857	Al.Teiul Doamnei 2 Bloc 20, Sector 2
17136	44.440393	26.173994	Aleea Bodeşti 9 Bloc 29 A, sc C, Sector 2
17137	44.439154	26.174368	Aleea Bodeşti 2 Bloc 29 B, sc. A, Sector 2
17138	44.439041	26.174343	Aleea Bodeşti 2 Bloc 29 B, sc. D, Sector 2
17139	44.439009	26.174281	Aleea Bodeşti 2 Bloc 29 B, sc. E, Sector 2
17140	44.439247	26.174501	Aleea Bodeşti 1 Bloc K 6, Sector 2
17141	44.4391	26.173687	Aleea Bodeşti 3 Bloc K 7, Sector 2
17142	44.438689	26.17306	Aleea Bodeşti 5 Bloc K 8, Sector 2
17143	44.43976	26.173896	Aleea Bodeşti 7 Bloc K 9, Sector 2
17144	44.44438	26.159219	Aleea Dobrina 4 Bloc 49 B, Sector 2
17145	44.444368	26.159122	Al. Dobrina 4 Bl. 49 B, sc.1+2, Sector 2
17146	44.444761	26.14976	Al. Hobita 1 Bloc 300, sc. A, Sector 2
17147	44.444489	26.149797	Al. Hobita 1 Bloc 300, sc. B, Sector 2
17148	44.444024	26.154404	Aleea Ilia 1 Bloc 58 A, sc. 1, Sector 2
17149	44.443877	26.154467	Aleea Ilia 1 Bloc 58 A, sc. 2, Sector 2
17150	44.444419	26.156736	Aleea Ilia 2 Bloc 58 B, sc. 1, Sector 2
17151	44.444457	26.156323	Aleea Ilia 2 Bloc 58 B, sc. 2, Sector 2
17152	44.443944	26.156136	Aleea Ilia 3 Bloc 56, sc. 1, Sector 2
17153	44.443638	26.156085	Aleea Ilia 3 Bloc 56, sc. 2, Sector 2
17154	44.444253	26.156166	Aleea Ilia 4 Bloc 58 C, sc. 1, Sector 2
17155	44.444325	26.155688	Aleea Ilia 4 Bloc 58 C, sc. 2, Sector 2
17156	44.444013	26.155579	Aleea Ilia 5 Bloc 57, sc. 1, Sector 2
17157	44.443788	26.155656	Aleea Ilia 5 Bloc 57, sc. 2, Sector 2
17158	44.443897	26.158269	Bd. Chişinău 5 Bloc 48 A, Sector 2
17159	44.444196	26.157314	Bd. Chişinău 2 Bloc 50, sc. 1, Sector 2
17160	44.444146	26.157269	Bd. Chişinău 2 Bloc 50, sc. 2, Sector 2
17161	44.46286	26.120794	Bd. Lacul Tei 121 Bloc 5, sc. B, Sector 2
17162	44.462884	26.12072	Bd. Lacul Tei 121 Bloc 5, sc. C, Sector 2
17163	44.463104	26.121948	Bd. Lacul Tei 123 Bloc 4, sc. 1, Sector 2
17164	44.463118	26.121912	Bd. Lacul Tei 123 Bloc 4, sc. 2, Sector 2
17165	44.462273	26.119607	Bd. Lacul Tei 113 Bloc 6B, Sector 2
17166	44.46164	26.118	Bd. Lacul Tei 109 Bloc 13 A, sc. B, Sector 2
17167	44.461649	26.118013	Bd. Lacul Tei 109 Bloc 13 A, sc. D, Sector 2
17168	44.445204	26.121288	Calea Moşilor 292 Bloc 38, sc. A, Sector 2
17169	44.44519	26.12123	Calea Moşilor 292 Bloc 38, sc. B, Sector 2
17170	44.447343	26.122467	Calea Moşilor 249 Bloc 49-49 A, Sector 2
17171	44.46196	26.131493	Str. Ion Berindei 11 Bloc 1-2, sc. 1, Sector 2
17172	44.461943	26.131429	Str. Ion Berindei 11 Bloc 1-2, sc. 2, Sector 2
17173	44.462208	26.131674	Str. Ion Berindei 11 Bloc 1-2, sc. 3, Sector 2
17174	44.439245	26.175783	Str. Alexandru Ipsilanti 6 Bloc 29 E, sc. A, Sector 2
17175	44.439222	26.175859	Str. Alexandru Ipsilanti 6 Bloc 29 E, sc. B, Sector 2
17176	44.444059	26.132083	Str. Avrig 54 Bloc O 15, Sector 2
17177	44.443021	26.13227	Str. Avrig 64 Bloc O 20, Sector 2
17178	44.445864	26.130017	Str. Avrig 26 Bloc P 18, sc B, Sector 2
17179	44.442764	26.178769	Str. Azotului 3 Bloc 33 D, sc. 1, Sector 2
17180	44.442793	26.178689	Str. Azotului 3 Bloc 33 D, sc. 2, Sector 2
17181	44.436639	26.13982	Str. Cap. Cerga Nicolae 4 Bloc P4-5, sc. A, Sector 2
17182	44.436715	26.140228	Str. Cap. Cerga Nicolae 4 Bloc P4-5, sc. B, Sector 2
17183	44.436745	26.140647	Str. Cap. Cerga Nicolae 4 Bloc P4-5, sc. C, Sector 2
17184	44.437992	26.139092	Str. Ciurea 2-4 Bloc P 6, Sector 2
17185	44.439651	26.175187	Str. Cluceru Sandu 4 Bloc 29 C, Sector 2
17186	44.443127	26.142141	Str. Slt. Cristescu Dima 1 Bloc 105 C, sc. A, Sector 2
17187	44.443771	26.163551	Str. Delfinului 2 Bloc 42, sc. A, Sector 2
17188	44.443773	26.163592	Str. Delfinului 2 Bloc 42, sc. B, Sector 2
17189	44.443456	26.163488	Str. Delfinului 2 Bloc 42, sc. C, Sector 2
17190	44.443354	26.163617	Str. Delfinului 2 Bloc 42, sc. D, Sector 2
17191	44.443957	26.136569	Str. Elev Ştefănescu 3 Bloc 444, Sector 2
17192	44.443706	26.134431	Str. Elev Ştefănescu 9 Bloc 449, Sector 2
17193	44.443775	26.134767	Str. Elev Ştefănescu 11 Bloc 450, Sector 2
17194	44.443778	26.135175	Str. Elev Ştefănescu 13 Bloc 451, Sector 2
17195	44.443874	26.135798	Str. Elev Ştefănescu 15 Bloc 452, Sector 2
17196	44.46941	26.140619	Str. Fabrica de Gheaţă 14/16 Bloc 95, sc. 1, Sector 2
17197	44.469413	26.141644	Str. Fabrica de Gheaţă 16/18 Bloc 95, sc. 2, Sector 2
17198	44.469815	26.140851	Str. Fabrica de Gheaţă 19 Bloc 96, Sector 2
17199	44.468993	26.140103	Str. Fabrica de Gheaţă 12 Bloc 98, Sector 2
17200	44.468695	26.139401	Str. Fabrica de Gheaţă 8 Bloc 90, sc. A, Sector 2
17201	44.468668	26.139377	Str. Fabrica de Gheaţă 8 Bloc 90, sc. B, Sector 2
17202	44.468649	26.139431	Str. Fabrica de Gheaţă 8 Bloc 90, sc. C, Sector 2
17203	44.46959	26.140386	Str. Fabrica de Gheaţă 17 Bloc 97, Sector 2
17204	44.462418	26.118579	Str. Grigore Moisil 1 Bloc 13 B, sc. 1, Sector 2
17205	44.462475	26.118622	Str. Grigore Moisil 1 Bloc 13 B, sc. 2, Sector 2
17206	44.46308	26.119219	Str. Grigore Moisil 6 Bloc 10, sc. A, Sector 2
17207	44.463135	26.119204	Str. Grigore Moisil 6 Bloc 10, sc. B, Sector 2
17208	44.463969	26.118103	Str. Grigore Moisil 8 Bloc 9, sc. C, Sector 2
17209	44.464051	26.118103	Str. Grigore Moisil 8 Bloc 9, sc. E, Sector 2
17210	44.464056	26.118089	Str. Grigore Moisil 8 Bloc 9, sc. F, Sector 2
17211	44.462678	26.119486	Str. Grigore Moisil 4 Bloc 6, sc. 1, Sector 2
17212	44.462853	26.119487	Str. Grigore Moisil 4 Bloc 6, sc. 2, Sector 2
17213	44.462797	26.119517	Str. Grigore Moisil 4 Bloc 6, sc. 3, Sector 2
17214	44.462756	26.118365	Str. Grigore Moisil 3 Bloc 7, sc. 1, Sector 2
17215	44.462897	26.118348	Str. Grigore Moisil 3 Bloc 7, sc. 2, Sector 2
17216	44.462286	26.118591	Str. Grigore Moisil 3 Bloc 7, sc. 3, Sector 2
17217	44.46281	26.118281	Str. Grigore Moisil 3 Bloc 7, sc. 4, Sector 2
17218	44.462796	26.118295	Str. Grigore Moisil 5 Bloc 7 bis, sc. A, Sector 2
17219	44.463069	26.118384	Str. Grigore Moisil 5 Bloc 7 bis, sc. B, Sector 2
17220	44.462998	26.118258	Str. Grigore Moisil 5 Bloc 7 bis, sc. C, Sector 2
17221	44.462861	26.118245	Str. Grigore Moisil 5 Bloc 7 bis, sc. D, Sector 2
17222	44.45281	26.124138	Str. Irimicului 2 Bloc 1, Sector 2
17223	44.440964	26.10439	Str. Jean-Louis Calderon 1-5 bloc, Sector 2
17224	44.442971	26.177925	Str. Soldat Lazăr Florea 3 Bloc 8 B, sc. A, Sector 2
17225	44.442986	26.177899	Str. Soldat Lazăr Florea 3 Bloc 8 B, sc. B, Sector 2
17226	44.44305	26.177814	Str. Lazăr Florea 1 Bloc 8 C, Sector 2
17227	44.463756	26.129105	Str. Lăptari Tei 14 Bloc 4, sc. 1, Sector 2
17228	44.463709	26.129116	Str. Lăptari Tei 14 Bloc 4, sc. 2, Sector 2
17229	44.463671	26.129127	Str. Lăptari Tei 14 Bloc 4, sc. 3, Sector 2
17230	44.463695	26.129145	Str. Lăptari Tei 14 Bloc 4, sc. 4, Sector 2
17231	44.463017	26.127375	Str. Lăptari Tei 3 Bloc 25, Sector 2
17232	44.462742	26.1272	Str. Lăptari Tei 1 Bloc 26, Sector 2
17233	44.462351	26.130326	Str. Luntrei 3 Bloc 10, sc. 1, Sector 2
17234	44.462338	26.130169	Str. Luntrei 3 Bloc 10, sc. 2, Sector 2
17235	44.46291	26.145416	Str. Maior Vasile Băcilă 1 Bloc 99, sc. 1, Sector 2
17236	44.462887	26.145354	Str. Maior Vasile Băcilă 1 Bloc 99, sc. 2, Sector 2
17237	44.462932	26.145461	Str. Maior Vasile Băcilă 1 Bloc 99, sc. 3, Sector 2
17238	44.456179	26.128451	Str. Maşina de Pâine 20 C Bloc 4 (IRTA), Sector 2
17239	44.452651	26.124767	Str. Maşina de Pâine 37 Bloc 2, Sector 2
17240	44.456074	26.128011	Str. Maşina de Pâine 20 A Bloc 6 IRTA, Sector 2
17241	44.441922	26.136993	Str. Măgura Vulturilor 51 Bloc 116 A, sc. 1, Sector 2
17242	44.441868	26.136716	Str. Măgura Vulturilor 51 Bloc 116 A, sc. 2, Sector 2
17243	44.442591	26.137211	Str. Măgura Vulturilor 64 Bloc 117 A, sc. A, Sector 2
17244	44.442529	26.137167	Str. Măgura Vulturilor 64 Bloc 117 A, sc. B, Sector 2
17245	44.443021	26.137121	Str. Măgura Vulturilor 66 Bloc 117 A, sc. B, Sector 2
17246	44.444321	26.118621	Str. Mihai Eminescu 185 Bloc 31 B, Sector 2
17247	44.438632	26.157955	Str. Pictor Hărlescu 3 Bloc A 6, sc. A, Sector 2
17248	44.438818	26.15782	Str. Pictor Hărlescu 3 Bloc A 6, sc. B, Sector 2
17249	44.462152	26.129934	Str. Ripiceni 4 Bloc 11, sc. 1-2, Sector 2
17250	44.463116	26.12925	Str. Ripiceni 6A Bloc 5, sc. 2, Sector 2
17251	44.436874	26.139124	Str. Slt. Manoliu Pompiliu 2 Bloc P1, Sector 2
17252	44.442941	26.137699	Str. Lt. Sachelarie Visarion 14 Bloc 117 C, sc. A, Sector 2
17253	44.442963	26.137787	Str. Lt. Sachelarie Visarion 14 Bloc 117 C, sc. B, Sector 2
17254	44.44293	26.137745	Str. Lt. Sachelarie Visarion 14 Bloc 117 C, sc. C, Sector 2
17255	44.442884	26.13872	Str. Lt. Sachelarie Visarion 16 Bloc 118 A, sc A, Sector 2
17256	44.442909	26.138753	Str. Lt. Sachelarie Visarion 18 Bloc 118 B, sc. A, Sector 2
17257	44.442922	26.138814	Str. Lt. Sachelarie Visarion 18 Bloc 118 B, sc. B, Sector 2
17258	44.442862	26.139122	Str. Lt. Sachelarie Visarion 18 Bloc 119, Sector 2
17259	44.442991	26.139268	Str. Lt. Sachelarie Visarion 2 Bloc 112 B, Sc. A, Sector 2
17260	44.442619	26.135657	Str. Lt. Sachelarie Visarion 8 Bloc 111 B, Sc. A, Sector 2
17261	44.442562	26.13556	Str. Lt. Sachelarie Visarion 8 Bloc 111 B, Sc. B, Sector 2
17262	44.442289	26.134294	Str. Lt. Sachelarie Visarion 4 Bloc 112, sc A, Sector 2
17263	45.442289	27.134294	Str. Lt. Sachelarie Visarion 4 Bloc 112, sc A, Sector 3
17264	44.442632	26.13594	Str. Lt. Sachelarie Visarion 10 Bloc 111 A, sc. 1, Sector 2
17265	44.441058	26.107482	Str. Thomas Masaryk 25 Casa, Sector 2
17266	44.442053	26.154488	Str. Herta 4 Bloc 64 A, sc A, Sector 2
17267	44.442056	26.154602	Str. Herta 4 Bloc 64 A, sc B, Sector 2
17268	44.442908	26.154809	Str. Herta 6 Bloc 64 B, sc A, Sector 2
17269	44.442942	26.15488	Str. Herta 6 Bloc 64 B, sc B, Sector 2
17270	44.443315	26.119482	Str. Traian 197 Bloc 22 B, Sector 2
17271	44.443602	26.120076	Str. Traian 248 Bloc 30 B, Sector 2
17272	44.463398	26.119816	Str. Tuzla 1 Bloc11A , sc. A, Sector 2
17273	44.463362	26.119825	Str. Tuzla 1 Bloc11A , sc. B, Sector 2
17274	44.437992	26.138851	Str. Vatra Luminoasă 26 Bloc P 7 A, Sector 2
17275	44.438047	26.138984	Str. Vatra Luminoasă 28 Bloc P 7, Sector 2
17276	44.442715	26.17357	Str. Zambilă Ioniţă 2 Bloc 7 C, Sector 2
17277	44.442793	26.179817	Str. Zambilă Ioniţă 4 Bloc 7 D, sc. C, Sector 2
17278	44.442757	26.179763	Str. Zambilă Ioniţă 4 Bloc 7 D, sc. D, Sector 2
17279	44.442624	26.179866	Str. Zambilă Ioniţă 3 Bloc 33 C, sc. 1, Sector 2
17280	44.442699	26.179801	Str. Zambilă Ioniţă 3 Bloc 33 C, sc. 2, Sector 2
17281	44.453102	26.127926	Str. Ziduri Moşi 2 Bloc 6, Sector 2
17282	44.464042	26.118726	Str. Gheorghe Şerban 7 Bloc, Sector 2
17283	44.461404	26.131854	Str.Ion Berindei 12 Bloc 60, sc. 1, Sector 2
17284	44.461443	26.131962	Str.Ion Berindei 12 Bloc 60, sc. 2, Sector 2
17285	44.463525	26.125506	Str.Teiul Doamnei 110 Bloc 16, sc. 1, Sector 2
17286	44.463011	26.126684	Str.Teiul Doamnei 108 Bloc 15, sc. 1, Sector 2
17287	44.463092	26.126685	Str.Teiul Doamnei 108 Bloc 15, sc. 2, Sector 2
17288	44.462701	26.126815	Str.Teiul Doamnei 106 Bloc M14, sc. 1, Sector 2
17289	44.462603	26.126799	Str.Teiul Doamnei 106 Bloc M14, sc. 2, Sector 2
17290	44.463461	26.126478	Str.Teiul Doamnei 110 Bloc 16, sc. 2, Sector 2
17291	44.442784	26.149097	Şos Iancului 130 Bloc 121, sc. A, Sector 2
17292	44.463203	26.134245	Şos. Colentina 28 Bloc 65, Sector 2
17293	44.455371	26.128432	Şos. Colentina 23 A Bloc 1A (IRTA), Sector 2
17294	44.450473	26.126049	Şos. Colentina 2 Bloc ALMO 1,sc. 1, Sector 2
17295	44.450566	26.126135	Şos. Colentina 2 Bloc ALMO 1,sc. 2, Sector 2
17296	44.456435	26.128955	Şos. Colentina 25 A Bloc 2(IRTA), Sector 2
17297	44.461302	26.133456	Şos. Colentina 24 Bloc 10, sc. A, Sector 2
17298	44.467245	26.138491	Şos. Colentina 83 Bloc 85, sc. A, Sector 2
17299	44.467278	26.138851	Şos. Colentina 83 Bloc 85, sc. B, Sector 2
17300	44.467186	26.138926	Şos. Colentina 83 Bloc 85, sc. C, Sector 2
17301	44.468072	26.140636	Şos. Colentina 89 Bloc 88, Sector 2
17302	44.466959	26.139706	Şos. Colentina 60 Bloc 103, sc. A, Sector 2
17303	44.466928	26.139648	Şos. Colentina 60 Bloc 103, sc. B, Sector 2
17304	44.455524	26.128534	Şos. Colentina 23 B Bloc 1 B (IRTA), Sector 2
17305	44.461428	26.132303	Şos. Colentina 53 Bloc 55, sc. A, Sector 2
17306	44.461362	26.132242	Şos. Colentina 53 Bloc 59, sc. D, Sector 2
17307	44.453997	26.128664	Şos. Colentina 2 C Bloc 4, sc. A, Sector 2
17308	44.454068	26.128685	Şos. Colentina 2 C Bloc 4, sc. C, Sector 2
17309	44.452154	26.127142	Şos. Colentina 2 D Bloc 5, sc. A, Sector 2
17310	44.452858	26.12779	Şos. Colentina 2 D Bloc 5, sc. B, Sector 2
17311	44.468583	26.14167	Şos. Colentina 93 Bloc 92, sc. A, Sector 2
17312	44.468479	26.141683	Şos. Colentina 93 Bloc 92, sc. B, Sector 2
17313	44.467277	26.14045	Şos. Colentina 62 Bloc 104, sc. 1, Sector 2
17314	44.468039	26.142051	Şos. Colentina 72 Bloc 109, Sector 2
17315	44.466471	26.139089	Şos. Colentina 58 Bloc 101, Sector 2
17316	44.463586	26.134586	Șos. Colentina 32 Bloc 67, Sector 2
17317	44.464016	26.13492	Șos. Colentina 36 Bloc 69, Sector 2
17318	44.464283	26.13574	Șos. Colentina 40 Bloc 71, sc 2, Sector 2
17319	44.464299	26.135809	Șos. Colentina 40 Bloc 71, sc 4, Sector 2
17320	44.466587	26.138956	Şos. Colentina 58 Bloc 101/102, sc.2, Sector 2
17321	44.44347	26.166447	Șos. Fundeni 4 Bloc 11 C, sc A, Sector 2
17322	44.443453	26.166461	Șos. Fundeni 4 Bloc 11 C, sc B, Sector 2
17323	44.441325	26.13588	Şos. Iancului 6 Bloc 113 B, sc. A, Sector 2
17324	44.442254	26.139273	Şos. Iancului 17 Bloc 106 C, sc. B, Sector 2
17325	44.442798	26.143116	Şos. Iancului 35 Bloc 104, sc. B, Sector 2
17326	44.442891	26.144978	Şos. Iancului 39 Bloc 103 A, sc. A, Sector 2
17327	44.442858	26.144853	Şos. Iancului 39 Bloc 103 A, sc. B, Sector 2
17328	44.441115	26.137216	Şos. Iancului 10 Bloc 114 B, sc. 1, Sector 2
17329	44.441101	26.137308	Şos. Iancului 10 Bloc 114 B, sc. 2, Sector 2
17330	44.442068	26.13835	Şos. Iancului 13 Bloc 107, sc. A, Sector 2
17331	44.442226	26.140281	Şos. Iancului 21 Bloc 106 A, sc. A, Sector 2
17332	44.44227	26.139932	Şos. Iancului 21 Bloc 106 A, sc. B, Sector 2
17333	44.442342	26.141252	Şos. Iancului 29 Bloc 105 B, sc. A, Sector 2
17334	44.442025	26.137547	Şos. Iancului 11 Bloc 108, Sector 2
17335	44.443069	26.146975	Şos. Iancului 53 Bloc 102 B, sc. B, Sector 2
17336	44.44265	26.14078	Şos. Iancului 27 Bloc 105 D, sc. 1, Sector 2
17337	44.442838	26.140771	Şos. Iancului 27 Bloc 105 D, sc. 2, Sector 2
17338	44.442689	26.140802	Şos. Iancului 27 Bloc 105 D, sc. 3, Sector 2
17339	44.442618	26.144788	Şos. Iancului 126 Bloc 120, sc.A, Sector 2
17340	44.441285	26.135912	Şos. Iancului 6 Bloc 113 B, sc. B, Sector 2
17341	44.441367	26.136508	Şos. Iancului 8 Bloc 114 A, Sector 2
17342	44.441543	26.137805	Şos. Iancului 12 Bloc 115, sc. A, Sector 2
17343	44.441597	26.137825	Şos. Iancului 12 Bloc 115, sc. B, Sector 2
17344	44.442215	26.139195	Şos. Iancului 17 Bloc 106 C, sc. A, Sector 2
17345	44.442728	26.143139	Şos. Iancului 35 Bloc 104, sc. A, Sector 2
17346	44.442833	26.1448	Şos. Iancului 39 Bloc 103 A, sc. C, Sector 2
17347	44.441167	26.135231	Şos. Iancului 4 Bloc 113 A, sc. B, Sector 2
17348	44.441782	26.136295	Şos. Iancului 7 Bloc 109 B, sc B, Sector 2
17349	44.442155	26.139571	Şos. Iancului 19 Bloc 106 B, sc. A, Sector 2
17350	44.442291	26.141252	Şos. Iancului 29 Bloc 105 B, sc. B, Sector 2
17351	44.442533	26.142303	Şos. Iancului 33 Bloc 105 B, sc. C, Sector 2
17352	44.44188	26.135306	Şos. Iancului 5 Bloc 110, sc. A, Sector 2
17353	44.441798	26.135375	Şos. Iancului 5 Bloc 110, sc. B, Sector 2
17354	44.442816	26.144982	Şos. Iancului 41 Bloc 102 D, sc. A, Sector 2
17355	44.442715	26.144908	Șos. Iancului 41 Bloc 102 D, sc B, Sector 2
17356	44.442799	26.145814	Şos. Iancului 47 Bloc 102 C, sc. A, Sector 2
17357	44.443067	26.147044	Şos. Iancului 53 Bloc 102 B, sc. A, Sector 2
17358	44.442707	26.143879	Şos. Iancului 37 Bloc 103B, Sector 2
17359	44.442868	26.146001	Şos. Iancului 47 Bloc 102 C, sc. B, Sector 2
17360	44.448368	26.125049	Şos. Mihai Bravu 2 Bloc 60 B, sc. 2, Sector 2
17361	44.448326	26.125007	Şos. Mihai Bravu 2 Bloc 60 B, sc.3, Sector 2
17362	44.4459	26.128015	Şos. Mihai Bravu 37 Bloc P 30 A, Sector 2
17363	44.445205	26.127958	Şos. Mihai Bravu 41/4 Bloc 4 bis, Sector 2
17364	44.446256	26.127371	Şos. Mihai Bravu 43 Bloc 4, sc. A, Sector 2
17365	44.444886	26.128198	Şos. Mihai Bravu 43 Bloc 4, sc. B, Sector 2
17366	44.440778	26.180279	Şos. Pantelimon 358 Bloc 15 ABC, sc.B, Sector 2
17367	44.443406	26.153037	Şos. Pantelimon 363 Bloc A 3, sc. A, Sector 2
17368	44.445747	26.135027	Şos. Pantelimon 363 Bloc A 3, sc. B, Sector 2
17369	44.432925	26.152969	Şos. Pantelimon 291A Bloc 9 B, Sector 2
17370	44.442309	26.174956	Şos. pantelimon 301 Bloc C 1, Sector 2
17371	44.44191	26.170301	Şos. Pantelimon 324 Bloc D 1, Sector 2
17372	44.442924	26.167532	Şos. Pantelimon 285A Bloc 11 A, Sector 2
17373	44.444052	26.148011	Şos. Pantelimon 225 Bloc 66, sc. 2, Sector 2
17374	44.444035	26.14813	Şos. Pantelimon 225 Bloc 66, sc. 4-5, Sector 2
17375	44.444008	26.148591	Şos. Pantelimon 225 Bloc 66, sc. 7, Sector 2
17376	44.443996	26.150212	Şos. Pantelimon 229 Bloc 68, sc. A, Sector 2
17377	44.443887	26.1503	Şos. Pantelimon 229 Bloc 68, sc. B, Sector 2
17378	44.443641	26.15406	Şos. Pantelimon 239 Bloc 62, Sector 2
17379	44.444834	26.14971	Şos. Pantelimon 241 Bloc 61, sc. A, Sector 2
17380	44.442806	26.165366	Şos. Pantelimon 241 Bloc 61, sc. B, Sector 2
17381	44.443578	26.154146	Şos. Pantelimon 248 Bloc 59/60, sc. A, Sector 2
17382	44.443137	26.165261	Şos. Pantelimon 248 Bloc 59/60, sc. B, Sector 2
17383	44.443073	26.159985	Şos. Pantelimon 251 Bloc 45, sc A, Sector 2
17384	44.443255	26.160676	Şos. Pantelimon 253 Bloc 44, sc. 2/B, Sector 2
17385	44.443287	26.160968	Şos. Pantelimon 253 Bloc 44, sc. 3/C, Sector 2
17386	44.442404	26.158091	Şos. Pantelimon 258 Bloc 47, sc. B, Sector 2
17387	44.442476	26.158132	Şos. Pantelimon 258 Bloc 47, sc. C, Sector 2
17388	44.44239	26.158161	Şos. Pantelimon 258 Bloc 47, sc. D, Sector 2
17389	44.44246	26.159873	Şos. Pantelimon 260 Bloc 46, sc. 2/3, Sector 2
17390	44.442454	26.159877	Şos. Pantelimon 260 Bloc 46, sc. 4/5, Sector 2
17391	44.442335	26.162713	Şos. Pantelimon 286 Bloc 41, sc. 1, Sector 2
17392	44.442283	26.162733	Şos. Pantelimon 286 Bloc 41, sc. 2, Sector 2
17393	44.442234	26.162699	Şos. Pantelimon 286 Bloc 41, sc. 3, Sector 2
17394	44.442184	26.162967	Şos. Pantelimon 286 Bloc 41, sc. 4, Sector 2
17395	44.442215	26.16321	Şos. Pantelimon 286 Bloc 41, sc. 5, Sector 2
17396	44.442271	26.16349	Şos. Pantelimon 286 Bloc 41, sc. 6, Sector 2
17397	44.442265	26.16369	Şos. Pantelimon 286 Bloc 41, sc. 8, Sector 2
17398	44.443348	26.1568	Şos. Pantelimon 245 Bloc 51, sc. A, Sector 2
17399	44.443376	26.156845	Şos. Pantelimon 245 Bloc 51, sc. B, Sector 2
17400	44.443297	26.156671	Şos. Pantelimon 245 Bloc 51, sc. C, Sector 2
17401	44.443833	26.150307	Şos. Pantelimon 227 Bloc 70, sc. 1, Sector 2
17402	44.443774	26.150052	Şos. Pantelimon 227 Bloc 70, sc. 2, Sector 2
17403	44.442791	26.15634	Şos. Pantelimon 256 Bloc 53, sc. 1, Sector 2
17404	44.442817	26.156348	Şos. Pantelimon 256 Bloc 53, sc. 2, Sector 2
17405	44.442722	26.156349	Şos. Pantelimon 256 Bloc 53, sc. 3, Sector 2
17406	44.443731	26.146974	Şos. Pantelimon 144 Bloc 102 A, sc. A, Sector 2
17407	44.443787	26.147024	Şos. Pantelimon 144 Bloc 102 A, sc. B, Sector 2
17408	44.443688	26.147028	Şos. Pantelimon 144 Bloc 102 A, sc. C, Sector 2
17409	44.445	26.138789	Şos. Pantelimon 84 Bloc 409 B, sc. A, Sector 2
17410	44.444464	26.139689	Şos. Pantelimon 86 Bloc 409 A, sc. 1, Sector 2
17411	44.444465	26.139716	Şos. Pantelimon 86 Bloc 409 A, sc. 2, Sector 2
17412	44.443888	26.153126	Şos. Pantelimon 237 Bloc 65, sc. 1-2, Sector 2
17413	44.443738	26.153019	Şos. Pantelimon 237 Bloc 65, sc. 3, Sector 2
17414	44.443795	26.153145	Şos. Pantelimon 237 Bloc 65, sc. 4-5, Sector 2
17415	44.443868	26.15097	Şos. Pantelimon 231 Bloc 69 A, sc. 1, Sector 2
17416	44.443808	26.151093	Şos. Pantelimon 231 Bloc 69 A, sc. 2, Sector 2
17417	44.442851	26.165118	Şos. Pantelimon 287A Bloc 10 A, Sector 2
17418	44.445556	26.135292	Şos. Pantelimon 359 Bloc B 2, sc. 1, Sector 2
17419	44.445797	26.13499	Şos. Pantelimon 369 Bloc A4, Sector 2
17420	44.449765	26.123513	Şos. Ştefan cel Mare 240 Bloc 59 A, sc. 2, Sector 2
17421	44.4379	26.170748	Șos. Vergului 11 Bloc H1, Sector 2
17422	44.437502	26.170951	Șos. Vergului 13 Bloc H2, Sector 2
17423	44.437548	26.170789	Șos. Vergului 15 Bloc H3A, Sector 2
17424	44.43767	26.171543	Șos. Vergului 17 Bloc H3A, Sector 2
17425	44.437828	26.17189	Șos. Vergului 19 Bloc H4, Sector 2
17426	44.43874	26.173028	Şos. Vergului 33 Bloc K5, Sector 2
17427	44.438587	26.173818	Şos. Vergului 37 Bloc K 3, Sector 2
17428	44.437828	26.17189	Şos. Vergului 19 A Bloc H4, Sector 2
17429	44.438008	26.172828	Şos. Vergului 21-29 Bloc G 4, sc. 1, Sector 2
17430	44.437949	26.172676	Şos. Vergului 21-30 Bloc G 4, sc. 2, Sector 2
17431	44.437957	26.172574	Şos. Vergului 21-31 Bloc G 4, sc. 3, Sector 2
17432	44.437985	26.172199	Şos. Vergului 21-32 Bloc G 4, sc. 4, Sector 2
17433	44.438044	26.172132	Şos. Vergului 21-33 Bloc G 4, sc. 5, Sector 2
17434	44.438153	26.17825	Şos. Vergului 33 Bloc K 2, Sector 2
17435	44.443726	26.118387	B-dul Dacia 150 bloc 150, bloc 25 B, Sector 2
17436	44.463158	26.121766	B-dul Lacul Tei 123 Bloc 4, sc 3, Sector 2
17437	44.463072	26.121803	B-dul Lacul Tei 123 Bloc 4, LK sc 4, Sector 2
17438	44.46392	26.129446	Str. Lăptari Tei 16 Bloc 3A, sc. B, Sector 2
17439	44.46386	26.118837	Str. Gheorghe Şerban 7A, Sector 2
17440	44.468001	26.152833	Str. Balotului 42 Bloc, Sector 2
17441	44.449777	26.125861	Șoseaua Mihai Bravu 1 Bloc ALMO 2 Magazin Bucur Obor, Sector 2
17442	44.449767	26.126814	Șoseaua Mihai Bravu 3 ALMO 3 Magazin Bucur Obor, Sector 2
17443	44.426679	26.164314	Al. Baraj Lotru 4 Bloc N 6, Sector 3
17444	44.411892	26.162788	Al. Ilioara 16 Bloc M 32, Sector 3
17445	44.412405	26.159432	Al. Ilioara 2 Bloc PM 30 A, Sector 3
17446	44.409808	26.170309	Al. Zemeş / Prevederii 3 Bloc M 29 A, Sector 3
17447	44.409703	26.168929	Al. Vlăhiţa 4 Bloc PM 8, Sector 3
17448	44.409672	26.1689	Al. Vlăhiţa 6 Bloc PM 10, Sector 3
17449	44.410129	26.168618	Al. Vlăhiţa 3 Bloc PM 18, Sector 3
17450	44.418005	26.144202	Bd. Camil Ressu 16 Bloc 4 bis, Sector 3
17451	44.417872	26.145202	Bd. Camil Ressu 20 Bloc 6 bis, Sector 3
17452	44.418678	26.141806	Bd. Camil Ressu 8 Bloc 1, Sector 3
17453	44.419112	26.139572	Bd. Camil Ressu 4 Bloc 5, Sector 3
17454	44.420164	26.13845	Bd. Camil Ressu 3 Bloc 13 A, Sector 3
17455	44.412987	26.162391	Bd. Camil Ressu 76 Bloc S – 1 A, Sector 3
17456	44.412928	26.161901	Bd. Camil Ressu 74 Bloc S – 2, Sector 3
17457	44.413188	26.159026	Bd. Camil Ressu 64 Bloc PM 28, Sector 3
17458	44.412498	26.163058	Bd. Nicolae Grigorescu 36 Bloc M 2 A, Sector 3
17459	44.411317	26.163862	Bd. Nicolae Grigorescu 57 Bloc PM 1, Sector 3
17460	44.410953	26.163887	Bd. Nicolae Grigorescu 59 Bloc PM 2, Sector 3
17461	44.410341	26.163965	Bd. Nicolae Grigorescu 61 Bloc PM 3, Sector 3
17462	44.412573	26.164477	Bd. Theodor Pallady 18 Bloc M 5 A, Sector 3
17463	44.412631	26.164481	Bd. Theodor Pallady 2 Bloc M 2 A, Sector 3
17464	44.411902	26.170781	Bd. Theodor Pallady 67 ÷ 69 / 7 ÷ 13 Bloc R 5, Sector 3
17465	44.432554	26.097515	Calea Victoriei 12 C Bloc A - B, Sector 3
17466	44.434207	26.098014	Calea Victoriei 25 Bloc locuinţe, Sector 3
17467	44.434822	26.165195	Intr. Muncii 4A Bloc C, Sector 3
17468	44.418458	26.152024	Int. Odobeşti 12 Bloc V 7 A, Sector 3
17469	44.429471	26.138572	Şos. Mihai Bravu 286 Bloc 2, Sector 3
17470	44.427379	26.137631	Şos. Mihai Bravu 292 Bloc 5, Sector 3
17471	44.426722	26.137548	Şos. Mihai Bravu 294 Bloc 6, Sector 3
17472	44.426178	26.137021	Şos. Mihai Bravu 296 Bloc 7, Sector 3
17473	44.42659	26.136537	Str. Cerceluşi 52 Bloc 10 - 11, Sector 3
17474	44.420443	26.139055	Str. Dristor 112 Bloc 13, Sector 3
17475	44.421625	26.138548	Str. Dristor 100 Bloc 10 A, Sector 3
17476	44.411711	26.140901	Bd. Râmnicu Sărat 25 Bloc 11 A, Sector 3
17477	44.410202	26.140179	Bd. Râmnicu Sărat 31 Bloc 11 B, Sector 3
17478	44.410902	26.140141	Bd. Râmnicu Sărat 29 Bloc 11 A 1, Sector 3
17479	44.410965	26.140176	Bd. Râmnicu Sărat 33 Bloc 11 B 1, Sector 3
17480	44.425956	26.14697	Str. Baba Novac 11 A Bloc 1, Sector 3
17481	44.426059	26.147924	Str. Baba Novac 13 A Bloc 2, Sector 3
17482	44.426368	26.148339	Str. Baba Novac 15 A Bloc 3, Sector 3
17483	44.427405	26.153347	Str. Baba Novac 22 A Bloc 24 C, Sector 3
17484	44.428001	26.170552	Str. Baraj Dunării 12 Bloc M 8, Sector 3
17485	44.426792	26.165031	Str. Baraj Lotru 6 Bloc N 8, Sector 3
17486	44.42685	26.165513	Str. Baraj Lotru 8 Bloc N 9, Sector 3
17487	44.426938	26.166276	Str. Baraj Lotru 10 Bloc N 10, Sector 3
17488	44.427041	26.166798	Str. Baraj Lotru 12 Bloc N 11, Sector 3
17489	44.427838	26.171096	Str. Baraj Rovinari 14 Bloc M 7 A, Sector 3
17490	44.426998	26.167618	Str. Baraj Sadului 3 ÷ 5 Bloc N 12 - N 13, Sector 3
17491	44.410229	26.141711	Str.Serg.Maj. Bonea Marin 2 Bloc 13 TOMIS, Sector 3
17492	44.432166	26.154285	Str. Bucovina (I.O.R.) 1 A Bloc L 10, Sector 3
17493	44.432382	26.154545	Str. Bucovina (I.O.R.) 1 bis Bloc L 10 A, Sector 3
17494	44.427159	26.149872	Str. Cîmpia Libertăţii 47 Bloc MC – 1, Sector 3
17495	44.427359	26.149589	Str. Cîmpia Libertăţii 45 Bloc MC – 2, Sector 3
17496	44.427647	26.149867	Str. Cîmpia Libertăţii 43 Bloc MC – 3, Sector 3
17497	44.427678	26.14932	Str. Cîmpia Libertăţii 41 Bloc MC – 4, Sector 3
17498	44.412781	26.158641	Str. Ilioara 1 Bloc PM -29, Sector 3
17499	44.412345	26.159441	Str. Ilioara 2 bis Bloc PM - 30, Sector 3
17500	44.424697	26.175195	Str. Liviu Rebrea 35 Bloc M 36 A, Sector 3
17501	44.415663	26.156518	Str. Lotrioara 5 Bloc V - 31, Sector 3
17502	44.416326	26.156202	Str. Lotrioara 9 Bloc V - 33, Sector 3
17503	44.416536	26.156355	Str. Lotrioara 11 Bloc V - 34, Sector 3
17504	44.416137	26.155341	Str. Odobeşti 13 Bloc V 35, Sector 3
17505	44.417535	26.150647	Str. Odobeşti 2 A Bloc N 2 B, Sector 3
17506	44.417449	26.150736	Str. Odobeşti 2 Bloc N 3 B, Sector 3
17507	44.410309	26.166024	Str. Patrioţilor 8 Bloc PM 12, Sector 3
17508	44.410581	26.165559	Str. Patrioţilor 6 Bloc PM 13, Sector 3
17509	44.410819	26.165008	Str. Patrioţilor 4 Bloc PM 14 F, Sector 3
17510	44.411129	26.164393	Str. Patrioţilor 2 Bloc PM 15, Sector 3
17511	44.411658	26.164209	Str. Patrioţilor 3 Bloc PM 17, Sector 3
17512	44.432812	26.157274	Str. Petre Tina 5 Bloc L 41, Sector 3
17513	44.410235	26.164943	Str, Prevederii 1 Bloc PM 4, Sector 3
17514	44.410223	26.164922	Str. Prevederii 3 Bloc PM 5, Sector 3
17515	44.409796	26.166205	Str. Prevederii 5 Bloc PM 11 A, Sector 3
17516	44.409656	26.166929	Str. Prevederii 7 Bloc PM 11 B, Sector 3
17517	44.407936	26.173429	Str. Prevederii 24 A Bloc G 4 - G5, Sector 3
17518	44.409452	26.16583	Str. Prevederii 4 Bloc M 29 C, Sector 3
17519	44.409605	26.164722	Str. Prevederii 2 Bloc M 29 F, Sector 3
17520	44.408692	26.171438	Str. Prevederii 13 A Bloc M 1 C, Sector 3
17521	44.410913	26.140869	Str. Spiridon Matei 1 Bloc 9, Sector 3
17522	44.411364	26.14122	Str. Spiridon Matei 3 Bloc 10, Sector 3
17523	44.409199	26.172573	Str. Trapezului 3 Bloc C 2, Sector 3
17524	44.420169	26.17288	Str. Codrii Neamţului 9 Bloc C 2 B, Sector 3
17525	44.414037	26.172514	Str. Plt. Petre Ionescu 13 Bloc 7 BIS, Sector 3
17526	44.412986	26.167706	Str. Sold. Stelian Mihale 1 A Bloc G 1 A, Sector 3
17527	44.432691	26.158396	Str. Sold. Nicolae Sebe 10 Bloc L 36, Sector 3
17528	44.429997	26.098062	Splaiul Independenţei 2 J Bloc Locuinţe, Sector 3
17529	44.418885	26.112635	Bd. Mircea Vodă 46 Bloc M 22, Sector 3
17530	44.416682	26.155531	Al. Odobeşti 11 Bloc T 1 A, Sector 3
17531	44.40749	26.173648	Str. Pazon Marin 2 B Grădinita Greeraşu, Sector 3
17532	44.42882	26.173344	Str. Vasile Goldiş ,,Baraj Rovinari’’ 1 A CASA MAXX, Sector 3
17533	44.428925	26.111184	Str. Julius Barach 15 Teatrul Evreiesc, Sector 3
17534	44.436152	26.163315	Bd. Basarabia 171 S.C. Stiteh S.A., Sector 3
17535	44.429851	26.18523	Bd. Basarabia 250 S.C. Faur S.A., Sector 3
17536	44.439468	26.193655	Str. Dudeşti - Pantelimon 44 S.C. Antilopa S.A., Sector 3
17537	44.405658	26.152488	Str. Releului 2 ÷ 4 Cet – Sud Elcen, Sector 3
17538	44.421348	26.132089	Calea Dudeşti 184 Depoul R.A.T.B., Sector 3
17539	44.431493	26.097444	Calea Victoriei 12 Muzeul National de Istorie a Romaniei, Sector 3
17540	44.37927	26.105035	Al. Uioara 4A Bloc 4 bis, sc. B, Sector 3
17541	44.382879	26.103842	Al. Uioara 12A Bloc 12 bis, sc. B, Sector 3
17542	44.381961	26.105136	Al. Cetatea Veche 2A Bloc 2bis, sc.B, Sector 4
17543	44.381932	26.105168	Al. Cetatea Veche 2A Bloc 2bis,sc.D, Sector 4
17544	44.380994	26.104959	Al. Cetatea Veche 2B Bloc 3bis, sc.B, Sector 4
17545	44.386527	26.099892	Al. Dolina 2 Bloc 64, sc.2, Sector 4
17546	44.386825	26.099573	Al. Dolina 2 Bloc 64, sc.4, Sector 4
17547	44.387058	26.099483	Al. Dolina 4 Bloc 68, sc.4, Sector 4
17548	44.384627	26.098729	Al. Moldoveni 8 Bloc 55, sc.6, Sector 4
17549	44.384534	26.09902	Al. Moldoveni 8 Bloc 55, sc.8, Sector 4
17550	44.384458	26.099416	Al. Moldoveni 8 Bloc 55, sc.10, Sector 4
17551	44.361662	26.114867	Al. Mirea Mioara Luiza 2A Bloc N20, sc. 1, Sector 4
17552	44.390806	26.112758	Al. Urucu n Adrian 4 Bloc N17, sc.5, Sector 4
17553	44.390241	26.110925	Al.Cricovul Dulce 1 Bloc N16, sc.3, Sector 4
17554	44.379574	26.09295	Al. Calinesti 1 Bloc 81,sc.4, Sector 4
17555	44.380852	26.093869	Al. Calinesti 2 Bloc 14, sc.6, Sector 4
17556	44.38007	26.093546	Al. Calinesti 6 Bloc 12, sc.2, Sector 4
17557	44.380056	26.093969	Al. Calinesti 8 Bloc 11, sc.4, Sector 4
17558	44.379813	26.094278	Al. Calinesti 10 Bloc 15, sc.6, Sector 4
17559	44.386512	26.109568	Al.Tebea 2A Bloc 102, sc.2, Sector 4
17560	44.386505	26.109599	Al. Tebea 2 Bloc 103, sc.2, Sector 4
17561	44.386854	26.109596	Al. Tebea 2 Bloc 103, sc.4, Sector 4
17562	44.388484	26.117456	Bd. Alex. Obregia 2A Bloc 2A, sc.1, Sector 4
17563	44.386902	26.116509	Bd. Alex. Obregia 6 Bloc M1, sc.1, Sector 4
17564	44.386738	26.116404	Bd. Alex. Obregia 6 Bloc M1, sc.2, Sector 4
17565	44.386613	26.116276	Bd. Alex. Obregia 6 Bloc M1, sc.3, Sector 4
17566	44.386391	26.116184	Bd. Alex. Obregia 6 Bloc M1, sc.4, Sector 4
17567	44.386191	26.115988	Bd. Alex. Obregia 8 Bloc OD2, sc.1, Sector 4
17568	44.385238	26.115495	Bd. Alex. Obregia 8 Bloc OD2, sc.5, Sector 4
17569	44.381955	26.116083	Bd. Alex. Obregia 31 Bloc I 5, sc.1, Sector 4
17570	44.381541	26.116483	Bd. Alex. Obregia 31 Bloc I 5, sc.3, Sector 4
17571	44.387036	26.109612	Bd. C-tin Brancovea 114 Bloc M1/1,sc.1, Sector 4
17572	44.386866	26.109623	Bd. C-tin Brancovea 114 Bloc M1/1,sc.2, Sector 4
17573	44.386691	26.109648	Bd. C-tin Brancovea 114 Bloc M1/1,sc.3, Sector 4
17574	44.386553	26.109662	Bd. C-tin Brancovea 114 Bloc M1/1,sc.4, Sector 4
17575	44.386338	26.109663	Bd. C-tin Brancovea 114 Bloc M1/1,sc.5, Sector 4
17576	44.385258	26.109549	Bd. C-tin Brancovea 116 Bloc M2/3, sc.2, Sector 4
17577	44.385504	26.109616	Bd. C-tin Brancovea 116 Bloc M2/3, sc.3, Sector 4
17578	44.385678	26.109606	Bd. C-tin Brancovea 116 Bloc M2/3, sc.4, Sector 4
17579	44.384528	26.109399	Bd. C-tin Brancovea 118 Bloc M2/4, sc.1, Sector 4
17580	44.384293	26.109422	Bd. C-tin Brancovea 118 Bloc M2/4, sc.2, Sector 4
17581	44.384062	26.109432	Bd. C-tin Brancovea 118 Bloc M2/4, sc.3, Sector 4
17582	44.383834	26.109438	Bd. C-tin Brancovea 118 Bloc M2/4, sc.4, Sector 4
17583	44.383601	26.109412	Bd. C-tin Brancovea 118 Bloc M2/4, sc.5, Sector 4
17584	44.386851	26.096458	Str. Drumul Gazarului 26A Bloc 50, sc.4, Sector 4
17585	44.387396	26.092685	Sos. Giurgiului 121 Bloc 5, sc.1, Sector 4
17586	44.387396	26.092685	Sos. Giurgiului 121 Bloc 5, sc.2, Sector 4
17587	44.387396	26.092685	Sos. Giurgiului 121 Bloc 5, sc.3, Sector 4
17588	44.387396	26.092685	Sos. Giurgiului 121 Bloc 5, sc.4, Sector 4
17589	44.386761	26.092594	Sos. Giurgiului 123 Bloc 4B, sc. 1, Sector 4
17590	44.386815	26.092643	Sos. Giurgiului 123 Bloc 4B, sc. 2, Sector 4
17591	44.386894	26.092661	Sos. Giurgiului 123 Bloc 4B, sc. 3, Sector 4
17592	44.387231	26.092575	Sos. Giurgiului 123 Bloc 4B, sc. 4, Sector 4
17593	44.387464	26.092624	Sos. Giurgiului 123 Bloc 4B, sc. 5, Sector 4
17594	44.387551	26.092626	Sos. Giurgiului 123 Bloc 4B, sc. 6, Sector 4
17595	44.380343	26.092671	Sos. Giurgiului 131 Bloc 1, sc.1, Sector 4
17596	44.380435	26.092714	Sos. Giurgiului 131 Bloc 1, sc.2, Sector 4
17597	44.380279	26.092683	Sos. Giurgiului 131 Bloc 1, sc.3, Sector 4
17598	44.380401	26.092699	Sos. Giurgiului 131 Bloc 1, sc.4, Sector 4
17599	44.380451	26.09277	Sos. Giurgiului 131 Bloc 1, sc.5, Sector 4
17600	44.380576	26.092774	Sos. Giurgiului 131 Bloc 1, sc.6, Sector 4
17601	44.381838	26.092776	Sos. Giurgiului 129 Bloc 2A, sc.2, Sector 4
17602	44.381819	26.092786	Sos. Giurgiului 129 Bloc 2A, sc.3, Sector 4
17603	44.381782	26.09279	Sos. Giurgiului 129 Bloc 2A, sc.4, Sector 4
17604	44.381916	26.092724	Sos. Giurgiului 129 Bloc 2A, sc.5, Sector 4
17605	44.38114	26.092798	Sos. Giurgiului 129 Bloc 2A, sc.6, Sector 4
17606	44.382401	26.104114	Str. Cetatea Veche 2A Bloc 5,sc.B, Sector 4
17607	44.38247	26.10419	Str. Cetatea Veche 2A Bloc 5,sc.D, Sector 4
17608	44.381996	26.105107	Str. Cetatea Veche 6 Bloc 2bis, sc.2, Sector 4
17609	44.391484	26.11424	Str. Erou Diana Donea Alexandra 4 Bloc N18, sc. 5, Sector 4
17610	44.384197	26.096257	Str. Gradistea 10 Bloc 101,sc.2, Sector 4
17611	44.384265	26.096253	Str. Gradistea 10 Bloc 101,sc.4, Sector 4
17612	44.384126	26.096232	Str. Gradistea 10 Bloc 101,sc.6, Sector 4
17613	44.383687	26.094211	Str. Gradistea 17 Bloc 87, Sector 4
17614	44.383596	26.093979	Str. Gradistea 19 Bloc 86, sc. 4, Sector 4
17615	44.382292	26.108574	Str. Huedin 6 Bloc M1/2, sc. A, Sector 4
17616	44.382258	26.108556	Str. Huedin 6 Bloc M1/2, sc. B, Sector 4
17617	44.382283	26.108506	Str. Huedin 6 Bloc M1/2, sc. C, Sector 4
17618	44.383849	26.105911	Str. Izvorul Mureșului 10 Bloc 10, sc. 2, Sector 4
17619	44.3838	26.105905	Str. Izvorul Mureșului 10 Bloc 10, sc. 6, Sector 4
17620	44.379467	26.107792	Str. Izvorul Oltului 4 Bloc 4, sc. 2, Sector 4
17621	44.379439	26.107753	Str. Izvorul Oltului 4 Bloc 4, sc. 4, Sector 4
17622	44.379467	26.107833	Str. Izvorul Oltului 4 Bloc 4, sc. 6, Sector 4
17623	44.387794	26.1085	Str. Izvorul Rece Bloc M1/1, sc. 8, Sector 4
17624	44.387799	26.108501	Str. Izvorul Rece Bloc M1/1, sc. 9, Sector 4
17625	44.387777	26.10856	Str. Izvorul Rece Bloc M1/1, sc. 10, Sector 4
17626	44.38783	26.108481	Str. Izvorul Rece Bloc M1/1, sc. 11, Sector 4
17627	44.387805	26.108534	Str. Izvorul Rece Bloc M1/1, sc. 12, Sector 4
17628	44.380733	26.108232	Str. Lamotești 2 Bloc 11A, sc 1, Sector 4
17629	44.380798	26.108287	Str. Lamotești 2 Bloc 11A, sc 2, Sector 4
17630	44.381872	26.108188	Str. Lamotești 4 Bloc 11A, sc 1, Sector 4
17631	44.38177	26.108198	Str. Lamotești 4 Bloc 11A, sc 2, Sector 4
17632	44.386432	26.09645	Str. Râul Șoimului 9 Bloc 49A, sc 2, Sector 4
17633	44.383608	26.100482	Str. Reșița 17 Bloc 49, sc 1, Sector 4
17634	44.384255	26.100283	Str. Reșița 21 Bloc 50, sc 2, Sector 4
17635	44.384513	26.100572	Str. Reșița 25-27 Bloc 51, sc 1, Sector 4
17636	44.384422	26.096349	Str. Spinis 7 Bloc 45, sc 2, Sector 4
17637	44.384422	26.096349	Str. Spinis 7 Bloc 45, sc 4, Sector 4
17638	44.384422	26.096349	Str. Spinis 7 Bloc 45, sc 6, Sector 4
17639	44.384268	26.098169	Str. Spinis 9 Bloc 52, sc 2, Sector 4
17640	44.384308	26.098149	Str. Spinis 9 Bloc 52, sc 4, Sector 4
17641	44.384138	26.098434	Str. Spinis 11 Bloc 53, sc 2, Sector 4
17642	44.384226	26.098524	Str. Spinis 11 Bloc 53, sc 4, sector 4
17643	44.383833	26.098198	Str. Spinis 13 Bloc 54, sc. 2, Sector 4
17644	44.38544	26.094644	Str. Spinis 5 Bloc 48, sc.B, Sector 4
17645	44.384606	26.094152	Str. Spinis 8 Bloc 43, sc.D, Sector 4
17646	44.385951	26.09356	Str. Spinis 4 Bloc 104, sc.2, Sector 4
17647	44.386328	26.093558	Str. Spinis 2 Bloc 105, sc.6, Sector 4
17648	44.386683	26.099384	Str. Traja 5 Bloc 63, sc. 2, Sector 4
17649	44.386645	26.099358	Str. Traja 5 Bloc 63, sc. 4, Sector 4
17650	44.385592	26.100584	Str. Traja 7 Bloc 69, sc. 2, Sector 4
17651	44.385315	26.101265	Str. Traja 11 Bloc 65, sc. 4, Sector 4
17652	44.385303	26.101262	Str. Traja 13 Bloc 66, sc. 4, Sector 4
17653	44.384921	26.100781	Str. Traja 12 Bloc 52, sc. 1, Sector 4
17654	44.386023	26.093207	Str. Tatulesti 1 Bloc 103 , sc.2, Sector 4
17655	44.384987	26.094261	Str. Tatulesti 3 Bloc 44, sc.6, Sector 4
17656	44.34389	26.093839	Str. Tatulesti 5 Bloc 100A, sc.D, Sector 4
17657	44.384451	26.093921	Str. Tatulesti 5 Bloc 100B, sc.F, Sector 4
17658	44.383251	26.05934	Str. Tatulesti 9 Bloc 85, sc.B, Sector 4
17659	44.383221	26.093349	Str. Tatulesti 11 Bloc 20, sc.2, Sector 4
17660	44.381945	26.093318	Str. Tatulesti 13 Bloc 18, sc.2, Sector 4
17661	44.382091	26.093751	Str. Tatulesti 15 Bloc 84, sc.D, Sector 4
17662	44.381844	26.09372	Str. Tatulesti 17 Bloc 83, sc.2, Sector 4
17663	44.38158	26.093327	Str. Tatulesti 19 Bloc 82, sc.4, Sector 4
17664	44.412023	26.109846	Str. Trestiana 1A Bloc 8A,sc.A, Sector 4
17665	44.4135	26.106583	Str. Trestiana 1A Bloc 8A,sc.B, Sector 4
17666	44.413463	26.10651	Str. Trestiana 1A Bloc 8A,sc.C, Sector 4
17667	44.413174	26.106972	Str. Trestiana 3 Bloc 8B,sc.A, Sector 4
17668	44.41262	26.107614	Str. Trestiana 3 Bloc 8B,sc.B, Sector 4
17669	44.412713	26.107492	Str. Trestiana 5 Bloc 9,sc.A, Sector 4
17670	44.412751	26.107536	Str. Trestiana 5 Bloc 9,sc.B, Sector 4
17671	44.412597	26.107974	Str. Trestiana 7 Bloc 10,sc.A,ap.1, Sector 4
17672	44.412571	26.10792	Str. Trestiana 7 Bloc 10,sc.B(2) ,ap.68, Sector 4
17673	44.412391	26.108413	Str. Trestiana 9 Bloc 11,sc.A, Sector 4
17674	44.412104	26.109031	Str. Trestiana 11 Bloc 14,sc.A, Sector 4
17675	44.412068	26.109035	Str. Trestiana 11 Bloc 14 ,sc.B, Sector 4
17676	44.411995	26.108968	Str. Trestiana 13 Bloc 15,sc.A, Sector 4
17677	44.37949	26.10307	Str. Uioara 3 Bloc M2, sc.1, Sector 4
17678	44.379815	26.103082	Str. Uioara 3 Bloc M2, sc.2, Sector 4
17679	44.379762	26.103012	Str. Uioara 3 Bloc M2, sc.3, Sector 4
17680	44.37978	26.103087	Str. Uioara 3 Bloc M2, sc.4, Sector 4
17681	44.379916	26.103085	Str. Uioara 3 Bloc M2, sc.5, Sector 4
17682	44.379301	26.103069	Str. Uioara 3 Bloc M2, sc.6, Sector 4
17683	44.379262	26.103064	Str. Uioara 3 Bloc M2, sc.7, Sector 4
17684	44.382799	26.113769	Str. Vatra Dornei 11 Bloc 18B+C,sc.1, Sector 4
17685	44.38275	26.113942	Str. Vatra Dornei 11 Bloc 18B+C,sc.2, Sector 4
17686	44.382682	26.113886	Str. Vatra Dornei 11 Bloc 18B+C,sc.3, Sector 4
17687	44.384678	26.097974	Str.Almasul Mare 12 Bloc 51, sc.2, Sector 4
17688	44.384737	26.098129	Str.Almasul Mare 12 Bloc 51, sc.4, Sector 4
17689	44.384648	26.098054	Str.Almasul Mare 12 Bloc 51, sc.6, Sector 4
17690	44.378814	26.096915	Str.Luica 17A Bloc 106, sc.1, Sector 4
17691	44.37889	26.096296	Str.Luica 17A Bloc 106, sc.2, Sector 4
17692	44.383334	26.127905	Str.Moldovita 9 Bloc1, sc.2, Sector 4
17693	44.3833	26.127968	Str.Moldovita 9 Bloc1, sc.4, Sector 4
17694	44.38319	26.127984	Str.Moldovita 9 Bloc1, sc.6, Sector 4
17695	44.383125	26.12805	Str.Moldovita 9 Bloc1, sc.8, Sector 4
17696	44.382655	26.128614	Str.Moldovita 13 Bloc 5, sc.2, Sector 4
17697	44.38317	26.128207	Str.Moldovita 11 Bloc 3, sc.2, Sector 4
17698	44.383235	26.128267	Str.Moldovita 11 Bloc 3, sc.4, Sector 4
17699	44.383225	26.128351	Str.Moldovita 11 Bloc 3, sc.6, Sector 4
17700	44.401541	26.055212	Al. Ghimes 2 BL.24 SC.1+2, Sector 5
17701	44.401633	26.054883	Al. Ghimes 4 BL.23 SC.4, Sector 5
17702	44.40151	26.054268	Al. Ghimes 6 BL. 25 SC.2, Sector 5
17703	44.401235	26.05378	Al. Ghimes 8 BL. 28 SC.2, Sector 5
17704	44.400957	26.052952	Al. Ghimes 10 BL. 29 SC.1+2, Sector 5
17705	44.400556	26.052403	Al. Posa 6 BL. 32 SC.B, Sector 5
17706	44.400692	26.05277	Al. Posa 8 BL. 31 SC.B, Sector 5
17707	44.407361	26.064962	Calea Rahovei 356 BL.16 SC. 1, Sector 5
17708	44.407385	26.065045	Calea Rahovei 356 BL. 16 SC. 2, Sector 5
17709	44.409815	26.068348	Calea Rahovei 338 BL .37 SC.1, Sector 5
17710	44.408454	26.067448	Calea Rahovei 321 BL. 28 SC. D, Sector 5
17711	44.408432	26.06744	Calea Rahovei 321 BL .28 SC. B, Sector 5
17712	44.384794	26.083142	Str.Baciului 4 BL .9 SC.4, Sector 5
17713	44.384792	26.083066	Str.Baciului 4 BL .9 SC.5, Sector 5
17714	44.403774	26.059695	Str.Garoafei 2 BL. 5 SC.B, Sector 5
17715	44.403303	26.058968	Str.Garoafei 6 BL. 7 SC D, Sector 5
17716	44.402313	26.059442	Str.Garoafei 10 BL. 8 SC.D, Sector 5
17717	44.427974	26.067747	Str.PANDURI 60-62 BL. D SC. 3, Sector 5
17718	44.393015	26.081857	Str.Prel. Ferentari 52-60 BL. A SC.3, Sector 5
17719	44.391738	26.081768	Str.Prel. Ferentari 52-60 BL .B SC.3, Sector 5
17720	44.404476	26.061809	Str.Pucheni 2 BL. 2 SC. D, Sector 5
17721	44.404532	26.061825	Str.Pucheni 2 BL.2 SC. F, Sector 5
17722	44.403127	26.062138	Str.Pucheni 4 BL. 3 SC. F, Sector 5
17723	44.412297	26.070714	Str.Sg. Major Gheorghe Iorga 3 BL.59 A SC.1, Sector 5
17724	44.412196	26.07063	Str.Sg. Major Gheorghe Iorga 1 BL.59 B SC.2, Sector 5
17725	44.402486	26.05693	Str.Teius 1 BL. 10 SC.D, Sector 5
17726	44.393925	26.09205	Str.Verigei 6 BL. 2 SC.1, Sector 5
17727	44.39389	26.092015	Str.Verigei 6 BL .2 SC.3, Sector 5
17728	44.39383	26.091854	Str.Verigei 6 BL.2 SC. 4, Sector 5
17729	44.402224	26.056842	Str.Verigei 3 BL. 1 SC.1, Sector 5
17730	44.393726	26.092198	Str.Verigei 3 BL. 1 SC. 2, Sector 5
17731	44.393589	26.091797	Str.Verigei 3 BL. 1 SC. 3, Sector 5
17732	44.403491	26.05877	Şos.Alexandriei 9 BL. 4 SC.D, Sector 5
17733	44.403074	26.057726	Şos.Alexandriei 11 BL. C 11 SC.1, Sector 5
17734	44.402049	26.054887	Şos.Alexandriei 15 BL.22 SC.4, Sector 5
17735	44.401305	26.052936	Şos.Alexandriei 17 BL.26 SC.2, Sector 5
17736	44.400779	26.051727	Şos.Alexandriei 19 BL.30 SC.D, Sector 5
17737	44.400786	26.051702	Şos.Alexandriei 19 BL.30 SC.F, Sector 5
17738	44.403664	26.05764	Şos.Alexandriei 78 BL. PC 9 SC.1, Sector 5
17739	44.403041	26.056175	Şos.Alexandriei 88 BL. PC 10 SC.1, Sector 5
17740	44.403059	26.056061	Şos.Alexandriei 90 BL. L 25 SC.1, Sector 5
17741	44.402887	26.055594	Şos.Alexandriei 92 BL. L 26 SC.1, Sector 5
17742	44.402581	26.054751	Şos.Alexandriei 96 BL. PC 12 SC.1, Sector 5
17743	44.402462	26.054531	Şos.Alexandriei 98 BL. L 27 SC.1, Sector 5
17744	44.402445	26.054242	Şos.Alexandriei 100 BL. L 28 SC.1, Sector 5
17745	44.402135	26.05387	Şos.Alexandriei 102 BL. L 29 SC.1, Sector 5
17746	44.418471	26.079459	Bd.Tudor Vladimirescu 22 One Credit Development, Sector 5
17747	44.419154	26.079543	Bd.Tudor Vladimirescu 22 Green Gate Development, Sector 5
17748	44.430136	26.082712	Str. Izvor 80 Birouri, Sector 5
17749	44.415772	26.075583	Calea Rahovei 266-268 Electromagnetica, Sector 5
17750	44.406097	26.077744	Intr. Ferentari A 72 Bloc 4 A Camin, Sector 5
17751	44.410856	26.080282	Str. Doina 9 DUAL-MAN, Sector 5
17752	44.415769	26.089962	Str. Fabrica de Chibrituri 28 CNPR Sucursala Fabrica Timbre, Sector 5
17753	44.437101	26.039682	Al. Arieşul Mare 1 Bl. 34, sc.2, Sector 6
17754	44.437934	26.038783	Al. Arieşul Mare 3 Bl. 33, sc.1, Sector 6
17755	44.419958	26.018665	Al. Băiuţ 4 Bl. C7Bis,sc.1, Sector 6
17756	44.419838	26.018728	Al. Băiuţ 4 Bl. C7Bis,sc.2, Sector 6
17757	44.419665	26.018637	Al. Băiuţ 4 Bl.C7Bis, sc.3, Sector 6
17758	44.418655	26.017531	Al. Băiuţ 9A Bl. C36, sc.1, Sector 6
17759	44.418564	26.017498	Al. Băiuţ 9A Bl. C36, sc.2, Sector 6
17760	44.418625	26.017533	Al. Băiuţ 9A Bl. C36, sc.3, Sector 6
17761	44.422127	26.020143	Al. Câmpul cu Flori 2A Bl. C17B, sc.A, Sector 6
17762	44.422559	26.020445	Al. Câmpul cu Flori 2A Bl. C17B, sc.B, Sector 6
17763	44.422614	26.020455	Al. Câmpul cu Flori 2B Bl. C17A, sc.A, Sector 6
17764	44.422632	26.020557	Al. Câmpul cu Flori 2B Bl. C17A, sc.B, Sector 6
17765	44.435046	26.038461	Al. Cetăţuia 1 Bl. M 21, sc.1, Sector 6
17766	44.435513	26.038524	Al. Cetăţuia 1 Bl. M 21, sc.2, Sector 6
17767	44.435564	26.03843	Al. Cetăţuia 1 Bl. M 21, sc.3, Sector 6
17768	44.435389	26.038585	Al. Cetăţuia 1 Bl. M 21, sc.4, Sector 6
17769	44.435335	26.038463	Al. Cetăţuia 1 Bl. M 21, sc.5, Sector 6
17770	44.435361	26.038395	Al. Cetăţuia 1 Bl. M 21, sc.6, Sector 6
17771	44.435061	26.038515	Al. Cetăţuia 1 Bl. M 21, sc.7, Sector 6
17772	44.435455	26.037907	Al. Cetăţuia 4 Bl. M22,sc.1, Sector 6
17773	44.435352	26.038037	Al. Cetăţuia 4 Bl. M22, sc.2, Sector 6
17774	44.435411	26.037961	Al. Cetăţuia 4 Bl. M22, sc.3, Sector 6
17775	44.435455	26.038041	Al. Cetăţuia 4 Bl. M22, sc.4, Sector 6
17776	44.435384	26.037951	Al. Cetăţuia 4 Bl. M 22, sc.5, Sector 6
17777	44.435336	26.037964	Al. Cetăţuia 4 Bl. M 22, sc.6, Sector 6
17778	44.435621	26.037953	Al. Cetăţuia 4 Bl. M 22, sc.7, Sector 6
17779	44.435283	26.036914	Al. Cetăţuia 8 Bl. M 23, sc.1, Sector 6
17780	44.435188	26.036897	Al. Cetăţuia 8 Bl. M 23, sc.2, Sector 6
17781	44.420176	26.043102	Al. Compozitorilor 6A Bl. 822, sc.1, Sector 6
17782	44.420211	26.042962	Al. Compozitorilor 6A Bl. 822, sc.2, Sector 6
17783	44.420103	26.042791	Al. Compozitorilor 6A Bl. 822, sc.3, Sector 6
17784	44.42128	26.045701	Al. Obcina Mică 5 Bl. A5, sc.4, Sector 6
17785	44.421246	26.045178	Al. Obcina Mică 7 Bl. A4, sc.D, Sector 6
17786	44.41861	26.016913	Al. Parva 6 Bl. C37, sc.1, Sector 6
17787	44.418499	26.016608	Al. Parva 6 Bl. C37, sc.2, Sector 6
17788	44.41869	26.01695	Al. Parva 6 Bl. C37, sc.3, Sector 6
17789	44.4207	26.038646	Al. Valea Prahovei 1A Bl. 825, sc.1, Sector 6
17790	44.420581	26.038623	Al. Valea Prahovei 1A Bl. 825, sc.3, Sector 6
17791	44.432955	26.026875	Al.Zorelelor 1 Bl. 43, sc.1, Sector 6
17792	44.43289	26.026912	Al.Zorelelor 1 Bl. 43, sc. 2, Sector 6
17793	44.433245	26.025408	Al.Zorelelor 3 Bl. 44, sc.A, Sector 6
17794	44.432847	26.025745	Al.Zorelelor 5 Bloc 45, Sector 6
17795	44.433407	26.02536	Al.Zorelelor 8 Bloc 9A, Sector 6
17796	44.433493	26.025211	Al.Zorelelor 8A Bl. 8A, sc.1, Sector 6
17797	44.433335	26.025289	Al.Zorelelor 8A Bl. 8A, sc.2, Sector 6
17798	44.419815	26.019466	Bd. Dr. Taberei 90 Bl. C8, sc.1, Sector 6
17799	44.419795	26.019438	Bd. Dr. Taberei 90 Bl. C8, sc.2, Sector 6
17800	44.419726	26.01946	Bd. Dr. Taberei 90 Bl. C8, sc.3, Sector 6
17801	44.41975	26.019453	Bd. Dr. Taberei 90 Bl. C8, sc.4, Sector 6
17802	44.419563	26.019535	Bd. Dr. Taberei 90 Bl. C8, sc.5, Sector 6
17803	44.419408	26.019505	Bd. Dr. Taberei 90 Bl. C8, sc.6, Sector 6
17804	44.419377	26.019559	Bd. Dr. Taberei 92 Bl. C7, sc. E, Sector 6
17805	44.419375	26.019576	Bd. Dr. Taberei 92 Bl. C7, sc.F, Sector 6
17806	44.419355	26.019632	Bd. Dr. Taberei 92 Bl. C7, sc.G, Sector 6
17807	44.419288	26.019549	Bd. Dr. Taberei 92 Bl. C7, sc.H, Sector 6
17808	44.418679	26.019723	Bd. Dr. Taberei 94 Bl. 519, Sc. B, Sector 6
17809	44.417965	26.019929	Bd. Dr. Taberei 96 Bl. 521, sc.2, Sector 6
17810	44.417696	26.020244	Bd. Dr. Taberei 96 Bl. 521, sc.6, Sector 6
17811	44.434736	26.037615	Bd. Iuliu Maniu 16 Bl. 14, sc.2, Sector 6
17812	44.434101	26.039883	Bd. Iuliu Maniu 17 Bl. 21 P, sc. 1, Sector 6
17813	44.43411	26.039957	Bd. Iuliu Maniu 17 Bl. 21 P, sc. 3, Sector 6
17814	44.434697	26.036394	Bd. Iuliu Maniu 18÷20 Bl. 15 A+B, sc. A, Sector 6
17815	44.43476	26.035435	Bd. Iuliu Maniu 18÷20 Bl. 15 A+B, sc. B, Sector 6
17816	44.434022	26.033659	Bd. Iuliu Maniu 51 Bl. 22 B, sc. B, Sector 6
17817	44.434015	26.033714	Bd. Iuliu Maniu 51 Bl. 22 B, sc. C, Sector 6
17818	44.433903	26.026368	Bd. Iuliu Maniu 59 Bl. 10 A, sc. 5, Sector 6
17819	44.433981	26.026387	Bd. Iuliu Maniu 59 Bl.10 A, sc. 6, Sector 6
17820	44.43388	26.023656	Bd. Iuliu Maniu 61 Bloc 8P, sc.2, Sector 6
17821	44.433937	26.02378	Bd. Iuliu Maniu 61 Bl.8P, sc. 4, Sector 6
17822	44.433958	26.023708	Bd. Iuliu Maniu 61 Bl.8P, sc. 5, Sector 6
17823	44.433941	26.023715	Bd. Iuliu Maniu 61 Bl.8P, sc. 6, Sector 6
17824	44.433739	26.022059	Bd. Iuliu Maniu 65 Bl.7P, sc. 3, Sector 6
17825	44.433625	26.021858	Bd. Iuliu Maniu 65 B.7P, sc. 7, Sector 6
17826	44.433647	26.021713	Bd. Iuliu Maniu 65 Bl.7P, sc. 9, Sector 6
17827	44.433778	26.019948	Bd. Iuliu Maniu 67 Bl.7P, sc.1, Sector 6
17828	44.433781	26.019942	Bd. Iuliu Maniu 67 Bl.7P, sc. 2, Sector 6
17829	44.433704	26.019878	Bd. Iuliu Maniu 67 Bl.7P, sc. 3, Sector 6
17830	44.43375	26.019931	Bd. Iuliu Maniu 67 Bl.7P, sc.4, Sector 6
17831	44.433763	26.019818	Bd. Iuliu Maniu 67 Bl.7P, sc. 5, Sector 6
17832	44.433631	26.019733	Bd. Iuliu Maniu 67 Bl.7P, sc. 6, Sector 6
17833	44.433691	26.019521	Bd. Iuliu Maniu 67 Bl.7P, sc. 7, Sector 6
17834	44.433699	26.019268	Bd. Iuliu Maniu 67 Bl.7P, sc. 8, Sector 6
17835	44.433743	26.010084	Bd. Iuliu Maniu 67 Bl.7P, sc. 9, Sector 6
17836	44.433721	26.018867	Bd. Iuliu Maniu 67 Bl.7P, sc.10, Sector 6
17837	44.433779	26.015973	Bd. Iuliu Maniu 69 Bl.5P, sc. 2, Sector 6
17838	44.433506	26.015793	Bd. Iuliu Maniu 69 Bl.5P, sc. 3, Sector 6
17839	44.433455	26.016165	Bd. Iuliu Maniu 69 Bl. 5P, sc. 4, Sector 6
17840	44.433519	26.016314	Bd. Iuliu Maniu 69 Bl. 5P, sc. 5, Sector 6
17841	44.433493	26.016455	Bd. Iuliu Maniu 69 Bl. 5P, sc. 8, Sector 6
17842	44.433687	26.014326	Bd. Iuliu Maniu 71 Bl. 4, sc. 2, Sector 6
17843	44.433644	26.01428	Bd. Iuliu Maniu 71 Bl. 4, sc. 3, Sector 6
17844	44.433601	26.014189	Bd. Iuliu Maniu 71 Bl. 4, sc. 4, Sector 6
17845	44.43361	26.0139	Bd. Iuliu Maniu 71 Bl. 4, sc. 6, Sector 6
17846	44.433825	26.012779	Bd. Iuliu Maniu 73 Bl. 3, sc. 1, Sector 6
17847	44.433743	26.01273	Bd. Iuliu Maniu 73 Bl. 3, sc. 2, Sector 6
17848	44.433709	26.012638	Bd. Iuliu Maniu 73 Bl. 3, sc. 5, Sector 6
17849	44.433738	26.012649	Bd. Iuliu Maniu 73 Bl. 3, sc. 3, Sector 6
17850	44.433621	26.012424	Bd. Iuliu Maniu 73 Bl. 3, sc. 7, Sector 6
17851	44.434441	26.018041	Bd. Iuliu Maniu 152 A Bl. K, sc. 1, Sector 6
17852	44.43426	26.013886	Bd. Iuliu Maniu 170 A Bl. H, sc. D, Sector 6
17853	44.42742	26.038668	Bd. Timişoara 37 Bl. T 10, sc.1, Sector 6
17854	44.42765	26.037928	Bd. Timişoara 39 Bl. 36, sc. A, Sector 6
17855	44.427488	26.03764	Bd. Timişoara 39 Bl. 36, sc. B, Sector 6
17856	44.427564	26.037298	Bd. Timişoara 41 Bl. 35, sc. A, Sector 6
17857	44.427442	26.037063	Bd. Timişoara 41 Bl. 35, sc. B, Sector 6
17858	44.427527	26.036374	Bd. Timişoara 43 Bl. 34, sc.1, Sector 6
17859	44.427385	26.036698	Bd. Timişoara 43 Bl. 34, sc.2, Sector 6
17860	44.42583	26.018882	Bd. Timişoara 43 A Bl. 33, sc.A, Sector 6
17861	44.426071	26.020728	Bd. Timişoara 69 Bl. C13, sc.A, Sector 6
17862	44.426059	26.020685	Bd. Timişoara 69 Bl. C13, sc.B, Sector 6
17863	44.425985	26.020542	Bd. Timisoara 69 Bl. C13, sc.C, Sector 6
17864	44.425761	26.017712	Bd. Timişoara 73 Bl. C13, sc.1, Sector 6
17865	44.425672	26.017987	Bd. Timişoara 73 Bl. C13, sc.2, Sector 6
17866	44.419602	26.049496	Bd.1 Mai 11 Bl. C1, sc.1, Sector 6
17867	44.419557	26.048945	Bd.1 Mai 13 Bl. C2, sc.1, Sector 6
17868	44.419961	26.048953	Bd.1 Mai 16 Bl. 16 S14, sc.1, Sector 6
17869	44.420031	26.048526	Bd.1 Mai 18 Bl.17S14, sc.1, Sector 6
17870	44.41926	26.0474	Bd.1 Mai 19 Bl. C 4, sc.1, Sector 6
17871	44.419243	26.04743	Bd.1 Mai 19 Bl. C 4, sc.2, Sector 6
17872	44.41917	26.046697	Bd.1 Mai 25 Bl. C 6, sc.1, Sector 6
17873	44.419192	26.0468	Bd.1 Mai 25 Bl. C 6, sc.2, Sector 6
17874	44.419059	26.04571	Bd.1 Mai 27 Bl. C 7, sc.1, Sector 6
17875	44.419044	26.045652	Bd.1 Mai 27 Bl. C 7, sc.2, Sector 6
17876	44.457475	26.054917	Calea Giuleşti 20 Bl. Z 3, Sector 6
17877	44.457705	26.05429	Calea Giuleşti 24 Bl. Z 2, Sector 6
17878	44.457896	26.053738	Calea Giuleşti 28 Bl. Z 1, Sector 6
17879	44.443498	26.067989	Calea Plevnei 141 Bl. B II,sc.1, Sector 6
17880	44.443378	26.068014	Calea Plevnei 141 Bl. B II,sc.2, Sector 6
17881	44.443258	26.068207	Calea Plevnei 141 Bl. B II,sc.3, Sector 6
17882	44.433528	26.029656	Drum Timonierului 2A Bl. 41, S-14, Sector 6
17883	44.433519	26.029089	Drum Timonierului 4A Bl. 40, S-14, Sector 6
17884	44.435155	26.011586	Str. Apusului 96 Bl. F, sc.1, Sector 6
17885	44.434952	26.011542	Str. Apusului 96 Bl. F, sc.2, Sector 6
17886	44.419501	26.023434	Str. Cetatea Histria 9 Bl. B – 14, sc. 1, Sector 6
17887	44.416527	26.030682	Str. Chilia Veche 7A Bl. B – 11, sc. 1, Sector 6
17888	44.417011	26.030673	Str. Chilia Veche 7A Bl. B – 11, sc. 2, Sector 6
17889	44.416482	26.030619	Str.Chilia Veche 7A Bl. B – 11, sc. 3, Sector 6
17890	44.416448	26.030691	Str. Chilia Veche 7A Bl. B – 11, sc.4, Sector 6
17891	44.433226	26.031981	Str. Cupolei 1 Bl. 106, sc. 1, Sector 6
17892	44.43318	26.032027	Str. Cupolei 1 Bl. 106, sc. 2, Sector 6
17893	44.433106	26.032039	Str.Cupolei 1 Bl. 106, sc. 3, Sector 6
17894	44.433398	26.031239	Str.Cupolei 2 Bl. 105, sc.A, Sector 6
17895	44.433144	26.031301	Str.Cupolei 2 Bl. 105, sc.C, Sector 6
17896	44.432972	26.031275	Str. Cupolei 2 Bl. 105, sc.E, Sector 6
17897	44.422105	26.026871	Str.Delineşti 1 Bl. B – 35,sc. 6, Sector 6
17898	44.435002	26.035668	Str. Fabricii 2 Bl. 15 C bis, Sector 6
17899	44.434917	26.03561	Str. Fabricii 2B-A Bl. 15 D, sc. A, Sector 6
17900	44.434732	26.035621	Str. Fabricii 2B-A Bl. 15 D, sc. B, Sector 6
17901	44.435168	26.036239	Str. Fabricii 4A4 Bl. 15, sc. A, Sector 6
17902	44.435219	26.036301	Str. Fabricii 4A4 Bl. 15, sc. B, Sector 6
17903	44.436131	26.036373	Str. Fabricii 6 Bl. 25 / 3,sc. A, Sector 6
17904	44.43626	26.036408	Str. Fabricii 6 Bl. 25 / 3,sc. B, Sector 6
17905	44.417051	26.048795	Str. Serg. Gheorghe Lăţea 2 Bl. C58, sc.1, Sector 6
17906	44.432762	26.033594	Str. Lujerului 2 Bl. 22C, sc. A, Sector 6
17907	44.422108	26.045616	Str. Obcina Mare 5 Bl. A3, sc. 4, Sector 6
17908	44.435609	26.032379	Str. Partizanilor 1 Bl. M 11, sc. 3, Sector 6
17909	44.431701	26.989111	Str. Preciziei 14 Bl. 1 P, sc. 2, Sector 6
17910	44.412687	26.020971	Str. Prel. Ghencea 28 Bl. C 5, sc.1, Sector 6
17911	44.412842	26.021352	Str. Prel. Ghencea 28 Bl. C 5, sc. 2, Sector 6
17912	44.412773	26.021388	Str. Prel. Ghencea 28 Bloc C 5,sc. 3, Sector 6
17913	44.412791	26.02154	Str. Prel. Ghencea 28 Bl. C 5,sc. 4, Sector 6
17914	44.412743	26.021788	Str. Prel. Ghencea 28 Bl. C 5,sc. 5, Sector 6
17915	44.431284	26.024593	Str. Răsăritului 2 Bl. M 9, Sector 6
17916	44.426242	26.024233	Str. Romancierilor 5 Bloc C14, sc A, Sector 6
17917	44.426186	26.024224	Str. Romancierilor 5 Bloc C14, sc B, Sector 6
17918	44.42298	26.047776	Str. Sibiu 13 Bl. Z18, Sector 6
17919	44.42274	26.04821	Str. Sibiu 15 Bl. Z 8, Sector 6
17920	44.422676	26.047698	Str. Sibiu 17 Bl. Z 5, Sector 6
17921	44.422494	26.047985	Str. Sibiu 19 Bl. Z 6, Sector 6
17922	44.422252	26.04781	Str. Sibiu 21 Bl. Z 7, Sector 6
17923	44.421594	26.048656	Str. Sibiu 29 Bl. Z 9, Sector 6
17924	44.421333	26.048439	Str. Sibiu 31 Bl. Z 10, Sector 6
17925	44.421148	26.048772	Str. Sibiu 33 Bl. Z 11, Sector 6
17926	44.4211	26.048118	Str. Sibiu 35 Bl. Z 12, Sector 6
17927	44.420962	26.048422	Str. Sibiu 37 Bl. Z 13, Sector 6
17928	44.420706	26.048278	Str. Sibiu 39 Bl. Z 14, Sector 6
17929	44.420364	26.048765	Str. Sibiu 41 Bl. 15 S – 14, Sector 6
17930	44.421283	26.028436	Str. Tg. Neamţ 2A Bl. B–31, sc. B, Sector 6
17931	44.419197	26.026758	Str. Tg. Neamţ 14A Bl. B-37, sc. 6, Sector 6
17932	44.417108	26.020419	Str. Valea Argeşului 2 Bl. 522, sc. 1, Sector 6
17933	44.415723	26.017267	Str. Valea Argeşului 5 Bl. C–1, Sc. A, Sector 6
17934	44.415727	26.017294	Str. Valea Argeşului 5 Bl. C–1, Sc. B, Sector 6
17935	44.415737	26.017426	Str. Valea Argeşului 5 Bl. C–1, Sc. C, Sector 6
17936	44.415705	26.017536	Str. Valea Argeşului 5 Bl. C–1, Sc. D, Sector 6
17937	44.420945	26.019138	Str. Valea Ialomiţei 1A Bl. C18 A, sc. 1, Sector 6
17938	44.420929	26.019236	Str. Valea Ialomiţei 1A Bl. C18 A, sc. 2, Sector 6
17939	44.420762	26.019332	Str. Valea Ialomiţei 1A Bl. C18 A, sc. 3, Sector 6
17940	44.421646	26.01732	Str. Valea Ialomiţei 4 Bl. C – 11, sc. 1, Sector 6
17941	44.421831	26.017671	Str. Valea Ialomiţei 4 Bl. C – 11, sc. 2, Sector 6
17942	44.421715	26.017749	Str. Valea Ialomiţei 4 Bl. C – 11, sc. 3, Sector 6
17943	44.42166	26.017829	Str. Valea Ialomiţei 4 Bl. C – 11,sc. 4, Sector 6
17944	44.418185	26.013954	Str. Valea Oltului 12 Bl. C – 9, sc. A, Sector 6
17945	44.418109	26.013967	Str. Valea Oltului 12 Bl. C – 9, sc. B, Sector 6
17946	44.417919	26.014049	Str. Valea Oltului 12 Bl. C – 9, sc. C, Sector 6
17947	44.415372	26.032454	Str. Valea Roşie 2 Bl.60, sc. D, Sector 6
17948	44.415376	26.032792	Str. Valea Roşie 4 Bl.6, sc. D, Sector 6
17949	44.415433	26.033118	Str. Valea Roşie 6 Bl.62, sc. D, Sector 6
17950	44.416435	26.033843	Str. Valea Călugarească 2 Bl. 8, sc. D, Sector 6
17951	44.416322	26.033234	Str. Valea Călugarească 4 Bl. 5, sc. D, Sector 6
17952	44.417057	26.032445	Str. Valea Călugarească 8 Bl. 7, sc. D, Sector 6
17953	44.416516	26.032219	Str. Valea Călugarească 10 Bl. 4, sc. D, Sector 6
17954	44.416589	26.031642	Str. Valea Călugarească 12 Bl. 3, Sc. D, Sector 6
17955	44.416528	26.031477	Str. Valea Călugarească 14 Bl. 2, sc. D, Sector 6
17956	44.419473	26.010473	Al. Coloana INFINITULUI 9 Bl. W, Sc.1, Sector 6
17957	44.419539	26.010492	Al. Coloana INFINITULUI 9 Bl. W, Sc. 2, Sector 6
17958	44.419408	26.010451	Al. Coloana INFINITULUI 10 Bl. T, Sc.1, Sector 6
17959	44.419136	26.010593	Al. Coloana INFINITULUI 10 Bl. T, Sc.2, Sector 6
17960	44.419389	26.010389	Al. Coloana INFINITULUI 11 Bl. V, Sc.1, Sector 6
17961	44.419339	26.010464	Al. Coloana INFINITULUI 11 Bl. V, Sc.2, Sector 6
17962	44.420598	26.012279	Al. Masa TĂCERII 2 Bl. A, Sc. 1, Sector 6
17963	44.420327	26.012689	Al. Masa TĂCERII 2 Bl. A, Sc. 2, Sector 6
17964	44.419959	26.009532	Al. Masa TĂCERII 1 Bl. D, Sc. 1, Sector 6
17965	44.420067	26.009489	Al. Masa TĂCERII 1 Bl. D, Sc. 2, Sector 6
17966	44.420486	26.011531	Al. Masa TĂCERII 4 Bl. B, Sc. 1, Sector 6
17967	44.420644	26.011282	Al. Masa TĂCERII 4 Bl. B, Sc. 2, Sector 6
17968	44.419611	26.00967	Al. Poarta SĂRUTULUI 2 Bl. I, Sc. 1, Sector 6
17969	44.419453	26.010166	Al. Poarta SĂRUTULUI 2 Bl. I, Sc. 1 a, Sector 6
17970	44.419564	26.010284	Al. Poarta SĂRUTULUI 2 Bl. I, Sc. 2, Sector 6
17971	44.419556	26.010915	Al. Poarta SĂRUTULUI 2 Bl. I, Sc. 2 a, Sector 6
17972	44.419946	26.009432	Al. Poarta SĂRUTULUI 1 Bl. L,sc. 1, Sector 6
17973	44.420323	26.009437	Al. Poarta SĂRUTULUI 1 Bl. L, sc.1a, Sector 6
17974	44.420254	26.009275	Al. Poarta SĂRUTULUI 1 Bl. L, sc. 2, Sector 6
17975	44.419582	26.010272	Al. Poarta SĂRUTULUI 1 Bl. L, sc.2 a, Sector 6
17976	44.420634	26.012316	Al. Masa TĂCERII 5 Bl. S, sc.1, Sector 6
17977	44.420598	26.012336	AL. Masa TĂCERII 5 Bl. S, sc. 2, Sector 6
17978	44.420401	26.0115	Al. Masa TĂCERII 6 Bl. O, sc. 1, Sector 6
17979	44.420224	26.00843	Al. Masa TĂCERII 6 Bl. O, sc. 2, Sector 6
17980	44.420157	26.007538	Al. Masa TĂCERII 8 Bl. P, sc. 1, Sector 6
17981	44.420136	26.007527	Al. Masa TĂCERII 8 Bl, P, sc. 2, Sector 6
17982	44.419764	26.009603	Al. Masa TĂCERII 7 Bl. R, sc.1, Sector 6
17983	44.419685	26.009303	Al. Masa TĂCERII 7 Bl. R, sc. 2, Sector 6
17984	44.419436	26.010546	Al. Coloana INFINITULUI 12 Bl. U, sc. 1, Sector 6
17985	44.419354	26.010463	Al. Coloana INFINITULUI 12 Bl. U, Sc.2, Sector 6
17986	44.419741	26.009599	Al. Masa TĂCERII 3 Bl. C, sc.1, Sector 6
17987	44.419684	26.009542	Al. Masa TĂCERII 3 Bl. C, sc.2, Sector 6
17988	44.420061	26.009457	Al. Masa TĂCERII 1 Bl. H, sc. 1, Sector 6
17989	44.42005	26.009488	Al. Masa TĂCERII 1 Bl. H, sc. 2, Sector 6
17990	44.419631	26.009473	Al. Masa TĂCERII 2 Bl. E, sc. 1, Sector 6
17991	44.419541	26.009451	Al. Masa TĂCERII 2 Bl. E, Sc. 2, Sector 6
17992	44.419673	26.009438	Al. Masa TĂCERII 3 Bl. G, sc. 1, Sector 6
17993	44.419737	26.00949	Al. Masa TĂCERII 3 Bl. G, sc. 2, Sector 6
17994	44.420296	26.011355	Al. Masa TĂCERII 4 Bl. F, sc. 1, Sector 6
17995	44.420363	26.011485	Al. Masa TĂCERII 4 Bl. F, Sc. 2, Sector 6
17996	44.420138	26.009499	Al. Masa TĂCERII 1 Bl. K, sc. 1, Sector 6
17997	44.420043	26.009616	Al. Masa TĂCERII 1 Bl. K, sc. 2, Sector 6
17998	44.419816	26.007589	Al. Masa TĂCERII 6 Bl. J, sc. 1, Sector 6
17999	44.419849	26.007582	Al. Masa TĂCERII 6 Bl. J, sc. 2, Sector 6
18000	44.419898	26.007685	Al. Masa TĂCERII 7 Bl. N, sc. 1, Sector 6
18001	44.419811	26.007632	Al. Masa TĂCERII 7 Bl. N, sc. 2, Sector 6
18002	44.420083	26.007463	Al. Masa TĂCERII 8 Bl. M, sc. 1, Sector 6
18003	44.420178	26.007431	Al. Masa TĂCERII 8 Bl. M, sc. 2, Sector 6
18004	44.419227	26.003674	Al. Pasărea ÎN VĂZDUH 4 Bl. C 1.10, sc. A, Sector 6
18005	44.419253	26.003661	Al. Pasărea ÎN VĂZDUH 4 Bl. C 1.10, sc. B, Sector 6
18006	44.419808	26.011492	Al. Pasărea ÎN VĂZDUH 4 Bl. C 1.10, sc. C, Sector 6
18007	44.419882	26.011482	Al. Pasărea ÎN VĂZDUH 4 Bl. C 1.10, sc. D Adp. Nr.1, Sector 6
18008	44.419882	26.011482	Al. Pasărea ÎN VĂZDUH 4 Bl. C 1.10, sc. D Adp. Nr.2, Sector 6
18009	44.419823	26.011461	Al. Pasărea ÎN VĂZDUH 4 Bl. C 1.10, sc. E, Sector 6
18010	44.419778	26.011439	Al. Pasărea ÎN VĂZDUH 4 Bl. C 1.10, sc. F Adp. Nr.1, Sector 6
18011	44.419778	26.011439	Al. Pasărea ÎN VĂZDUH 4 Bl. C 1.10, sc. F Adp. Nr.2, Sector 6
18012	44.419191	26.003757	Al. Pasărea ÎN VĂZDUH 4 Bl. C 1.10, sc. G, Sector 6
18013	44.419236	26.00339	Al. Pasărea ÎN VĂZDUH 3 Bl. C 1.7, sc. A Adp. Nr. 1, Sector 6
18014	44.419236	26.00339	Al. Pasărea ÎN VĂZDUH 3 Bl. C 1.7, sc. A Adp. Nr. 2, Sector 6
18015	44.429088	26.034736	Bd. TIMIŞOARA 26 MALL PLAZA, Sector 6
18016	44.426517	25.999372	Valea CASCADELOR 12 Emeu Property Services Blue Mobile, Sector 6
18017	44.430996	26.003153	Valea CASCADELOR 16 Emeu Property Services Blue Mobile, Sector 6
18018	44.41912	26.035061	Str. BRAŞOV 23 Columbus Operaţional S.R.L., Sector 6
18019	44.436829	26.986456	Bd. Iuliu MANIU 492 ÷ 514 Metrou Cash &amp; Carry România S.R.L., Sector 6
18020	44.428799	26.048774	Bd. TIMIŞOARA 6 C B.C.R. S. 6, Sector 6
18021	44.43589	26.054123	Bd. Vasile MILEA 4 A Global Bussines Center, Sector 6
18022	44.433659	26.053878	Bd. Iuliu MANIU 7 FABERROM, Sector 6
18023	44.424251	26.977346	Bd. Timişoara 106 Cet -Vest, Sector 6
18024	44.444575	26.062967	Splaiul Independenţei 202 CARREFOUR ORHIDEEA, Sector 6
18025	44.432305	26.013119	Str. Hal Ancuţei 4 Şc. Gimnazială „ Ion Dumitriu ”, Sector 6
18026	44.440171	26.056519	Str. Econom CEZARESCU 47 Universitatea Artifex – corp A, Sector 6
18027	44.440152	26.056761	Str. Econom CEZARESCU 47 Universitatea Artifex - corp B, Sector 6
18028	44.428936	26.052316	Bd. Timisoara 4A Birouri, Sector 6
18029	44.429884	26.054177	Bd.Vasile Milea 4E Afi 1 Birouri, Sector 6
18030	44.430134	26.053933	Bd.Vasile Milea 4G Birouri, Sector 6
18031	44.430328	26.053944	Bd.Vasile Milea 4F Afi 2 Birouri, Sector 6
18032	44.430869	26.053888	Bd.Vasile Milea 4 Birouri, Sector 6
18033	44.441314	26.069017	Splaiul Independentei 202A Proprietar RAAPPS-SAIFI, Sector 6
18034	44.47083	26.088168	B-dul Aviatorilor 106 - Studio Sahia, Sector 1
18035	44.45639	26.077231	Str. Manolescu 22-24 Institutul National de Diabet, Sector 1
18036	44.453352	26.074683	B-dul Banu Manta 6 CTA Banu Manta, Sector 1
18037	44.45028	26.061645	Calea Giulesti 6K St. CF Corp A2, Sector 1
18038	44.436369	26.09779	Calea Victoriei 63/81 SC Buc. Sat Corp A2, Sector 1
18039	44.440938	26.09529	Calea Victoriei 35 Centr. Tel. Victoria, Sector 1
18040	44.448093	26.089152	Calea Victoriei 133 Sediu Firme, Sector 1
18041	44.450424	26.088014	Calea Victoriei 218 AVAPS, Sector 1
18042	44.443955	26.077294	Piata Garii de Nord 1 Ministerul Transporturilor, Sector 1
18043	44.447581	26.074813	Piata Garii de Nord 1 St. CF. Buc. Nord, Sector 1
18044	44.472376	26.056595	Str. Av. Popisteanu 46 Dir. San. Pub. Ilfov, Sector 1
18045	44.443533	26.097469	Str. George Enescu 27 UGIR 93, Sector 1
18046	44.454677	26.093408	Str. Londra nr. 16-20 BNR, Sector 1
18047	44.440698	26.093064	Str. Luterana 4 SC Buc. Sat. Corp F1, Sector 1
18048	44.456397	26.077207	Str. Manolescu 22 I.N.M.B., Sector 1
18049	44.471442	26.070985	Str. Marasti 59 Univ. St. Ec., Sector 1
18050	44.482652	26.028185	Str.Marmurei 13/15 Gradinita nr. 46, Sector 1
18051	44.481585	26.027247	Str.Marmurei 1 St. Buc. Triaj, Sector 1
18052	44.422784	26.102995	Str.Serban Voda 33 Univ. de Muzica, Sector 1
18053	44.453051	26.077279	Str.Vartejeanu 15 Gradinita 248, Sector 1
18054	44.469863	26.052361	Str.Vrancei 9 Integr. socio-prof., Sector 1
18055	44.448466	26.097835	Str. Stanislav Cihoschi 15 Administraţia Unităţilor de Învăţământ<br />Preuniversitar si Unităţilor Sanitare Publice Sector 1, Sector 1
18056	44.452973	26.091228	B-dul Iancu de Hunedoara 25-27 Administraţia Unităţilor De Învăţământ<br />Preuniversitar Şi Unităţilor Sanitare Publice Sector 1, Sector 1
18057	44.421009	26.102395	B-dul Mareşal Averescu 8-10 Institutul National de Cercetare -<br />Dezvoltare in Informatica, Sector 1
18058	44.490591	26.085799	B-dul Ficusului 20-26 Colegiul Agricol ,,Viceslav Harnaj", Sector 1
18059	44.468073	26.152845	Str. Balotului 42 Cresa, Sector 2
18060	44.463468	26.128281	Str. Lăptari 23 Scoala Generala nr. 30, Sector 2
18061	44.451174	26.106663	Str. Tunari 48/52 Scoala General nr. 24, Sector 2
18062	44.451192	26.145991	Str. Ziduri între Vii 1 Complex Comercial, Sector 2
18063	44.422441	26.160267	Al. Lunca Bradului 1A Cresa Titan, Sector 3
18064	44.421369	26.131862	Calea Dudesti 184 Depoul R.A.T.B., Sector 3
18065	44.432638	26.096632	Calea Victoriei 15 C.E.C. Central, Sector 3
18066	44.432752	26.099754	Str. Doamnei 8 B.N.R., Sector 3
18067	44.429285	26.110511	Str. Iulius Barach 20 Teatrul Everesc, Sector 3
18068	44.411415	26.166188	Str Patrioţilor 3 Grădiniţa Nr. 232, Sector 3
18069	44.413883	26.172725	Str. Plt. P.Ionescu 76 Gradinita 196, Sector 3
18070	44.404932	26.147576	Str. Releului 3/4 CET - SUD, Sector 3
18071	44.432642	26.099824	Str. Smârdan 5 Banca Agrigola, Sector 3
18072	44.427622	26.11679	Str. Traian 29 Spital CARITAS, Sector 3
18073	44.428794	26.171102	Str. Vasile Goldis 1A CASA DE COPII, Sector 3
18074	44.422813	26.14558	Str. Reconstrucţiei 6A Gradinita nr. 3, Sector 3
18075	44.429643	26.20261	Şos. Industriilor 46 Şcoala Gimnazială Nr. 55, Sector 3
18076	44.415369	26.18533	Str. Gura Ialomiţei 2 Şcoala Gimnazială Nr. 116, Sector 3
18077	44.413878	26.166517	Str. Pătulului 2 Şcoala Gimnazială Nr. 112, Sector 3
18078	44.413085	26.176296	Str. Plt. Petre Ionescu 76 Grădiniţa Nr. 196, Sector 3
18079	44.431611	26.164871	Bd. Lucreţiu Pătrăşcanu 3 Gradinita, Sector 3
18080	44.429326	26.10789	Str. Iulius Barach 2 Liceu, Sector 3
18081	44.42996	26.167564	Al. Barajul Uzului 3 P.M.B. Gradinita nr. 154, Sector 3
18082	44.424234	26.177673	Al. Cioplea 1 Locuinte sociale, Sector 3
18083	44.423449	26.178499	Al. Cioplea 2 Locuinte sociale, Sector 3
18084	44.425183	26.177398	Al. Cioplea 3 Locuinte sociale, Sector 3
18085	44.42314	26.168712	Str. Cozla 1 Gradinita, Sector 3
18086	44.423442	26.109502	Bd. Mircea Vodă 32 Direc. Venituri Impozite si Taxe, Sector 3
18087	44.427773	26.143994	Str. Şapte Drumuri 10 Gradinita, Sector 3
18088	44.429296	26.200207	Str. Industriilor 46 Gradinita, Sector 3
18089	44.419785	26.113393	Str. Nerva Traian 33 Gradinita, Sector 3
18090	44.411682	26.162083	Str. Patrioţilor 3 Gradinita, Sector 3
18091	44.414205	26.159486	Str. Firidei 9 Gradinita, Sector 3
18092	44.414026	26.157518	Str. Firidei 10 Gradinita, Sector 3
18093	44.427891	26.141561	Str. Ion Ţuculescu 42 Gradinita, Sector 3
18094	44.419964	26.11965	Str. Foişorului 9 Extindere Liceul Dante Alighieri, Sector 3
18095	44.43045	26.145529	Str.Gheorghe Petraşcu 49 Scoala de Muzica si Arte Plastice, Sector 3
18096	44.434295	26.099208	Parcaj Subteran Universitate Universitate Subsol PMB, Sector 3
18097	44.431771	26.100285	Str. Lipscani 84-90 ARCUM Centru de Proiectare Culturala, Sector 3
18098	44.429366	26.108508	Str. Iulius Barach 15 Teatrul Evreiesc, Sector 3
18099	44.427699	26.118075	Str. Maximilian Popper 17 Cămin pt. persoane Vârstnice ,, Acad. Nicolae<br />Cajal”, Sector 3
18100	44.415704	26.18378	Str. Gura Ialomiței 20 Scoala Gimnaziala nr. 116, Sector 3
18101	44.413944	26.163108	Str. Pătulului 2 Scoala Gimnaziala nr. 112, Sector 3
18102	44.429296	26.200207	Șos. Industriilor 46 Scoala Gimnaziala nr. 232, Sector 3
18103	44.411682	26.162083	Str. Patrioților 3 Gradinita nr. 232, Sector 3
18104	44.40491	26.171864	Str. Pazon Marin 2A Centrul de Recuperare, Sector 3
18105	44.428794	26.171102	Str. Vasile Goldiș 1A Casa Maxx (Azil Batrani), Sector 3
18106	44.39269	26.092059	Bd.C-tin Brâncoveanu 1 Spital Marie-Curie, Sector 4
18107	44.380331	26.117415	Str. Aliorului 5 Gradinita nr. 264, Sector 4
18108	44.379893	26.100233	Str. Costilei Berceni 11 Scoala, Sector 4
18109	44.421293	26.095134	Str. Ipotesti Vifornitei 2 Cresa, Sector 4
18110	44.38527	26.102906	Str. Izvorul Crisului 6 Scoala Gimnaziala nr. 129, Sector 4
18111	44.386232	26.104944	Str. Izvorul Muresului 6 Gradinita nr. 225, Sector 4
18112	44.377787	26.104004	Str. Izvorul Oltului 3 Gradinita nr. 167, Sector 4
18113	44.4186	26.045833	Str. Magura Tufisului 4 Gradinita, Sector 4
18114	44.382641	26.135497	Str. Popescu Eremia 27 Scoala 102, Sector 4
18115	44.385396	26.091714	Str. Spinis 1 Gradinita nr. 228, Sector 4
18116	44.405585	26.074569	Intr. Ferentari 72 Bloc 12A Camin, Sector 5
18117	44.384735	26.084243	Str.Baciului 10 Sc. Gimnaziala nr. 134, Sector 5
18118	44.402181	26.05938	Str.Garoafei 12 Gradinita nr. 185, Sector 5
18119	44.400538	26.053705	Str.Gutuilor 1 Sc. Gimnaziala 131, Sector 5
18120	44.38885	26.077233	Str. Soldat Tunsu Petre 9 Gradinita 245, Sector 5
18121	44.414514	26.015833	Al. Calatis 5 Grădiniţa Nr. 218, Sector 6
18122	44.413533	26.015866	Al. ISTRU 6 Şcoala Specială De Surzi NR. 2, Sector 6
18123	44.414161	26.022696	Al. POTAISA 3 Grădiniţa Nr.230, Sector 6
18124	44.446737	26.058073	Bd. Regiei 1 Pol. Basarab, Sector 6
18125	44.423996	25.967987	Bd. Timisoara 106 CET VEST, Sector 6
18126	44.427621	26.037737	Bd. TIMIŞOARA 39 Grădiniţa Nr. 272, Sector 6
18127	44.431909	26.010913	Str Hanul Ancutei 12 Scoala Gimnaziala nr. 157, Sector 6
18128	44.420122	26.022254	Str Pascani 6 Scoala Gimnaziala nr. 155, Sector 6
18129	44.452319	26.047781	Calea Crângaşi 29 Adm. Pieţelor S.6, Sector 6
18130	44.446567	26.058316	Bd. Regiei 6 ÷ 8 Primăria S. 6 / Direcţia Generală Investiţii, Sector 6
18131	44.421518	26.024996	Str. Hanul Ancuţei 4 Scoala Gimnaziala Ion Dumitriu, Sector 6
18132	44.421518	26.024996	Str. Paşcani 6 Şc. Gimnazială Nr. 169, Sector 6
18133	44.441191	26.05153	Splaiul Independentei 313 Universitatea Politehnica Buc.Cladire<br />Biblioteca Centala, Sector 6
18134	44.435048	26.047806	Splaiul Independentei 313 Universitatea Politehnica Buc.Cladire Precis, Sector 6
18135	44.434688	26.15714	Bd. Basarabiei nr. 49 ÷ 51 Spitalul Clinic Judetean de Urgenta Ilfov, Bucureşti
18136	44.573913	26.935711	Str. Studioului bl. D, Sc.A Consiliul Local Buftea, Buftea
18137	44.558165	26.948994	Str. Vlăsiei bl.B5 Consiliul Local Buftea Ansamblul ANL, Buftea
18138	44.558165	26.948994	Str. Vlăsiei bl.B6 Consiliul Local Buftea Ansamblul ANL, Buftea
18139	44.562771	26.944702	Str. Oltului nr.7, Bl. B1 Consiliul Local Buftea Ansamblul ANL, Buftea
18140	44.562771	26.944702	Str. Oltului, nr.7, Bl. B2 Consiliul Local Buftea Ansamblul ANL, Buftea
18141	44.562771	26.944702	Str. Oltului nr.7, Bl. B3Consiliul Local Buftea Ansamblul ANL, Buftea
18142	44.562771	26.944702	Str. Oltului nr.7, Bl. B4 Consiliul Local Buftea Ansamblul ANL, Buftea
18143	44.451805	26.180369	Str. Cuza Vodă nr. 23 Consiliul Local Dobroiesti, Dobroeşti
18144	44.425923	25.965856	Şoseaua de centură nr. 4K Cimitirul Vest -Administraţia cimitirelor şi<br />crematorului uman, Domneşti
18145	44.463069	25.941933	Str. Păcii nr. 41 Grădiniţa cu Program Prelungit Nr.2, Dragomireşti Deal
18146	44.386142	26.241976	Str. Libertăţii nr. 193 Căminul Cultural Glina, Glina
18147	44.386505	26.234597	Str. Libertăţii, nr.137 E Consiliul Local Grădiştea-Complex<br />multifuncţional, Grădiştea
18148	44.329492	26.077767	Şos. Giurgiului nr. 279 Primăria Comunei Jilava, Jilava
18149	44.350107	26.029168	Str. Călugăreni nr. 2 ÷ 4 Consiliul Local MĂGURELE, Măgurele
18150	44.64163	26.202752	Şos. Eroilor (Eternităţii) nr. 70 Grădiniţă nr. 1Moara Vlăsiei, Moara Vlăsiei
18151	44.534301	26.068758	Şos. Bucureşti Ploieşti nr.239 Academia Română, Otopeni
18152	45.616522	25.653407	Calea Bucureşti nr.257 Oficiul Român pt.Imigrări - Centru Cazare<br />OTOPENI, Otopeni
18153	44.572258	26.070712	Str. Calea Bucureştilor nr.224 EC.N. Aeroporturi BUCUREŞTI, Punct de<br />Lucru AIHCB, Otopeni

